{
    "Roll": [
        1.222115716350038,
        1.2275747450441707,
        1.2284893500627179,
        1.238687676267193,
        1.2477487759748613,
        1.2436184325177075,
        1.24157705972952
    ],
    "Pitch": [
        -0.27143630664965535,
        -0.271150292478161,
        -0.2647418674893966,
        -0.2678651849307965,
        -0.2689552404336482,
        -0.2730303020472071,
        -0.27642511950811494
    ],
    "Yaw": [
        169.06423010998392,
        169.0640115439305,
        169.08030837529014,
        169.04235984426157,
        168.98976738765245,
        168.96362142350966,
        168.9636077631313
    ],
    "Latitude": [
        52.2214634,
        52.2214633,
        52.2214448,
        52.2213223,
        52.2211745,
        52.2211057,
        52.2210641
    ],
    "Longitude": [
        21.0068417,
        21.0068392,
        21.006832,
        21.0068021,
        21.0067711,
        21.0067583,
        21.0067495
    ],
    "Altitude": [
        163.25,
        164.15,
        164.81,
        163.67,
        161.65,
        159.51,
        156.86
    ],
    "HDOP": [
        1.89,
        1.89,
        1.89,
        1.66,
        1.66,
        1.66,
        1.67
    ],
    "VDOP": [
        2.39,
        2.39,
        2.39,
        2.32,
        2.32,
        2.32,
        2.32
    ],
    "Satellites": [
        7,
        7,
        7,
        8,
        8,
        8,
        8
    ],
    "Flight_Mode": [
        "ALT_HOLD",
        "ALT_HOLD",
        "LOITER",
        "LOITER",
        "ALT_HOLD",
        "ALT_HOLD",
        "ALT_HOLD"
    ],
    "Voltage": [
        15.578,
        15.579,
        15.576,
        15.575,
        15.577,
        15.572,
        15.572
    ],
    "Current": [
        42.6,
        42.63,
        42.61,
        42.62,
        42.6,
        42.61,
        42.59
    ],
    "Armed": [
        false,
        false,
        false,
        false,
        false,
        false,
        false
    ]
}