{
    "Roll": [
        -0.8755894839040261,
        -0.8727165355843896,
        -0.8749643081515585,
        -0.882730660124686,
        -0.8811723097768653
    ],
    "Pitch": [
        0.6320337960029513,
        0.6259458562966486,
        0.6280119885205774,
        0.6328969077984588,
        0.631481191010415
    ],
    "Yaw": [
        -2.6100295790470813,
        -2.6170902871015818,
        -2.6153867952338983,
        -2.614182760949272,
        -2.626040396235237
    ],
    "Latitude": [
        0.0,
        0.0,
        0.0,
        0.0,
        0.0
    ],
    "Longitude": [
        0.0,
        0.0,
        0.0,
        0.0,
        0.0
    ],
    "Altitude": [
        -17.0,
        -17.0,
        -17.0,
        -17.0,
        -17.0
    ],
    "HDOP": [
        99.99,
        99.99,
        99.99,
        99.99,
        99.99
    ],
    "VDOP": [
        99.99,
        99.99,
        99.99,
        99.99,
        99.99
    ],
    "Satellites": [
        0,
        0,
        0,
        0,
        0
    ],
    "Flight_Mode": [
        "STABILIZE",
        "STABILIZE",
        "STABILIZE",
        "STABILIZE",
        "STABILIZE"
    ],
    "Voltage": [
        4.67,
        4.672,
        4.673,
        4.656,
        4.683
    ],
    "Current": [
        13.43,
        13.42,
        13.36,
        13.31,
        13.0
    ],
    "Armed": [
        false,
        false,
        false,
        false,
        false
    ]
}