{
    "Roll": [
        -0.8838305340244696,
        -0.8862894021256743,
        -0.8908701111812256,
        -0.8855814103295201,
        -0.8808154323927322
    ],
    "Pitch": [
        0.6283902102458668,
        0.6217220779860833,
        0.6299133424307797,
        0.6314740940169805,
        0.6343118775345621
    ],
    "Yaw": [
        -2.856811143948812,
        -3.0204712276421914,
        -3.0469847413397115,
        -2.9156455396856558,
        -2.809440153516777
    ],
    "Latitude": [
        0.0,
        0.0,
        0.0,
        0.0,
        0.0
    ],
    "Longitude": [
        0.0,
        0.0,
        0.0,
        0.0,
        0.0
    ],
    "Altitude": [
        -17.0,
        -17.0,
        -17.0,
        -17.0,
        -17.0
    ],
    "HDOP": [
        99.99,
        99.99,
        99.99,
        99.99,
        99.99
    ],
    "VDOP": [
        99.99,
        99.99,
        99.99,
        99.99,
        99.99
    ],
    "Satellites": [
        0,
        0,
        0,
        0,
        0
    ],
    "Flight_Mode": [
        "STABILIZE",
        "STABILIZE",
        "STABILIZE",
        "STABILIZE",
        "STABILIZE"
    ],
    "Voltage": [
        4.646,
        4.674,
        4.683,
        4.674,
        4.655
    ],
    "Current": [
        13.24,
        13.4,
        13.02,
        13.43,
        13.21
    ],
    "Armed": [
        false,
        false,
        false,
        false,
        false
    ]
}