{
    "Roll": [
        -0.8733829059152889,
        -0.8746586571862004,
        -0.8743685875898863,
        -0.8852941154975564,
        -0.8983224878959443
    ],
    "Pitch": [
        0.622962557733234,
        0.6246224537841056,
        0.6232197036833144,
        0.627210882036129,
        0.6318730731140445
    ],
    "Yaw": [
        -2.332038531950035,
        -2.242043105672301,
        -2.162972566972002,
        -2.1708400911222103,
        -2.223946092579529
    ],
    "Latitude": [
        0.0,
        0.0,
        0.0,
        0.0,
        0.0
    ],
    "Longitude": [
        0.0,
        0.0,
        0.0,
        0.0,
        0.0
    ],
    "Altitude": [
        -17.0,
        -17.0,
        -17.0,
        -17.0,
        -17.0
    ],
    "HDOP": [
        99.99,
        99.99,
        99.99,
        99.99,
        99.99
    ],
    "VDOP": [
        99.99,
        99.99,
        99.99,
        99.99,
        99.99
    ],
    "Satellites": [
        0,
        0,
        0,
        0,
        0
    ],
    "Flight_Mode": [
        "STABILIZE",
        "STABILIZE",
        "STABILIZE",
        "STABILIZE",
        "STABILIZE"
    ],
    "Voltage": [
        4.673,
        4.671,
        4.673,
        4.673,
        4.675
    ],
    "Current": [
        13.41,
        13.42,
        13.42,
        13.38,
        13.26
    ],
    "Armed": [
        false,
        false,
        false,
        false,
        false
    ]
}