{
    "Roll": [
        -0.8609244274257741,
        -0.8694546933688854,
        -0.8707110212893445,
        -0.8675776720076012,
        -0.8617760666379101
    ],
    "Pitch": [
        0.6177420520515228,
        0.6227064256393584,
        0.6256453813340209,
        0.627113178314486,
        0.6303219798422168
    ],
    "Yaw": [
        -2.3148194116090215,
        -2.2389912917737744,
        -2.165967391479641,
        -2.180373327656256,
        -2.2124498169893396
    ],
    "Latitude": [
        0.0,
        0.0,
        0.0,
        0.0,
        0.0
    ],
    "Longitude": [
        0.0,
        0.0,
        0.0,
        0.0,
        0.0
    ],
    "Altitude": [
        -17.0,
        -17.0,
        -17.0,
        -17.0,
        -17.0
    ],
    "HDOP": [
        99.99,
        99.99,
        99.99,
        99.99,
        99.99
    ],
    "VDOP": [
        99.99,
        99.99,
        99.99,
        99.99,
        99.99
    ],
    "Satellites": [
        0,
        0,
        0,
        0,
        0
    ],
    "Flight_Mode": [
        "STABILIZE",
        "STABILIZE",
        "STABILIZE",
        "STABILIZE",
        "STABILIZE"
    ],
    "Voltage": [
        4.654,
        4.643,
        4.676,
        4.67,
        4.672
    ],
    "Current": [
        13.33,
        13.23,
        13.22,
        13.46,
        13.35
    ],
    "Armed": [
        false,
        false,
        false,
        false,
        false
    ]
}