{
    "Roll": [
        -0.8772701373266725,
        -0.8786242223296274,
        -0.882615400682442,
        -0.8748729543714096,
        -0.8778078012803994
    ],
    "Pitch": [
        0.6313297529099111,
        0.6296956301509855,
        0.631644795385378,
        0.6327713497116069,
        0.6346010933572299
    ],
    "Yaw": [
        -2.2491287866059544,
        -2.2675974046782574,
        -2.298941569666269,
        -2.335071349384932,
        -2.3704154439056326
    ],
    "Latitude": [
        0.0,
        0.0,
        0.0,
        0.0,
        0.0
    ],
    "Longitude": [
        0.0,
        0.0,
        0.0,
        0.0,
        0.0
    ],
    "Altitude": [
        -17.0,
        -17.0,
        -17.0,
        -17.0,
        -17.0
    ],
    "HDOP": [
        99.99,
        99.99,
        99.99,
        99.99,
        99.99
    ],
    "VDOP": [
        99.99,
        99.99,
        99.99,
        99.99,
        99.99
    ],
    "Satellites": [
        0,
        0,
        0,
        0,
        0
    ],
    "Flight_Mode": [
        "STABILIZE",
        "STABILIZE",
        "STABILIZE",
        "STABILIZE",
        "STABILIZE"
    ],
    "Voltage": [
        4.672,
        4.673,
        4.658,
        4.673,
        4.681
    ],
    "Current": [
        13.44,
        13.34,
        13.27,
        13.34,
        13.05
    ],
    "Armed": [
        false,
        false,
        false,
        false,
        false
    ]
}