{
    "Roll": [
        -0.8732337089706065,
        -0.8774677859257797,
        -0.8791324310925587,
        -0.8757864921728987,
        -0.874248632392588
    ],
    "Pitch": [
        0.6368359525979992,
        0.6383743459868387,
        0.6367284304794244,
        0.6324718886051842,
        0.6306341408316276
    ],
    "Yaw": [
        -3.406019398033544,
        -3.369763046371824,
        -3.3446823782961257,
        -3.308971161107537,
        -3.2175437429816274
    ],
    "Latitude": [
        0.0,
        0.0,
        0.0,
        0.0,
        0.0
    ],
    "Longitude": [
        0.0,
        0.0,
        0.0,
        0.0,
        0.0
    ],
    "Altitude": [
        -17.0,
        -17.0,
        -17.0,
        -17.0,
        -17.0
    ],
    "HDOP": [
        99.99,
        99.99,
        99.99,
        99.99,
        99.99
    ],
    "VDOP": [
        99.99,
        99.99,
        99.99,
        99.99,
        99.99
    ],
    "Satellites": [
        0,
        0,
        0,
        0,
        0
    ],
    "Flight_Mode": [
        "STABILIZE",
        "STABILIZE",
        "STABILIZE",
        "STABILIZE",
        "STABILIZE"
    ],
    "Voltage": [
        4.665,
        4.667,
        4.668,
        4.668,
        4.661
    ],
    "Current": [
        13.38,
        13.42,
        13.41,
        13.4,
        13.35
    ],
    "Armed": [
        false,
        false,
        false,
        false,
        false
    ]
}