{
    "Roll": [
        0.6539985104349487,
        0.655960909160858,
        0.6482432222855667,
        0.6480630760462076,
        0.6535336306845647
    ],
    "Pitch": [
        0.3607017831402709,
        0.36256501072108277,
        0.35511231384124686,
        0.35438794026325526,
        0.3568765570399464
    ],
    "Yaw": [
        69.184386291839,
        68.95386740735108,
        68.700241992901,
        68.50345741272376,
        68.35599362854317
    ],
    "Latitude": [
        0.0,
        0.0,
        0.0,
        0.0,
        0.0
    ],
    "Longitude": [
        0.0,
        0.0,
        0.0,
        0.0,
        0.0
    ],
    "Altitude": [
        -17.0,
        -17.0,
        -17.0,
        -17.0,
        -17.0
    ],
    "HDOP": [
        99.99,
        99.99,
        99.99,
        99.99,
        99.99
    ],
    "VDOP": [
        99.99,
        99.99,
        99.99,
        99.99,
        99.99
    ],
    "Satellites": [
        0,
        0,
        0,
        0,
        0
    ],
    "Flight_Mode": [
        "STABILIZE",
        "STABILIZE",
        "STABILIZE",
        "STABILIZE",
        "STABILIZE"
    ],
    "Voltage": [
        4.613,
        4.627,
        4.624,
        4.624,
        4.625
    ],
    "Current": [
        12.91,
        13.07,
        13.04,
        13.03,
        13.06
    ],
    "Armed": [
        false,
        false,
        false,
        false,
        false
    ]
}