{
    "Roll": [
        0.6636124285785648,
        0.669728009206665,
        0.6750717784585537,
        0.6701847781074096,
        0.670685089464113
    ],
    "Pitch": [
        0.35890744442054096,
        0.36324549499757175,
        0.3575471695586506,
        0.3615612397173554,
        0.3599905630125169
    ],
    "Yaw": [
        68.41391363270489,
        68.46664952328656,
        68.4948377139912,
        68.48268680745775,
        68.49011122308555
    ],
    "Latitude": [
        0.0,
        0.0,
        0.0,
        0.0,
        0.0
    ],
    "Longitude": [
        0.0,
        0.0,
        0.0,
        0.0,
        0.0
    ],
    "Altitude": [
        -17.0,
        -17.0,
        -17.0,
        -17.0,
        -17.0
    ],
    "HDOP": [
        99.99,
        99.99,
        99.99,
        99.99,
        99.99
    ],
    "VDOP": [
        99.99,
        99.99,
        99.99,
        99.99,
        99.99
    ],
    "Satellites": [
        0,
        0,
        0,
        0,
        0
    ],
    "Flight_Mode": [
        "STABILIZE",
        "STABILIZE",
        "STABILIZE",
        "STABILIZE",
        "STABILIZE"
    ],
    "Voltage": [
        4.627,
        4.624,
        4.624,
        4.623,
        4.624
    ],
    "Current": [
        13.09,
        13.04,
        13.04,
        13.03,
        13.04
    ],
    "Armed": [
        false,
        false,
        false,
        false,
        false
    ]
}