{
    "Roll": [
        -0.872668937703611,
        -0.8739583493528625,
        -0.8820258699797053,
        -0.891619510999223,
        -0.8859651815835102
    ],
    "Pitch": [
        0.6281675887676068,
        0.626899841624629,
        0.6228471915692841,
        0.624238522447557,
        0.6234486217422155
    ],
    "Yaw": [
        -3.21395511890302,
        -3.2011220472262125,
        -3.2042609460366567,
        -3.1780868073635213,
        -3.1773380478757587
    ],
    "Latitude": [
        0.0,
        0.0,
        0.0,
        0.0,
        0.0
    ],
    "Longitude": [
        0.0,
        0.0,
        0.0,
        0.0,
        0.0
    ],
    "Altitude": [
        -17.0,
        -17.0,
        -17.0,
        -17.0,
        -17.0
    ],
    "HDOP": [
        99.99,
        99.99,
        99.99,
        99.99,
        99.99
    ],
    "VDOP": [
        99.99,
        99.99,
        99.99,
        99.99,
        99.99
    ],
    "Satellites": [
        0,
        0,
        0,
        0,
        0
    ],
    "Flight_Mode": [
        "STABILIZE",
        "STABILIZE",
        "STABILIZE",
        "STABILIZE",
        "STABILIZE"
    ],
    "Voltage": [
        4.625,
        4.642,
        4.67,
        4.622,
        4.646
    ],
    "Current": [
        13.05,
        13.21,
        13.42,
        13.03,
        13.25
    ],
    "Armed": [
        false,
        false,
        false,
        false,
        false
    ]
}