{
    "Roll": [
        0.6601059802134095,
        0.6530367344224464,
        0.6474590311914846,
        0.6540860222336895,
        0.6583886145239745
    ],
    "Pitch": [
        0.35388981670152037,
        0.35243093098348793,
        0.3515673656207309,
        0.347792378763403,
        0.343320659249881
    ],
    "Yaw": [
        68.86661857089334,
        68.820002529808,
        68.79129524472643,
        68.76201422375459,
        68.69778995498896
    ],
    "Latitude": [
        0.0,
        0.0,
        0.0,
        0.0,
        0.0
    ],
    "Longitude": [
        0.0,
        0.0,
        0.0,
        0.0,
        0.0
    ],
    "Altitude": [
        -17.0,
        -17.0,
        -17.0,
        -17.0,
        -17.0
    ],
    "HDOP": [
        99.99,
        99.99,
        99.99,
        99.99,
        99.99
    ],
    "VDOP": [
        99.99,
        99.99,
        99.99,
        99.99,
        99.99
    ],
    "Satellites": [
        0,
        0,
        0,
        0,
        0
    ],
    "Flight_Mode": [
        "STABILIZE",
        "STABILIZE",
        "STABILIZE",
        "STABILIZE",
        "STABILIZE"
    ],
    "Voltage": [
        4.624,
        4.628,
        4.624,
        4.629,
        4.625
    ],
    "Current": [
        13.06,
        13.1,
        13.02,
        13.09,
        13.05
    ],
    "Armed": [
        false,
        false,
        false,
        false,
        false
    ]
}