{
    "Roll": [
        -0.8592350228232537,
        -0.8566451004673495,
        -0.8506526766877212,
        -0.8529132558595838,
        -0.8562583410055976
    ],
    "Pitch": [
        0.625866028460724,
        0.6233271190801833,
        0.6262644205884061,
        0.6208440785126192,
        0.6228185367912819
    ],
    "Yaw": [
        -3.1384034082857473,
        -3.1470220398012456,
        -3.1413499945823733,
        -3.091362401367989,
        -2.9903114601449423
    ],
    "Latitude": [
        0.0,
        0.0,
        0.0,
        0.0,
        0.0
    ],
    "Longitude": [
        0.0,
        0.0,
        0.0,
        0.0,
        0.0
    ],
    "Altitude": [
        -17.0,
        -17.0,
        -17.0,
        -17.0,
        -17.0
    ],
    "HDOP": [
        99.99,
        99.99,
        99.99,
        99.99,
        99.99
    ],
    "VDOP": [
        99.99,
        99.99,
        99.99,
        99.99,
        99.99
    ],
    "Satellites": [
        0,
        0,
        0,
        0,
        0
    ],
    "Flight_Mode": [
        "STABILIZE",
        "STABILIZE",
        "STABILIZE",
        "STABILIZE",
        "STABILIZE"
    ],
    "Voltage": [
        4.666,
        4.636,
        4.677,
        4.657,
        4.666
    ],
    "Current": [
        13.41,
        13.16,
        13.19,
        13.32,
        13.41
    ],
    "Armed": [
        false,
        false,
        false,
        false,
        false
    ]
}