{
    "Roll": [
        0.6571950389665147,
        0.6620444732772237,
        0.6553876001574,
        0.6575164847443284,
        0.6503844865903657
    ],
    "Pitch": [
        0.35402575347425946,
        0.3501942841541468,
        0.34983327130391456,
        0.3534361960910963,
        0.35636431953262193
    ],
    "Yaw": [
        68.4236603126505,
        68.4410841252232,
        68.50790386587343,
        68.55640503916969,
        68.58595243751917
    ],
    "Latitude": [
        0.0,
        0.0,
        0.0,
        0.0,
        0.0
    ],
    "Longitude": [
        0.0,
        0.0,
        0.0,
        0.0,
        0.0
    ],
    "Altitude": [
        -17.0,
        -17.0,
        -17.0,
        -17.0,
        -17.0
    ],
    "HDOP": [
        99.99,
        99.99,
        99.99,
        99.99,
        99.99
    ],
    "VDOP": [
        99.99,
        99.99,
        99.99,
        99.99,
        99.99
    ],
    "Satellites": [
        0,
        0,
        0,
        0,
        0
    ],
    "Flight_Mode": [
        "STABILIZE",
        "STABILIZE",
        "STABILIZE",
        "STABILIZE",
        "STABILIZE"
    ],
    "Voltage": [
        4.627,
        4.623,
        4.625,
        4.621,
        4.623
    ],
    "Current": [
        13.07,
        13.04,
        13.06,
        13.0,
        13.04
    ],
    "Armed": [
        false,
        false,
        false,
        false,
        false
    ]
}