{
    "Roll": [
        -0.8801420184292512,
        -0.8785192081711385,
        -0.873751522687058,
        -0.8728354235646301,
        -0.8648475173303002
    ],
    "Pitch": [
        0.6333544771119968,
        0.6324386981546861,
        0.6308990241053771,
        0.626742106943484,
        0.628926753621683
    ],
    "Yaw": [
        -2.772334510520448,
        -2.760509958963275,
        -2.767358717710094,
        -2.7560095046304713,
        -2.7152503507584203
    ],
    "Latitude": [
        0.0,
        0.0,
        0.0,
        0.0,
        0.0
    ],
    "Longitude": [
        0.0,
        0.0,
        0.0,
        0.0,
        0.0
    ],
    "Altitude": [
        -17.0,
        -17.0,
        -17.0,
        -17.0,
        -17.0
    ],
    "HDOP": [
        99.99,
        99.99,
        99.99,
        99.99,
        99.99
    ],
    "VDOP": [
        99.99,
        99.99,
        99.99,
        99.99,
        99.99
    ],
    "Satellites": [
        0,
        0,
        0,
        0,
        0
    ],
    "Flight_Mode": [
        "STABILIZE",
        "STABILIZE",
        "STABILIZE",
        "STABILIZE",
        "STABILIZE"
    ],
    "Voltage": [
        4.653,
        4.669,
        4.667,
        4.656,
        4.668
    ],
    "Current": [
        13.2,
        13.36,
        13.41,
        13.27,
        13.42
    ],
    "Armed": [
        false,
        false,
        false,
        false,
        false
    ]
}