{
    "Roll": [
        -0.8821426235258303,
        -0.8870193785932193,
        -0.8830121919845375,
        -0.8805755219981355,
        -0.8845432215756782
    ],
    "Pitch": [
        0.6270902865085959,
        0.6366648777036316,
        0.6350051417353184,
        0.626434961874245,
        0.6285108057733999
    ],
    "Yaw": [
        -4.629123143935707,
        -4.522786490068717,
        -4.405314066533668,
        -4.288960513362031,
        -4.195374542014986
    ],
    "Latitude": [
        0.0,
        0.0,
        0.0,
        0.0,
        0.0
    ],
    "Longitude": [
        0.0,
        0.0,
        0.0,
        0.0,
        0.0
    ],
    "Altitude": [
        -17.0,
        -17.0,
        -17.0,
        -17.0,
        -17.0
    ],
    "HDOP": [
        99.99,
        99.99,
        99.99,
        99.99,
        99.99
    ],
    "VDOP": [
        99.99,
        99.99,
        99.99,
        99.99,
        99.99
    ],
    "Satellites": [
        0,
        0,
        0,
        0,
        0
    ],
    "Flight_Mode": [
        "STABILIZE",
        "STABILIZE",
        "STABILIZE",
        "STABILIZE",
        "STABILIZE"
    ],
    "Voltage": [
        4.647,
        4.672,
        4.682,
        4.671,
        4.669
    ],
    "Current": [
        13.22,
        13.39,
        13.03,
        13.41,
        13.44
    ],
    "Armed": [
        false,
        false,
        false,
        false,
        false
    ]
}