{
    "Roll": [
        0.6554909067685966,
        0.6512847909003381,
        0.6567758361062052,
        0.6607783269598326,
        0.6582592678165673
    ],
    "Pitch": [
        0.3562686168429624,
        0.3576388435039169,
        0.356586460763206,
        0.3596082325015548,
        0.3560153929155695
    ],
    "Yaw": [
        69.44456185770314,
        69.47672521850473,
        69.4438173670836,
        69.40439351519429,
        69.32696649076303
    ],
    "Latitude": [
        0.0,
        0.0,
        0.0,
        0.0,
        0.0
    ],
    "Longitude": [
        0.0,
        0.0,
        0.0,
        0.0,
        0.0
    ],
    "Altitude": [
        -17.0,
        -17.0,
        -17.0,
        -17.0,
        -17.0
    ],
    "HDOP": [
        99.99,
        99.99,
        99.99,
        99.99,
        99.99
    ],
    "VDOP": [
        99.99,
        99.99,
        99.99,
        99.99,
        99.99
    ],
    "Satellites": [
        0,
        0,
        0,
        0,
        0
    ],
    "Flight_Mode": [
        "STABILIZE",
        "STABILIZE",
        "STABILIZE",
        "STABILIZE",
        "STABILIZE"
    ],
    "Voltage": [
        4.621,
        4.625,
        4.621,
        4.624,
        4.623
    ],
    "Current": [
        13.02,
        13.03,
        13.01,
        13.04,
        13.04
    ],
    "Armed": [
        false,
        false,
        false,
        false,
        false
    ]
}