{
    "Roll": [
        -0.8756767822593554,
        -0.8733905898781051,
        -0.8709035472465743,
        -0.8675422404012818,
        -0.8706962936939467
    ],
    "Pitch": [
        0.6310371753535112,
        0.6228410017103488,
        0.6261020968739126,
        0.629828231870419,
        0.6352214132720846
    ],
    "Yaw": [
        -3.081531411274813,
        -3.068735692195029,
        -3.038317017839554,
        -3.006831339869676,
        -2.908636911823576
    ],
    "Latitude": [
        0.0,
        0.0,
        0.0,
        0.0,
        0.0
    ],
    "Longitude": [
        0.0,
        0.0,
        0.0,
        0.0,
        0.0
    ],
    "Altitude": [
        -17.0,
        -17.0,
        -17.0,
        -17.0,
        -17.0
    ],
    "HDOP": [
        99.99,
        99.99,
        99.99,
        99.99,
        99.99
    ],
    "VDOP": [
        99.99,
        99.99,
        99.99,
        99.99,
        99.99
    ],
    "Satellites": [
        0,
        0,
        0,
        0,
        0
    ],
    "Flight_Mode": [
        "STABILIZE",
        "STABILIZE",
        "STABILIZE",
        "STABILIZE",
        "STABILIZE"
    ],
    "Voltage": [
        4.672,
        4.672,
        4.633,
        4.623,
        4.622
    ],
    "Current": [
        13.36,
        13.4,
        13.12,
        13.04,
        13.01
    ],
    "Armed": [
        false,
        false,
        false,
        false,
        false
    ]
}