{
    "Roll": [
        -0.8719925355323682,
        -0.8745547102447693,
        -0.8705460295322064,
        -0.8753064579402937,
        -0.8839167651627411
    ],
    "Pitch": [
        0.6286116577853633,
        0.6326275955739193,
        0.6324253579414635,
        0.6327875714108857,
        0.629086035767562
    ],
    "Yaw": [
        -3.434708113538302,
        -3.378429275768101,
        -3.34438526506723,
        -3.320805104174819,
        -3.2853047690768546
    ],
    "Latitude": [
        0.0,
        0.0,
        0.0,
        0.0,
        0.0
    ],
    "Longitude": [
        0.0,
        0.0,
        0.0,
        0.0,
        0.0
    ],
    "Altitude": [
        -17.0,
        -17.0,
        -17.0,
        -17.0,
        -17.0
    ],
    "HDOP": [
        99.99,
        99.99,
        99.99,
        99.99,
        99.99
    ],
    "VDOP": [
        99.99,
        99.99,
        99.99,
        99.99,
        99.99
    ],
    "Satellites": [
        0,
        0,
        0,
        0,
        0
    ],
    "Flight_Mode": [
        "STABILIZE",
        "STABILIZE",
        "STABILIZE",
        "STABILIZE",
        "STABILIZE"
    ],
    "Voltage": [
        4.68,
        4.674,
        4.661,
        4.673,
        4.675
    ],
    "Current": [
        13.04,
        13.36,
        13.32,
        13.4,
        13.36
    ],
    "Armed": [
        false,
        false,
        false,
        false,
        false
    ]
}