{
    "Roll": [
        0.6714867829179433,
        0.677112297473095,
        0.6701036696110156,
        0.6597414188664601,
        0.658196942340391
    ],
    "Pitch": [
        0.35407540574787427,
        0.3547911882285505,
        0.34810968907511775,
        0.34460766966075235,
        0.35013865546500816
    ],
    "Yaw": [
        68.06069722996685,
        67.94939929744149,
        67.89639702948219,
        67.87154197109251,
        67.81650430676055
    ],
    "Latitude": [
        0.0,
        0.0,
        0.0,
        0.0,
        0.0
    ],
    "Longitude": [
        0.0,
        0.0,
        0.0,
        0.0,
        0.0
    ],
    "Altitude": [
        -17.0,
        -17.0,
        -17.0,
        -17.0,
        -17.0
    ],
    "HDOP": [
        99.99,
        99.99,
        99.99,
        99.99,
        99.99
    ],
    "VDOP": [
        99.99,
        99.99,
        99.99,
        99.99,
        99.99
    ],
    "Satellites": [
        0,
        0,
        0,
        0,
        0
    ],
    "Flight_Mode": [
        "STABILIZE",
        "STABILIZE",
        "STABILIZE",
        "STABILIZE",
        "STABILIZE"
    ],
    "Voltage": [
        4.619,
        4.624,
        4.624,
        4.623,
        4.622
    ],
    "Current": [
        13.01,
        13.03,
        13.02,
        13.02,
        13.01
    ],
    "Armed": [
        false,
        false,
        false,
        false,
        false
    ]
}