{
    "Roll": [
        -0.8716476109792826,
        -0.8698143455173688,
        -0.8792103379377791,
        -0.8733634825648366,
        -0.867656432626468
    ],
    "Pitch": [
        0.6199856624721661,
        0.6207520310413828,
        0.6169858220443554,
        0.6191464563387538,
        0.6222259111590774
    ],
    "Yaw": [
        -2.4660632786083756,
        -2.3660210709483755,
        -2.3376623389578945,
        -2.370241060638386,
        -2.4258577969459187
    ],
    "Latitude": [
        0.0,
        0.0,
        0.0,
        0.0,
        0.0
    ],
    "Longitude": [
        0.0,
        0.0,
        0.0,
        0.0,
        0.0
    ],
    "Altitude": [
        -17.0,
        -17.0,
        -17.0,
        -17.0,
        -17.0
    ],
    "HDOP": [
        99.99,
        99.99,
        99.99,
        99.99,
        99.99
    ],
    "VDOP": [
        99.99,
        99.99,
        99.99,
        99.99,
        99.99
    ],
    "Satellites": [
        0,
        0,
        0,
        0,
        0
    ],
    "Flight_Mode": [
        "STABILIZE",
        "STABILIZE",
        "STABILIZE",
        "STABILIZE",
        "STABILIZE"
    ],
    "Voltage": [
        4.672,
        4.67,
        4.652,
        4.67,
        4.67
    ],
    "Current": [
        13.41,
        13.42,
        13.28,
        13.42,
        13.39
    ],
    "Armed": [
        false,
        false,
        false,
        false,
        false
    ]
}