{
    "Roll": [
        -0.8705616109012505,
        -0.8701665271464476,
        -0.86481336638445,
        -0.8609442776630495,
        -0.858825211473053
    ],
    "Pitch": [
        0.633535050238179,
        0.6296355458306306,
        0.6274592234454824,
        0.6316960751650059,
        0.6287025313178363
    ],
    "Yaw": [
        -1.9957556622683383,
        -2.0460499736651387,
        -2.0961961553343147,
        -2.136934178308621,
        -2.127540960652561
    ],
    "Latitude": [
        0.0,
        0.0,
        0.0,
        0.0,
        0.0
    ],
    "Longitude": [
        0.0,
        0.0,
        0.0,
        0.0,
        0.0
    ],
    "Altitude": [
        -17.0,
        -17.0,
        -17.0,
        -17.0,
        -17.0
    ],
    "HDOP": [
        99.99,
        99.99,
        99.99,
        99.99,
        99.99
    ],
    "VDOP": [
        99.99,
        99.99,
        99.99,
        99.99,
        99.99
    ],
    "Satellites": [
        0,
        0,
        0,
        0,
        0
    ],
    "Flight_Mode": [
        "STABILIZE",
        "STABILIZE",
        "STABILIZE",
        "STABILIZE",
        "STABILIZE"
    ],
    "Voltage": [
        4.674,
        4.67,
        4.669,
        4.666,
        4.677
    ],
    "Current": [
        13.34,
        13.45,
        13.41,
        13.4,
        13.17
    ],
    "Armed": [
        false,
        false,
        false,
        false,
        false
    ]
}