{
    "Roll": [
        -0.9280190831901018,
        -0.883666822927801,
        -0.8975974206268651,
        -0.8907858010336582,
        -0.8836333123121856
    ],
    "Pitch": [
        0.6722436532553453,
        0.6511305780354838,
        0.6495584605876173,
        0.649280770709174,
        0.6372132671887895
    ],
    "Yaw": [
        -3.055794404708559,
        -2.7507135467027726,
        -2.5998133235960346,
        -2.2413805773228095,
        -1.9376627689432642
    ],
    "Latitude": [
        0.0,
        0.0,
        0.0,
        0.0,
        0.0
    ],
    "Longitude": [
        0.0,
        0.0,
        0.0,
        0.0,
        0.0
    ],
    "Altitude": [
        -17.0,
        -17.0,
        -17.0,
        -17.0,
        -17.0
    ],
    "HDOP": [
        99.99,
        99.99,
        99.99,
        99.99,
        99.99
    ],
    "VDOP": [
        99.99,
        99.99,
        99.99,
        99.99,
        99.99
    ],
    "Satellites": [
        0,
        0,
        0,
        0,
        0
    ],
    "Flight_Mode": [
        "STABILIZE",
        "STABILIZE",
        "STABILIZE",
        "STABILIZE",
        "STABILIZE"
    ],
    "Voltage": [
        4.623,
        4.627,
        4.628,
        4.627,
        4.624
    ],
    "Current": [
        13.06,
        13.08,
        13.09,
        13.08,
        13.05
    ],
    "Armed": [
        false,
        false,
        false,
        false,
        false
    ]
}