{
    "Roll": [
        0.28782886737939173,
        0.233780513260023,
        0.144997445559966,
        0.09637930527416899,
        -0.5480087021117487
    ],
    "Pitch": [
        0.8146147843577356,
        0.8150290780195792,
        0.7840806371166051,
        0.6996815370074915,
        0.6075528505528918
    ],
    "Yaw": [
        36.508839849673464,
        36.76156026405852,
        37.008673093134995,
        37.34355385304613,
        -11.038926977138868
    ],
    "Latitude": [
        0.0,
        0.0,
        0.0,
        0.0,
        0.0
    ],
    "Longitude": [
        0.0,
        0.0,
        0.0,
        0.0,
        0.0
    ],
    "Altitude": [
        -17.0,
        -17.0,
        -17.0,
        -17.0,
        -17.0
    ],
    "HDOP": [
        99.99,
        99.99,
        99.99,
        99.99,
        99.99
    ],
    "VDOP": [
        99.99,
        99.99,
        99.99,
        99.99,
        99.99
    ],
    "Satellites": [
        0,
        0,
        0,
        0,
        0
    ],
    "Flight_Mode": [
        "STABILIZE",
        "STABILIZE",
        "STABILIZE",
        "STABILIZE",
        "STABILIZE"
    ],
    "Voltage": [
        4.591,
        4.597,
        4.595,
        4.587,
        4.585
    ],
    "Current": [
        12.75,
        12.8,
        12.8,
        12.69,
        12.67
    ],
    "Armed": [
        false,
        false,
        false,
        false,
        false
    ]
}