{
    "Roll": [
        -0.8949451727947845,
        -0.9026445035366814,
        -0.8974132189626863,
        -0.8862428714619536,
        -0.8785535725604001
    ],
    "Pitch": [
        0.6268268439778744,
        0.6256779314542842,
        0.6224358861152025,
        0.6249642300468707,
        0.6269320715797749
    ],
    "Yaw": [
        -3.3345147879429153,
        -3.5362393024373646,
        -3.5220077495279964,
        -3.4891246575426167,
        -3.4689254402893615
    ],
    "Latitude": [
        0.0,
        0.0,
        0.0,
        0.0,
        0.0
    ],
    "Longitude": [
        0.0,
        0.0,
        0.0,
        0.0,
        0.0
    ],
    "Altitude": [
        -17.0,
        -17.0,
        -17.0,
        -17.0,
        -17.0
    ],
    "HDOP": [
        99.99,
        99.99,
        99.99,
        99.99,
        99.99
    ],
    "VDOP": [
        99.99,
        99.99,
        99.99,
        99.99,
        99.99
    ],
    "Satellites": [
        0,
        0,
        0,
        0,
        0
    ],
    "Flight_Mode": [
        "STABILIZE",
        "STABILIZE",
        "STABILIZE",
        "STABILIZE",
        "STABILIZE"
    ],
    "Voltage": [
        4.681,
        4.674,
        4.669,
        4.684,
        4.675
    ],
    "Current": [
        13.08,
        13.35,
        13.32,
        12.99,
        13.32
    ],
    "Armed": [
        false,
        false,
        false,
        false,
        false
    ]
}