{
    "Roll": [
        -0.8716469706490478,
        -0.8706098491122637,
        -0.8745293104787932,
        -0.8813042178052112,
        -0.8885233008710915
    ],
    "Pitch": [
        0.6215947056302331,
        0.6268632360795459,
        0.6308437422617824,
        0.6275710144322885,
        0.6256561068654519
    ],
    "Yaw": [
        -1.9946489581793847,
        -2.022670236136185,
        -2.0446442353565857,
        -2.105202400085211,
        -2.1501836780813877
    ],
    "Latitude": [
        0.0,
        0.0,
        0.0,
        0.0,
        0.0
    ],
    "Longitude": [
        0.0,
        0.0,
        0.0,
        0.0,
        0.0
    ],
    "Altitude": [
        -17.0,
        -17.0,
        -17.0,
        -17.0,
        -17.0
    ],
    "HDOP": [
        99.99,
        99.99,
        99.99,
        99.99,
        99.99
    ],
    "VDOP": [
        99.99,
        99.99,
        99.99,
        99.99,
        99.99
    ],
    "Satellites": [
        0,
        0,
        0,
        0,
        0
    ],
    "Flight_Mode": [
        "STABILIZE",
        "STABILIZE",
        "STABILIZE",
        "STABILIZE",
        "STABILIZE"
    ],
    "Voltage": [
        4.676,
        4.676,
        4.674,
        4.674,
        4.675
    ],
    "Current": [
        13.31,
        13.3,
        13.16,
        13.38,
        13.35
    ],
    "Armed": [
        false,
        false,
        false,
        false,
        false
    ]
}