{
    "Roll": [
        -0.8999822238642573,
        -0.9029832382308317,
        -0.9064843505106979,
        -0.9134737684657366,
        -0.91676826752321
    ],
    "Pitch": [
        0.6258970844771065,
        0.6321415849257905,
        0.6420395962501969,
        0.6406619257502641,
        0.640165883261792
    ],
    "Yaw": [
        -2.2223563660502084,
        -2.19020687907037,
        -2.2394015300107983,
        -2.299385318518908,
        -2.315861655787683
    ],
    "Latitude": [
        0.0,
        0.0,
        0.0,
        0.0,
        0.0
    ],
    "Longitude": [
        0.0,
        0.0,
        0.0,
        0.0,
        0.0
    ],
    "Altitude": [
        -17.0,
        -17.0,
        -17.0,
        -17.0,
        -17.0
    ],
    "HDOP": [
        99.99,
        99.99,
        99.99,
        99.99,
        99.99
    ],
    "VDOP": [
        99.99,
        99.99,
        99.99,
        99.99,
        99.99
    ],
    "Satellites": [
        0,
        0,
        0,
        0,
        0
    ],
    "Flight_Mode": [
        "STABILIZE",
        "STABILIZE",
        "STABILIZE",
        "STABILIZE",
        "STABILIZE"
    ],
    "Voltage": [
        4.672,
        4.671,
        4.674,
        4.674,
        4.661
    ],
    "Current": [
        13.42,
        13.41,
        13.36,
        13.34,
        13.17
    ],
    "Armed": [
        false,
        false,
        false,
        false,
        false
    ]
}