{
    "Roll": [
        -0.8921934603329156,
        -0.8890310827471997,
        -0.8857464020866582,
        -0.8814290822009755,
        -0.8801381764478431
    ],
    "Pitch": [
        0.6363258228443639,
        0.6385567333820192,
        0.6310728737640952,
        0.6266000603530888,
        0.6290339555751405
    ],
    "Yaw": [
        -3.4666548292771555,
        -3.3808729893870844,
        -3.3506037254197034,
        -3.331968834929793,
        -3.3107000527411965
    ],
    "Latitude": [
        0.0,
        0.0,
        0.0,
        0.0,
        0.0
    ],
    "Longitude": [
        0.0,
        0.0,
        0.0,
        0.0,
        0.0
    ],
    "Altitude": [
        -17.0,
        -17.0,
        -17.0,
        -17.0,
        -17.0
    ],
    "HDOP": [
        99.99,
        99.99,
        99.99,
        99.99,
        99.99
    ],
    "VDOP": [
        99.99,
        99.99,
        99.99,
        99.99,
        99.99
    ],
    "Satellites": [
        0,
        0,
        0,
        0,
        0
    ],
    "Flight_Mode": [
        "STABILIZE",
        "STABILIZE",
        "STABILIZE",
        "STABILIZE",
        "STABILIZE"
    ],
    "Voltage": [
        4.673,
        4.666,
        4.673,
        4.669,
        4.673
    ],
    "Current": [
        13.37,
        13.4,
        13.34,
        13.37,
        13.4
    ],
    "Armed": [
        false,
        false,
        false,
        false,
        false
    ]
}