{
    "Roll": [
        -0.864936950119745,
        -0.8700265082684623,
        -0.8743051948966521,
        -0.8735540875313623,
        -0.8762752775853777
    ],
    "Pitch": [
        0.6276853667400333,
        0.6291373689080428,
        0.6346493315682431,
        0.6335212831381332,
        0.630247701534993
    ],
    "Yaw": [
        -1.6456847750865014,
        -1.5918153932677281,
        -1.6152722905899617,
        -1.6420280625596058,
        -1.6858102154696222
    ],
    "Latitude": [
        0.0,
        0.0,
        0.0,
        0.0,
        0.0
    ],
    "Longitude": [
        0.0,
        0.0,
        0.0,
        0.0,
        0.0
    ],
    "Altitude": [
        -17.0,
        -17.0,
        -17.0,
        -17.0,
        -17.0
    ],
    "HDOP": [
        99.99,
        99.99,
        99.99,
        99.99,
        99.99
    ],
    "VDOP": [
        99.99,
        99.99,
        99.99,
        99.99,
        99.99
    ],
    "Satellites": [
        0,
        0,
        0,
        0,
        0
    ],
    "Flight_Mode": [
        "STABILIZE",
        "STABILIZE",
        "STABILIZE",
        "STABILIZE",
        "STABILIZE"
    ],
    "Voltage": [
        4.665,
        4.682,
        4.673,
        4.672,
        4.672
    ],
    "Current": [
        13.31,
        13.04,
        13.33,
        13.38,
        13.44
    ],
    "Armed": [
        false,
        false,
        false,
        false,
        false
    ]
}