{
    "Roll": [
        -0.883792754540623,
        -0.8897514542612245,
        -0.8800288934211229,
        -0.8653785645382687,
        -0.8707400495933171
    ],
    "Pitch": [
        0.6270300421056823,
        0.6306133300990002,
        0.6337416634605718,
        0.632255670429271,
        0.631190641166425
    ],
    "Yaw": [
        -3.902977558741325,
        -4.072840094531311,
        -4.252522734800483,
        -4.382079470524577,
        -4.537132875533506
    ],
    "Latitude": [
        0.0,
        0.0,
        0.0,
        0.0,
        0.0
    ],
    "Longitude": [
        0.0,
        0.0,
        0.0,
        0.0,
        0.0
    ],
    "Altitude": [
        -17.0,
        -17.0,
        -17.0,
        -17.0,
        -17.0
    ],
    "HDOP": [
        99.99,
        99.99,
        99.99,
        99.99,
        99.99
    ],
    "VDOP": [
        99.99,
        99.99,
        99.99,
        99.99,
        99.99
    ],
    "Satellites": [
        0,
        0,
        0,
        0,
        0
    ],
    "Flight_Mode": [
        "STABILIZE",
        "STABILIZE",
        "STABILIZE",
        "STABILIZE",
        "STABILIZE"
    ],
    "Voltage": [
        4.673,
        4.669,
        4.673,
        4.671,
        4.671
    ],
    "Current": [
        13.42,
        13.27,
        13.39,
        13.42,
        13.43
    ],
    "Armed": [
        false,
        false,
        false,
        false,
        false
    ]
}