{
    "Roll": [
        -0.8545085319176049,
        -0.8603109910609423,
        -0.864891059786259,
        -0.8657531577255615,
        -0.8573650450945512
    ],
    "Pitch": [
        0.6153592765265403,
        0.6154188272383664,
        0.620599525723821,
        0.6254560036671117,
        0.624220379757574
    ],
    "Yaw": [
        -2.0490119278873973,
        -2.0297744866466445,
        -2.0778526151011874,
        -2.1351803137958085,
        -2.1298265127035765
    ],
    "Latitude": [
        0.0,
        0.0,
        0.0,
        0.0,
        0.0
    ],
    "Longitude": [
        0.0,
        0.0,
        0.0,
        0.0,
        0.0
    ],
    "Altitude": [
        -17.0,
        -17.0,
        -17.0,
        -17.0,
        -17.0
    ],
    "HDOP": [
        99.99,
        99.99,
        99.99,
        99.99,
        99.99
    ],
    "VDOP": [
        99.99,
        99.99,
        99.99,
        99.99,
        99.99
    ],
    "Satellites": [
        0,
        0,
        0,
        0,
        0
    ],
    "Flight_Mode": [
        "STABILIZE",
        "STABILIZE",
        "STABILIZE",
        "STABILIZE",
        "STABILIZE"
    ],
    "Voltage": [
        4.672,
        4.673,
        4.671,
        4.672,
        4.67
    ],
    "Current": [
        13.39,
        13.4,
        13.38,
        13.41,
        13.42
    ],
    "Armed": [
        false,
        false,
        false,
        false,
        false
    ]
}