{
    "Roll": [
        -0.8679204621265713,
        -0.8686162876482663,
        -0.8639090066496581,
        -0.871740672306724,
        -0.867812673203732
    ],
    "Pitch": [
        0.6225871107722948,
        0.6224976779828499,
        0.6218154061177891,
        0.6115775395213218,
        0.6129111873176197
    ],
    "Yaw": [
        -3.1094769168205088,
        -3.147611570503982,
        -3.1547858304534344,
        -3.162160300322933,
        -3.173306955604982
    ],
    "Latitude": [
        0.0,
        0.0,
        0.0,
        0.0,
        0.0
    ],
    "Longitude": [
        0.0,
        0.0,
        0.0,
        0.0,
        0.0
    ],
    "Altitude": [
        -17.0,
        -17.0,
        -17.0,
        -17.0,
        -17.0
    ],
    "HDOP": [
        99.99,
        99.99,
        99.99,
        99.99,
        99.99
    ],
    "VDOP": [
        99.99,
        99.99,
        99.99,
        99.99,
        99.99
    ],
    "Satellites": [
        0,
        0,
        0,
        0,
        0
    ],
    "Flight_Mode": [
        "STABILIZE",
        "STABILIZE",
        "STABILIZE",
        "STABILIZE",
        "STABILIZE"
    ],
    "Voltage": [
        4.654,
        4.67,
        4.667,
        4.653,
        4.666
    ],
    "Current": [
        13.13,
        13.43,
        13.43,
        13.35,
        13.45
    ],
    "Armed": [
        false,
        false,
        false,
        false,
        false
    ]
}