{
    "Roll": [
        -0.883388919605946,
        -0.8905697963011566,
        -0.8973474783919249,
        -0.8972610338102419,
        -0.8823406990117606
    ],
    "Pitch": [
        0.63135760727512,
        0.6224865789254487,
        0.622309634337263,
        0.619221535058771,
        0.6215542581037419
    ],
    "Yaw": [
        -1.8771302174240263,
        -1.9572649849743777,
        -2.0265361232064123,
        -2.0893202892742275,
        -2.1664241603803855
    ],
    "Latitude": [
        0.0,
        0.0,
        0.0,
        0.0,
        0.0
    ],
    "Longitude": [
        0.0,
        0.0,
        0.0,
        0.0,
        0.0
    ],
    "Altitude": [
        -17.0,
        -17.0,
        -17.0,
        -17.0,
        -17.0
    ],
    "HDOP": [
        99.99,
        99.99,
        99.99,
        99.99,
        99.99
    ],
    "VDOP": [
        99.99,
        99.99,
        99.99,
        99.99,
        99.99
    ],
    "Satellites": [
        0,
        0,
        0,
        0,
        0
    ],
    "Flight_Mode": [
        "STABILIZE",
        "STABILIZE",
        "STABILIZE",
        "STABILIZE",
        "STABILIZE"
    ],
    "Voltage": [
        4.658,
        4.666,
        4.666,
        4.67,
        4.663
    ],
    "Current": [
        13.33,
        13.4,
        13.41,
        13.32,
        13.4
    ],
    "Armed": [
        false,
        false,
        false,
        false,
        false
    ]
}