{
    "Roll": [
        -0.8851378749202924,
        -0.8863094658063612,
        -0.8801535443734756,
        -0.8762865900861906,
        -0.8760808306374439
    ],
    "Pitch": [
        0.6330045366387393,
        0.6303232071418333,
        0.629848775798782,
        0.6353460108635843,
        0.6353594577985129
    ],
    "Yaw": [
        -3.2080254474863916,
        -3.2287177190203566,
        -3.23385316750256,
        -3.2115154607088563,
        -3.192229994700502
    ],
    "Latitude": [
        0.0,
        0.0,
        0.0,
        0.0,
        0.0
    ],
    "Longitude": [
        0.0,
        0.0,
        0.0,
        0.0,
        0.0
    ],
    "Altitude": [
        -17.0,
        -17.0,
        -17.0,
        -17.0,
        -17.0
    ],
    "HDOP": [
        99.99,
        99.99,
        99.99,
        99.99,
        99.99
    ],
    "VDOP": [
        99.99,
        99.99,
        99.99,
        99.99,
        99.99
    ],
    "Satellites": [
        0,
        0,
        0,
        0,
        0
    ],
    "Flight_Mode": [
        "STABILIZE",
        "STABILIZE",
        "STABILIZE",
        "STABILIZE",
        "STABILIZE"
    ],
    "Voltage": [
        4.673,
        4.677,
        4.668,
        4.671,
        4.674
    ],
    "Current": [
        13.36,
        13.24,
        13.4,
        13.45,
        13.34
    ],
    "Armed": [
        false,
        false,
        false,
        false,
        false
    ]
}