{
    "Roll": [
        -0.8785375643045329,
        -0.8851937970941219,
        -0.8907177125853697,
        -0.8844887935057296,
        -0.8715857123899293
    ],
    "Pitch": [
        0.6343664656870693,
        0.6286683270111333,
        0.62789352742716,
        0.6285334307750255,
        0.6300192637237678
    ],
    "Yaw": [
        -2.8377986720638466,
        -2.8232958325783826,
        -2.826138045046754,
        -2.8637595807688307,
        -2.8694132698543084
    ],
    "Latitude": [
        0.0,
        0.0,
        0.0,
        0.0,
        0.0
    ],
    "Longitude": [
        0.0,
        0.0,
        0.0,
        0.0,
        0.0
    ],
    "Altitude": [
        -17.0,
        -17.0,
        -17.0,
        -17.0,
        -17.0
    ],
    "HDOP": [
        99.99,
        99.99,
        99.99,
        99.99,
        99.99
    ],
    "VDOP": [
        99.99,
        99.99,
        99.99,
        99.99,
        99.99
    ],
    "Satellites": [
        0,
        0,
        0,
        0,
        0
    ],
    "Flight_Mode": [
        "STABILIZE",
        "STABILIZE",
        "STABILIZE",
        "STABILIZE",
        "STABILIZE"
    ],
    "Voltage": [
        4.672,
        4.671,
        4.673,
        4.654,
        4.674
    ],
    "Current": [
        13.45,
        13.45,
        13.36,
        13.26,
        13.36
    ],
    "Armed": [
        false,
        false,
        false,
        false,
        false
    ]
}