{
    "Roll": [
        -0.8511356991280881,
        -0.8548758680289047,
        -0.8513971673072526,
        -0.8448933331135194,
        -0.840079757295953
    ],
    "Pitch": [
        0.6305391051526292,
        0.6257975664864652,
        0.6214114644614064,
        0.625512993057999,
        0.6269234804824595
    ],
    "Yaw": [
        -2.466774685499115,
        -2.480217351559346,
        -2.5158444720437787,
        -2.524340160154217,
        -2.498307534462948
    ],
    "Latitude": [
        0.0,
        0.0,
        0.0,
        0.0,
        0.0
    ],
    "Longitude": [
        0.0,
        0.0,
        0.0,
        0.0,
        0.0
    ],
    "Altitude": [
        -17.0,
        -17.0,
        -17.0,
        -17.0,
        -17.0
    ],
    "HDOP": [
        99.99,
        99.99,
        99.99,
        99.99,
        99.99
    ],
    "VDOP": [
        99.99,
        99.99,
        99.99,
        99.99,
        99.99
    ],
    "Satellites": [
        0,
        0,
        0,
        0,
        0
    ],
    "Flight_Mode": [
        "STABILIZE",
        "STABILIZE",
        "STABILIZE",
        "STABILIZE",
        "STABILIZE"
    ],
    "Voltage": [
        4.671,
        4.64,
        4.658,
        4.669,
        4.661
    ],
    "Current": [
        13.39,
        13.23,
        13.36,
        13.45,
        13.37
    ],
    "Armed": [
        false,
        false,
        false,
        false,
        false
    ]
}