{
    "Roll": [
        1.7351704984974234,
        1.7290380558398097,
        1.7337654005191048,
        1.7432115521412324,
        1.758855460104912,
        1.7629708625232563,
        1.7691513299484716,
        1.7637125783784373
    ],
    "Pitch": [
        1.436673195799589,
        1.4484163186952508,
        1.4163738735863112,
        1.4281550961309368,
        1.4952188026005881,
        1.5008743059550644,
        1.5159201454795448,
        1.407913403638781
    ],
    "Yaw": [
        101.53787223916552,
        101.54322710747482,
        101.5042813688274,
        101.44884072333441,
        101.27637161660242,
        101.36034196225856,
        101.6511714171177,
        101.89605418943016
    ],
    "Latitude": [
        0.0,
        0.0,
        0.0,
        0.0,
        0.0,
        0.0,
        0.0,
        0.0
    ],
    "Longitude": [
        0.0,
        0.0,
        0.0,
        0.0,
        0.0,
        0.0,
        0.0,
        0.0
    ],
    "Altitude": [
        -17.0,
        -17.0,
        -17.0,
        -17.0,
        -17.0,
        -17.0,
        -17.0,
        -17.0
    ],
    "HDOP": [
        99.99,
        99.99,
        99.99,
        99.99,
        99.99,
        99.99,
        99.99,
        99.99
    ],
    "VDOP": [
        99.99,
        99.99,
        99.99,
        99.99,
        99.99,
        99.99,
        99.99,
        99.99
    ],
    "Satellites": [
        0,
        0,
        0,
        0,
        0,
        0,
        0,
        0
    ],
    "Flight_Mode": [
        "STABILIZE",
        "STABILIZE",
        "STABILIZE",
        "STABILIZE",
        "STABILIZE",
        "STABILIZE",
        "STABILIZE",
        "STABILIZE"
    ],
    "Voltage": [
        4.628,
        4.63,
        4.627,
        4.622,
        4.62,
        4.617,
        4.613,
        4.625
    ],
    "Current": [
        13.14,
        13.15,
        13.11,
        13.09,
        13.06,
        13.03,
        12.98,
        13.1
    ],
    "Armed": [
        false,
        false,
        false,
        false,
        false,
        true,
        false,
        false
    ]
}