{
    "Roll": [
        -0.8783211326852082,
        -0.8797420254759823,
        -0.8867320837612557,
        -0.8922340145811125,
        -0.8887962949944805
    ],
    "Pitch": [
        0.6347835341132633,
        0.6396793390051343,
        0.6441645321340113,
        0.6386672970692089,
        0.6414852837103681
    ],
    "Yaw": [
        -1.7000336575293507,
        -1.7736051468958487,
        -1.8414002172152202,
        -1.9206229410679634,
        -1.9807429064726503
    ],
    "Latitude": [
        0.0,
        0.0,
        0.0,
        0.0,
        0.0
    ],
    "Longitude": [
        0.0,
        0.0,
        0.0,
        0.0,
        0.0
    ],
    "Altitude": [
        -17.0,
        -17.0,
        -17.0,
        -17.0,
        -17.0
    ],
    "HDOP": [
        99.99,
        99.99,
        99.99,
        99.99,
        99.99
    ],
    "VDOP": [
        99.99,
        99.99,
        99.99,
        99.99,
        99.99
    ],
    "Satellites": [
        0,
        0,
        0,
        0,
        0
    ],
    "Flight_Mode": [
        "STABILIZE",
        "STABILIZE",
        "STABILIZE",
        "STABILIZE",
        "STABILIZE"
    ],
    "Voltage": [
        4.684,
        4.666,
        4.672,
        4.681,
        4.661
    ],
    "Current": [
        12.98,
        13.4,
        13.41,
        13.04,
        13.3
    ],
    "Armed": [
        false,
        false,
        false,
        false,
        false
    ]
}