{
    "Roll": [
        -0.849559419533696,
        -0.8537134552095331,
        -0.8632526681591022,
        -0.8596070546896079,
        -0.8563417973795187
    ],
    "Pitch": [
        0.6309511576586514,
        0.6315486391284688,
        0.6247939022044436,
        0.6273316376462207,
        0.6238245489508307
    ],
    "Yaw": [
        -2.937402253513085,
        -2.86929331465701,
        -2.8038712014656895,
        -2.756720057747564,
        -2.6974416997146697
    ],
    "Latitude": [
        0.0,
        0.0,
        0.0,
        0.0,
        0.0
    ],
    "Longitude": [
        0.0,
        0.0,
        0.0,
        0.0,
        0.0
    ],
    "Altitude": [
        -17.0,
        -17.0,
        -17.0,
        -17.0,
        -17.0
    ],
    "HDOP": [
        99.99,
        99.99,
        99.99,
        99.99,
        99.99
    ],
    "VDOP": [
        99.99,
        99.99,
        99.99,
        99.99,
        99.99
    ],
    "Satellites": [
        0,
        0,
        0,
        0,
        0
    ],
    "Flight_Mode": [
        "STABILIZE",
        "STABILIZE",
        "STABILIZE",
        "STABILIZE",
        "STABILIZE"
    ],
    "Voltage": [
        4.657,
        4.685,
        4.671,
        4.663,
        4.68
    ],
    "Current": [
        13.33,
        13.05,
        13.45,
        13.37,
        13.05
    ],
    "Armed": [
        false,
        false,
        false,
        false,
        false
    ]
}