{
    "Roll": [
        -0.8880202147500378,
        -0.8922794780277754,
        -0.897242464233436,
        -0.8945263968212981,
        -0.8928542811351143
    ],
    "Pitch": [
        0.6276228278204453,
        0.6204187391542273,
        0.616747725918757,
        0.6164796943546869,
        0.6284476798844302
    ],
    "Yaw": [
        -2.622463298100855,
        -2.626767811381844,
        -2.6443502124093374,
        -2.6664305064486964,
        -2.673904440947983
    ],
    "Latitude": [
        0.0,
        0.0,
        0.0,
        0.0,
        0.0
    ],
    "Longitude": [
        0.0,
        0.0,
        0.0,
        0.0,
        0.0
    ],
    "Altitude": [
        -17.0,
        -17.0,
        -17.0,
        -17.0,
        -17.0
    ],
    "HDOP": [
        99.99,
        99.99,
        99.99,
        99.99,
        99.99
    ],
    "VDOP": [
        99.99,
        99.99,
        99.99,
        99.99,
        99.99
    ],
    "Satellites": [
        0,
        0,
        0,
        0,
        0
    ],
    "Flight_Mode": [
        "STABILIZE",
        "STABILIZE",
        "STABILIZE",
        "STABILIZE",
        "STABILIZE"
    ],
    "Voltage": [
        4.682,
        4.675,
        4.675,
        4.663,
        4.673
    ],
    "Current": [
        13.01,
        13.36,
        13.35,
        13.31,
        13.4
    ],
    "Armed": [
        false,
        false,
        false,
        false,
        false
    ]
}