{
    "Roll": [
        -0.8856430954754618,
        -0.8882300296236041,
        -0.8843363949098737,
        -0.8880833939998605,
        -0.8955823013782997
    ],
    "Pitch": [
        0.6306215476703454,
        0.6299803103011575,
        0.6322618602882063,
        0.6323830427851211,
        0.6342417080130108
    ],
    "Yaw": [
        -3.3172999364701328,
        -3.6553204489653632,
        -3.9610358742337257,
        -3.980609061960867,
        -4.082783142415557
    ],
    "Latitude": [
        0.0,
        0.0,
        0.0,
        0.0,
        0.0
    ],
    "Longitude": [
        0.0,
        0.0,
        0.0,
        0.0,
        0.0
    ],
    "Altitude": [
        -17.0,
        -17.0,
        -17.0,
        -17.0,
        -17.0
    ],
    "HDOP": [
        99.99,
        99.99,
        99.99,
        99.99,
        99.99
    ],
    "VDOP": [
        99.99,
        99.99,
        99.99,
        99.99,
        99.99
    ],
    "Satellites": [
        0,
        0,
        0,
        0,
        0
    ],
    "Flight_Mode": [
        "STABILIZE",
        "STABILIZE",
        "STABILIZE",
        "STABILIZE",
        "STABILIZE"
    ],
    "Voltage": [
        4.674,
        4.672,
        4.652,
        4.673,
        4.674
    ],
    "Current": [
        13.36,
        13.41,
        13.3,
        13.39,
        13.34
    ],
    "Armed": [
        false,
        false,
        false,
        false,
        false
    ]
}