{
    "Roll": [
        -0.8889928763765299,
        -0.8912146088474882,
        -0.8885324789377887,
        -0.8902167608984316,
        -0.8883277867060999
    ],
    "Pitch": [
        0.6353831500171964,
        0.6297131325107337,
        0.6315577104734603,
        0.6290727489151922,
        0.6312186556141927
    ],
    "Yaw": [
        -2.552422056039901,
        -2.4910397862992313,
        -2.455193672874535,
        -2.4211246892945115,
        -2.4145741109936463
    ],
    "Latitude": [
        0.0,
        0.0,
        0.0,
        0.0,
        0.0
    ],
    "Longitude": [
        0.0,
        0.0,
        0.0,
        0.0,
        0.0
    ],
    "Altitude": [
        -17.0,
        -17.0,
        -17.0,
        -17.0,
        -17.0
    ],
    "HDOP": [
        99.99,
        99.99,
        99.99,
        99.99,
        99.99
    ],
    "VDOP": [
        99.99,
        99.99,
        99.99,
        99.99,
        99.99
    ],
    "Satellites": [
        0,
        0,
        0,
        0,
        0
    ],
    "Flight_Mode": [
        "STABILIZE",
        "STABILIZE",
        "STABILIZE",
        "STABILIZE",
        "STABILIZE"
    ],
    "Voltage": [
        4.671,
        4.669,
        4.671,
        4.663,
        4.675
    ],
    "Current": [
        13.44,
        13.39,
        13.42,
        13.33,
        13.36
    ],
    "Armed": [
        false,
        false,
        false,
        false,
        false
    ]
}