{
    "Roll": [
        -0.8695161650714155,
        -0.8536174056743299,
        -0.8520468890520501,
        -0.8615007246369939,
        -0.8646227614179245
    ],
    "Pitch": [
        0.6258381207346622,
        0.6276888351954711,
        0.6298913577593888,
        0.6250064384815074,
        0.6251871716902482
    ],
    "Yaw": [
        -2.335698019241281,
        -2.567245487529533,
        -2.80441889725976,
        -3.1267756515540355,
        -3.2343500637646785
    ],
    "Latitude": [
        0.0,
        0.0,
        0.0,
        0.0,
        0.0
    ],
    "Longitude": [
        0.0,
        0.0,
        0.0,
        0.0,
        0.0
    ],
    "Altitude": [
        -17.0,
        -17.0,
        -17.0,
        -17.0,
        -17.0
    ],
    "HDOP": [
        99.99,
        99.99,
        99.99,
        99.99,
        99.99
    ],
    "VDOP": [
        99.99,
        99.99,
        99.99,
        99.99,
        99.99
    ],
    "Satellites": [
        0,
        0,
        0,
        0,
        0
    ],
    "Flight_Mode": [
        "STABILIZE",
        "STABILIZE",
        "STABILIZE",
        "STABILIZE",
        "STABILIZE"
    ],
    "Voltage": [
        4.628,
        4.669,
        4.676,
        4.671,
        4.669
    ],
    "Current": [
        13.09,
        13.43,
        13.26,
        13.41,
        13.42
    ],
    "Armed": [
        false,
        false,
        false,
        false,
        false
    ]
}