{
    "Roll": [
        -0.8744330475001784,
        -0.878027221107486,
        -0.8808937661247758,
        -0.889775146479908,
        -0.8889395155236393
    ],
    "Pitch": [
        0.6351987882704588,
        0.6361771595082103,
        0.6313244701854749,
        0.6293356578373848,
        0.6204214071968718
    ],
    "Yaw": [
        -3.0669724361721076,
        -3.101632444558749,
        -3.11645032651968,
        -3.1189527370768437,
        -3.130864586989346
    ],
    "Latitude": [
        0.0,
        0.0,
        0.0,
        0.0,
        0.0
    ],
    "Longitude": [
        0.0,
        0.0,
        0.0,
        0.0,
        0.0
    ],
    "Altitude": [
        -17.0,
        -17.0,
        -17.0,
        -17.0,
        -17.0
    ],
    "HDOP": [
        99.99,
        99.99,
        99.99,
        99.99,
        99.99
    ],
    "VDOP": [
        99.99,
        99.99,
        99.99,
        99.99,
        99.99
    ],
    "Satellites": [
        0,
        0,
        0,
        0,
        0
    ],
    "Flight_Mode": [
        "STABILIZE",
        "STABILIZE",
        "STABILIZE",
        "STABILIZE",
        "STABILIZE"
    ],
    "Voltage": [
        4.656,
        4.666,
        4.675,
        4.664,
        4.676
    ],
    "Current": [
        13.28,
        13.24,
        13.28,
        13.21,
        13.29
    ],
    "Armed": [
        false,
        false,
        false,
        false,
        false
    ]
}