{
    "Roll": [
        -0.8738373269385064,
        -0.8803048757522737,
        -0.8833729113500788,
        -0.8807962224856916,
        -0.880621625775033
    ],
    "Pitch": [
        0.625867522564605,
        0.62163525987843,
        0.6221016870935479,
        0.6215910237313836,
        0.6293852834305731
    ],
    "Yaw": [
        -1.7192240344978535,
        -1.7697132197294108,
        -1.8108961654951201,
        -1.8328725125930476,
        -1.7834881104597398
    ],
    "Latitude": [
        0.0,
        0.0,
        0.0,
        0.0,
        0.0
    ],
    "Longitude": [
        0.0,
        0.0,
        0.0,
        0.0,
        0.0
    ],
    "Altitude": [
        -17.0,
        -17.0,
        -17.0,
        -17.0,
        -17.0
    ],
    "HDOP": [
        99.99,
        99.99,
        99.99,
        99.99,
        99.99
    ],
    "VDOP": [
        99.99,
        99.99,
        99.99,
        99.99,
        99.99
    ],
    "Satellites": [
        0,
        0,
        0,
        0,
        0
    ],
    "Flight_Mode": [
        "STABILIZE",
        "STABILIZE",
        "STABILIZE",
        "STABILIZE",
        "STABILIZE"
    ],
    "Voltage": [
        4.668,
        4.674,
        4.684,
        4.673,
        4.673
    ],
    "Current": [
        13.13,
        13.37,
        12.98,
        13.37,
        13.39
    ],
    "Armed": [
        false,
        false,
        false,
        false,
        false
    ]
}