{
    "Roll": [
        -0.8920299626796584,
        -0.890443651244923,
        -0.888601207716312,
        -0.891147801059669,
        -0.8928133000000943
    ],
    "Pitch": [
        0.6231862997894048,
        0.6241834540473737,
        0.6263448887545654,
        0.6186194645556049,
        0.6199918523311015
    ],
    "Yaw": [
        -2.3475283337705664,
        -2.23478432213187,
        -2.0986033701299207,
        -1.9620964900385154,
        -1.8893690626430428
    ],
    "Latitude": [
        0.0,
        0.0,
        0.0,
        0.0,
        0.0
    ],
    "Longitude": [
        0.0,
        0.0,
        0.0,
        0.0,
        0.0
    ],
    "Altitude": [
        -17.0,
        -17.0,
        -17.0,
        -17.0,
        -17.0
    ],
    "HDOP": [
        99.99,
        99.99,
        99.99,
        99.99,
        99.99
    ],
    "VDOP": [
        99.99,
        99.99,
        99.99,
        99.99,
        99.99
    ],
    "Satellites": [
        0,
        0,
        0,
        0,
        0
    ],
    "Flight_Mode": [
        "STABILIZE",
        "STABILIZE",
        "STABILIZE",
        "STABILIZE",
        "STABILIZE"
    ],
    "Voltage": [
        4.651,
        4.672,
        4.662,
        4.671,
        4.664
    ],
    "Current": [
        13.2,
        13.32,
        13.39,
        13.39,
        13.4
    ],
    "Armed": [
        false,
        false,
        false,
        false,
        false
    ]
}