{
    "Roll": [
        0.6576069847508311,
        0.6584996050979871,
        0.6578827536385704,
        0.6529586141338143,
        0.6521569206799841
    ],
    "Pitch": [
        0.35528024044529394,
        0.35310776004155386,
        0.35234053769869106,
        0.34819322549031817,
        0.3523843736393408
    ],
    "Yaw": [
        68.89083159150103,
        68.85788275894488,
        68.84080728601985,
        68.88362574192666,
        68.91313215914111
    ],
    "Latitude": [
        0.0,
        0.0,
        0.0,
        0.0,
        0.0
    ],
    "Longitude": [
        0.0,
        0.0,
        0.0,
        0.0,
        0.0
    ],
    "Altitude": [
        -17.0,
        -17.0,
        -17.0,
        -17.0,
        -17.0
    ],
    "HDOP": [
        99.99,
        99.99,
        99.99,
        99.99,
        99.99
    ],
    "VDOP": [
        99.99,
        99.99,
        99.99,
        99.99,
        99.99
    ],
    "Satellites": [
        0,
        0,
        0,
        0,
        0
    ],
    "Flight_Mode": [
        "STABILIZE",
        "STABILIZE",
        "STABILIZE",
        "STABILIZE",
        "STABILIZE"
    ],
    "Voltage": [
        4.625,
        4.625,
        4.624,
        4.625,
        4.623
    ],
    "Current": [
        13.05,
        13.04,
        13.02,
        13.04,
        13.03
    ],
    "Armed": [
        false,
        false,
        false,
        false,
        false
    ]
}