{
    "Roll": [
        2.9925302044081388,
        2.9980396057474,
        3.00415646703597,
        2.999963157772405,
        2.9928046926354086
    ],
    "Pitch": [
        1.6879112456913417,
        1.6790719136882872,
        1.6799121336779046,
        1.6797120304795643,
        1.6695090085200348
    ],
    "Yaw": [
        83.43491346672113,
        83.47209701656267,
        83.52173200126116,
        83.57726826940252,
        83.63634257553397
    ],
    "Latitude": [
        0.0,
        0.0,
        0.0,
        0.0,
        0.0
    ],
    "Longitude": [
        0.0,
        0.0,
        0.0,
        0.0,
        0.0
    ],
    "Altitude": [
        -17.0,
        -17.0,
        -17.0,
        -17.0,
        -17.0
    ],
    "HDOP": [
        99.99,
        99.99,
        99.99,
        99.99,
        99.99
    ],
    "VDOP": [
        99.99,
        99.99,
        99.99,
        99.99,
        99.99
    ],
    "Satellites": [
        0,
        0,
        0,
        0,
        0
    ],
    "Flight_Mode": [
        "STABILIZE",
        "STABILIZE",
        "STABILIZE",
        "STABILIZE",
        "STABILIZE"
    ],
    "Voltage": [
        4.654,
        4.645,
        4.656,
        4.654,
        4.656
    ],
    "Current": [
        13.57,
        13.45,
        13.59,
        13.56,
        13.57
    ],
    "Armed": [
        false,
        false,
        false,
        false,
        false
    ]
}