{
    "Roll": [
        -0.8660359702458824,
        -0.8595240252025099,
        -0.8582331194493775,
        -0.859882396690524,
        -0.8635265160561374
    ],
    "Pitch": [
        0.6165485832157688,
        0.6219694055392317,
        0.6178178244626276,
        0.6146425335505121,
        0.6168529535206575
    ],
    "Yaw": [
        -3.1809561271451616,
        -3.173564154915915,
        -3.1734885959482217,
        -3.1574784190903005,
        -3.13843926677889
    ],
    "Latitude": [
        0.0,
        0.0,
        0.0,
        0.0,
        0.0
    ],
    "Longitude": [
        0.0,
        0.0,
        0.0,
        0.0,
        0.0
    ],
    "Altitude": [
        -17.0,
        -17.0,
        -17.0,
        -17.0,
        -17.0
    ],
    "HDOP": [
        99.99,
        99.99,
        99.99,
        99.99,
        99.99
    ],
    "VDOP": [
        99.99,
        99.99,
        99.99,
        99.99,
        99.99
    ],
    "Satellites": [
        0,
        0,
        0,
        0,
        0
    ],
    "Flight_Mode": [
        "STABILIZE",
        "STABILIZE",
        "STABILIZE",
        "STABILIZE",
        "STABILIZE"
    ],
    "Voltage": [
        4.678,
        4.669,
        4.668,
        4.662,
        4.667
    ],
    "Current": [
        13.15,
        13.45,
        13.42,
        13.4,
        13.42
    ],
    "Armed": [
        false,
        false,
        false,
        false,
        false
    ]
}