{
    "Roll": [
        0.6547822746422077,
        0.6594067395971295,
        0.6679504524751692,
        0.6695529856091834,
        0.6685929171439735
    ],
    "Pitch": [
        0.34873846668515557,
        0.35283988856004245,
        0.35709136115325807,
        0.35650649952514923,
        0.35392169981112254
    ],
    "Yaw": [
        68.62605247813632,
        68.59692855151538,
        68.5526689256937,
        68.49008390232888,
        68.36041276093619
    ],
    "Latitude": [
        0.0,
        0.0,
        0.0,
        0.0,
        0.0
    ],
    "Longitude": [
        0.0,
        0.0,
        0.0,
        0.0,
        0.0
    ],
    "Altitude": [
        -17.0,
        -17.0,
        -17.0,
        -17.0,
        -17.0
    ],
    "HDOP": [
        99.99,
        99.99,
        99.99,
        99.99,
        99.99
    ],
    "VDOP": [
        99.99,
        99.99,
        99.99,
        99.99,
        99.99
    ],
    "Satellites": [
        0,
        0,
        0,
        0,
        0
    ],
    "Flight_Mode": [
        "STABILIZE",
        "STABILIZE",
        "STABILIZE",
        "STABILIZE",
        "STABILIZE"
    ],
    "Voltage": [
        4.626,
        4.621,
        4.625,
        4.625,
        4.624
    ],
    "Current": [
        13.05,
        13.02,
        13.06,
        13.04,
        13.05
    ],
    "Armed": [
        false,
        false,
        false,
        false,
        false
    ]
}