{
    "Roll": [
        -0.8805684783655539,
        -0.8805085007669047,
        -0.8862505554247698,
        -0.8917891985114155,
        -0.8958702365404981
    ],
    "Pitch": [
        0.6263857631678796,
        0.6271316411695862,
        0.6293455829560224,
        0.6343648648614826,
        0.6354722626415238
    ],
    "Yaw": [
        -3.519705762334291,
        -3.4967975213014797,
        -3.4977447831619957,
        -3.5049273674044987,
        -3.5051834994983744
    ],
    "Latitude": [
        0.0,
        0.0,
        0.0,
        0.0,
        0.0
    ],
    "Longitude": [
        0.0,
        0.0,
        0.0,
        0.0,
        0.0
    ],
    "Altitude": [
        -17.0,
        -17.0,
        -17.0,
        -17.0,
        -17.0
    ],
    "HDOP": [
        99.99,
        99.99,
        99.99,
        99.99,
        99.99
    ],
    "VDOP": [
        99.99,
        99.99,
        99.99,
        99.99,
        99.99
    ],
    "Satellites": [
        0,
        0,
        0,
        0,
        0
    ],
    "Flight_Mode": [
        "STABILIZE",
        "STABILIZE",
        "STABILIZE",
        "STABILIZE",
        "STABILIZE"
    ],
    "Voltage": [
        4.67,
        4.645,
        4.659,
        4.671,
        4.674
    ],
    "Current": [
        13.34,
        13.25,
        13.35,
        13.43,
        13.25
    ],
    "Armed": [
        false,
        false,
        false,
        false,
        false
    ]
}