{
    "Roll": [
        -0.894303775343038,
        -0.9003544691740231,
        -0.8971865420596065,
        -0.8954708839174639,
        -0.8921977292011468
    ],
    "Pitch": [
        0.6327892789581782,
        0.6263364577398086,
        0.6217816820587622,
        0.6221032879191346,
        0.6229629846200571
    ],
    "Yaw": [
        -3.081692987937366,
        -3.0697194528789224,
        -3.051580604877484,
        -3.052959662759592,
        -3.0422418152913724
    ],
    "Latitude": [
        0.0,
        0.0,
        0.0,
        0.0,
        0.0
    ],
    "Longitude": [
        0.0,
        0.0,
        0.0,
        0.0,
        0.0
    ],
    "Altitude": [
        -17.0,
        -17.0,
        -17.0,
        -17.0,
        -17.0
    ],
    "HDOP": [
        99.99,
        99.99,
        99.99,
        99.99,
        99.99
    ],
    "VDOP": [
        99.99,
        99.99,
        99.99,
        99.99,
        99.99
    ],
    "Satellites": [
        0,
        0,
        0,
        0,
        0
    ],
    "Flight_Mode": [
        "STABILIZE",
        "STABILIZE",
        "STABILIZE",
        "STABILIZE",
        "STABILIZE"
    ],
    "Voltage": [
        4.677,
        4.679,
        4.672,
        4.673,
        4.673
    ],
    "Current": [
        13.28,
        13.11,
        13.38,
        13.42,
        13.36
    ],
    "Armed": [
        false,
        false,
        false,
        false,
        false
    ]
}