{
    "Roll": [
        -0.8564728516342183,
        -0.8665544242925687,
        -0.8729195202687858,
        -0.8783414098093066,
        -0.8774261644605249
    ],
    "Pitch": [
        0.6254389815550395,
        0.6267453619555102,
        0.6313422393494875,
        0.6339067619394158,
        0.6380078102883324
    ],
    "Yaw": [
        -3.953088949134416,
        -3.7176352529711516,
        -3.6343803696305734,
        -3.687295979564778,
        -3.7040696435058598
    ],
    "Latitude": [
        0.0,
        0.0,
        0.0,
        0.0,
        0.0
    ],
    "Longitude": [
        0.0,
        0.0,
        0.0,
        0.0,
        0.0
    ],
    "Altitude": [
        -17.0,
        -17.0,
        -17.0,
        -17.0,
        -17.0
    ],
    "HDOP": [
        99.99,
        99.99,
        99.99,
        99.99,
        99.99
    ],
    "VDOP": [
        99.99,
        99.99,
        99.99,
        99.99,
        99.99
    ],
    "Satellites": [
        0,
        0,
        0,
        0,
        0
    ],
    "Flight_Mode": [
        "STABILIZE",
        "STABILIZE",
        "STABILIZE",
        "STABILIZE",
        "STABILIZE"
    ],
    "Voltage": [
        4.675,
        4.678,
        4.662,
        4.672,
        4.666
    ],
    "Current": [
        13.33,
        13.13,
        13.25,
        13.38,
        13.4
    ],
    "Armed": [
        false,
        false,
        false,
        false,
        false
    ]
}