{
    "Roll": [
        -0.865554228465985,
        -0.872164997808911,
        -0.8738469318920267,
        -0.8803368922640081,
        -0.8802476729179749
    ],
    "Pitch": [
        0.6338656740826899,
        0.6353535347438419,
        0.6355241293905336,
        0.6368412886832883,
        0.62928720618296
    ],
    "Yaw": [
        -1.9332935823085717,
        -1.8622882163575885,
        -1.80188671909305,
        -1.7535370906189993,
        -1.7207406566587136
    ],
    "Latitude": [
        0.0,
        0.0,
        0.0,
        0.0,
        0.0
    ],
    "Longitude": [
        0.0,
        0.0,
        0.0,
        0.0,
        0.0
    ],
    "Altitude": [
        -17.0,
        -17.0,
        -17.0,
        -17.0,
        -17.0
    ],
    "HDOP": [
        99.99,
        99.99,
        99.99,
        99.99,
        99.99
    ],
    "VDOP": [
        99.99,
        99.99,
        99.99,
        99.99,
        99.99
    ],
    "Satellites": [
        0,
        0,
        0,
        0,
        0
    ],
    "Flight_Mode": [
        "STABILIZE",
        "STABILIZE",
        "STABILIZE",
        "STABILIZE",
        "STABILIZE"
    ],
    "Voltage": [
        4.665,
        4.675,
        4.673,
        4.673,
        4.67
    ],
    "Current": [
        13.33,
        13.34,
        13.36,
        13.26,
        13.41
    ],
    "Armed": [
        false,
        false,
        false,
        false,
        false
    ]
}