{
    "Roll": [
        0.6691299407674657,
        0.6711657640269526,
        0.6738589929940533,
        0.680692597258651,
        0.6753279105524291
    ],
    "Pitch": [
        0.3484090434598347,
        0.3482674771171156,
        0.3500884162220116,
        0.35324668502205486,
        0.35095184818263636
    ],
    "Yaw": [
        68.53561394333617,
        68.60306889157923,
        68.66012829190551,
        68.70625255937061,
        68.69740063420628
    ],
    "Latitude": [
        0.0,
        0.0,
        0.0,
        0.0,
        0.0
    ],
    "Longitude": [
        0.0,
        0.0,
        0.0,
        0.0,
        0.0
    ],
    "Altitude": [
        -17.0,
        -17.0,
        -17.0,
        -17.0,
        -17.0
    ],
    "HDOP": [
        99.99,
        99.99,
        99.99,
        99.99,
        99.99
    ],
    "VDOP": [
        99.99,
        99.99,
        99.99,
        99.99,
        99.99
    ],
    "Satellites": [
        0,
        0,
        0,
        0,
        0
    ],
    "Flight_Mode": [
        "STABILIZE",
        "STABILIZE",
        "STABILIZE",
        "STABILIZE",
        "STABILIZE"
    ],
    "Voltage": [
        4.627,
        4.626,
        4.626,
        4.626,
        4.619
    ],
    "Current": [
        13.09,
        13.06,
        13.05,
        13.07,
        13.01
    ],
    "Armed": [
        false,
        false,
        false,
        false,
        false
    ]
}