{
    "Roll": [
        0.6586622489775981,
        0.648746521850032,
        0.6406553090045057,
        0.6476374698835512,
        0.6495793780419504
    ],
    "Pitch": [
        0.35622088556005166,
        0.3540585437183608,
        0.35175754370043344,
        0.3492869362115929,
        0.35251905643203696
    ],
    "Yaw": [
        68.63162591249905,
        68.61664047746004,
        68.5988136837263,
        68.56684156822148,
        68.6104318355045
    ],
    "Latitude": [
        0.0,
        0.0,
        0.0,
        0.0,
        0.0
    ],
    "Longitude": [
        0.0,
        0.0,
        0.0,
        0.0,
        0.0
    ],
    "Altitude": [
        -17.0,
        -17.0,
        -17.0,
        -17.0,
        -17.0
    ],
    "HDOP": [
        99.99,
        99.99,
        99.99,
        99.99,
        99.99
    ],
    "VDOP": [
        99.99,
        99.99,
        99.99,
        99.99,
        99.99
    ],
    "Satellites": [
        0,
        0,
        0,
        0,
        0
    ],
    "Flight_Mode": [
        "STABILIZE",
        "STABILIZE",
        "STABILIZE",
        "STABILIZE",
        "STABILIZE"
    ],
    "Voltage": [
        4.627,
        4.625,
        4.627,
        4.623,
        4.624
    ],
    "Current": [
        13.06,
        13.06,
        13.06,
        13.03,
        13.04
    ],
    "Armed": [
        false,
        false,
        false,
        false,
        false
    ]
}