{
    "Roll": [
        -0.8448205489101765,
        -0.8563095674243727,
        -0.8594211454781366,
        -0.8567671900987636,
        -0.8491651895525393
    ],
    "Pitch": [
        0.6258555697335575,
        0.622678304469885,
        0.6235387482227479,
        0.6286525321986777,
        0.6315526945532886
    ],
    "Yaw": [
        -3.309878509050091,
        -3.2786709478454794,
        -3.2253214074555676,
        -3.0907188694821266,
        -3.009041119509587
    ],
    "Latitude": [
        0.0,
        0.0,
        0.0,
        0.0,
        0.0
    ],
    "Longitude": [
        0.0,
        0.0,
        0.0,
        0.0,
        0.0
    ],
    "Altitude": [
        -17.0,
        -17.0,
        -17.0,
        -17.0,
        -17.0
    ],
    "HDOP": [
        99.99,
        99.99,
        99.99,
        99.99,
        99.99
    ],
    "VDOP": [
        99.99,
        99.99,
        99.99,
        99.99,
        99.99
    ],
    "Satellites": [
        0,
        0,
        0,
        0,
        0
    ],
    "Flight_Mode": [
        "STABILIZE",
        "STABILIZE",
        "STABILIZE",
        "STABILIZE",
        "STABILIZE"
    ],
    "Voltage": [
        4.671,
        4.67,
        4.665,
        4.68,
        4.668
    ],
    "Current": [
        13.31,
        13.4,
        13.36,
        13.08,
        13.47
    ],
    "Armed": [
        false,
        false,
        false,
        false,
        false
    ]
}