{
    "Roll": [
        2.271064152568862,
        0.550487687254493,
        0.5529871629647475,
        0.6623972418756844
    ],
    "Pitch": [
        0.8827427730382923,
        -2.3009199766480455,
        -2.0714601983682903,
        -1.6632689903829934
    ],
    "Yaw": [
        0.9653808582803063,
        154.17940375745025,
        154.86932116551324,
        155.07286080277962
    ],
    "Latitude": [
        52.2212114,
        52.2211745,
        52.2211453,
        52.2211355
    ],
    "Longitude": [
        21.0068082,
        21.006912,
        21.006992,
        21.0070392
    ],
    "Altitude": [
        140.25,
        140.56,
        142.25,
        145.3
    ],
    "HDOP": [
        2.84,
        2.84,
        2.84,
        2.84
    ],
    "VDOP": [
        3.66,
        3.67,
        3.67,
        3.67
    ],
    "Satellites": [
        6,
        6,
        6,
        6
    ],
    "Flight_Mode": [
        "ALT_HOLD",
        "ALT_HOLD",
        "ALT_HOLD",
        "ALT_HOLD"
    ],
    "Voltage": [
        15.592,
        15.593,
        15.59,
        15.589
    ],
    "Current": [
        42.89,
        42.91,
        42.87,
        42.87
    ],
    "Armed": [
        false,
        false,
        false,
        false
    ]
}