{
    "Roll": [
        3.923446781910207,
        3.92050681235934
    ],
    "Pitch": [
        2.660553768998135,
        2.6496305889679923
    ],
    "Yaw": [
        62.615479178335924,
        62.64713710513893
    ],
    "Latitude": [
        52.2211208,
        52.2211569
    ],
    "Longitude": [
        21.0069702,
        21.0070134
    ],
    "Altitude": [
        115.53,
        110.94
    ],
    "HDOP": [
        2.47,
        1.76
    ],
    "VDOP": [
        5.28,
        3.01
    ],
    "Satellites": [
        6,
        7
    ],
    "Flight_Mode": [
        "STABILIZE",
        "STABILIZE"
    ],
    "Voltage": [
        15.202,
        15.203
    ],
    "Current": [
        41.41,
        41.4
    ],
    "Armed": [
        false,
        false
    ]
}