{
    "Roll": [
        0.6724690494979557,
        0.67878868202751,
        0.6728925212264965,
        0.6614391477620314,
        0.6572074186843854
    ],
    "Pitch": [
        0.351372731909812,
        0.35327806120355465,
        0.3528446376759497,
        0.356089110933838,
        0.35145789583102555
    ],
    "Yaw": [
        68.7517621098104,
        68.80832973651644,
        68.95241940724704,
        69.03842514927584,
        69.12939643883124
    ],
    "Latitude": [
        0.0,
        0.0,
        0.0,
        0.0,
        0.0
    ],
    "Longitude": [
        0.0,
        0.0,
        0.0,
        0.0,
        0.0
    ],
    "Altitude": [
        -17.0,
        -17.0,
        -17.0,
        -17.0,
        -17.0
    ],
    "HDOP": [
        99.99,
        99.99,
        99.99,
        99.99,
        99.99
    ],
    "VDOP": [
        99.99,
        99.99,
        99.99,
        99.99,
        99.99
    ],
    "Satellites": [
        0,
        0,
        0,
        0,
        0
    ],
    "Flight_Mode": [
        "STABILIZE",
        "STABILIZE",
        "STABILIZE",
        "STABILIZE",
        "STABILIZE"
    ],
    "Voltage": [
        4.625,
        4.627,
        4.622,
        4.626,
        4.628
    ],
    "Current": [
        13.04,
        13.05,
        13.01,
        13.06,
        13.09
    ],
    "Armed": [
        false,
        false,
        false,
        false,
        false
    ]
}