{
    "Roll": [
        -0.8538278608781309,
        -0.8629935478574648,
        -0.8619585607547964,
        -0.8588973553461613,
        -0.8659392803804444
    ],
    "Pitch": [
        0.634890095736486,
        0.6356096134768645,
        0.6389685724446299,
        0.6361819086241176,
        0.6336245897493296
    ],
    "Yaw": [
        -2.9924881560560608,
        -2.9288551255404602,
        -2.862908368443518,
        -2.784004742491061,
        -2.733049183405239
    ],
    "Latitude": [
        0.0,
        0.0,
        0.0,
        0.0,
        0.0
    ],
    "Longitude": [
        0.0,
        0.0,
        0.0,
        0.0,
        0.0
    ],
    "Altitude": [
        -17.0,
        -17.0,
        -17.0,
        -17.0,
        -17.0
    ],
    "HDOP": [
        99.99,
        99.99,
        99.99,
        99.99,
        99.99
    ],
    "VDOP": [
        99.99,
        99.99,
        99.99,
        99.99,
        99.99
    ],
    "Satellites": [
        0,
        0,
        0,
        0,
        0
    ],
    "Flight_Mode": [
        "STABILIZE",
        "STABILIZE",
        "STABILIZE",
        "STABILIZE",
        "STABILIZE"
    ],
    "Voltage": [
        4.655,
        4.62,
        4.612,
        4.63,
        4.629
    ],
    "Current": [
        13.33,
        13.0,
        12.89,
        13.1,
        13.09
    ],
    "Armed": [
        false,
        false,
        false,
        false,
        false
    ]
}