{
    "Roll": [
        -0.8700781615740606,
        -0.8724992501914185,
        -0.879077149248964,
        -0.8835769632515329,
        -0.8889356735422311
    ],
    "Pitch": [
        0.6315406883613881,
        0.6239837777358566,
        0.6262948362745538,
        0.6320805934709365,
        0.6352230674585242
    ],
    "Yaw": [
        -3.1217469247776135,
        -3.0714553881451634,
        -2.9906779424825958,
        -2.8809340914368278,
        -2.827566835243756
    ],
    "Latitude": [
        0.0,
        0.0,
        0.0,
        0.0,
        0.0
    ],
    "Longitude": [
        0.0,
        0.0,
        0.0,
        0.0,
        0.0
    ],
    "Altitude": [
        -17.0,
        -17.0,
        -17.0,
        -17.0,
        -17.0
    ],
    "HDOP": [
        99.99,
        99.99,
        99.99,
        99.99,
        99.99
    ],
    "VDOP": [
        99.99,
        99.99,
        99.99,
        99.99,
        99.99
    ],
    "Satellites": [
        0,
        0,
        0,
        0,
        0
    ],
    "Flight_Mode": [
        "STABILIZE",
        "STABILIZE",
        "STABILIZE",
        "STABILIZE",
        "STABILIZE"
    ],
    "Voltage": [
        4.673,
        4.669,
        4.674,
        4.674,
        4.673
    ],
    "Current": [
        13.4,
        13.39,
        13.38,
        13.38,
        13.4
    ],
    "Armed": [
        false,
        false,
        false,
        false,
        false
    ]
}