{
    "Roll": [
        -0.8772577576088018,
        -0.8857869563348552,
        -0.8924856643633452,
        -0.8974168475006828,
        -0.8935554427420984
    ],
    "Pitch": [
        0.6351032189829315,
        0.6296881596315809,
        0.6282466695515908,
        0.6279444336808178,
        0.6308564421447703
    ],
    "Yaw": [
        -2.4062852495490126,
        -2.4888056741104023,
        -2.633242617271604,
        -2.8204689880356435,
        -3.031810622324882
    ],
    "Latitude": [
        0.0,
        0.0,
        0.0,
        0.0,
        0.0
    ],
    "Longitude": [
        0.0,
        0.0,
        0.0,
        0.0,
        0.0
    ],
    "Altitude": [
        -17.0,
        -17.0,
        -17.0,
        -17.0,
        -17.0
    ],
    "HDOP": [
        99.99,
        99.99,
        99.99,
        99.99,
        99.99
    ],
    "VDOP": [
        99.99,
        99.99,
        99.99,
        99.99,
        99.99
    ],
    "Satellites": [
        0,
        0,
        0,
        0,
        0
    ],
    "Flight_Mode": [
        "STABILIZE",
        "STABILIZE",
        "STABILIZE",
        "STABILIZE",
        "STABILIZE"
    ],
    "Voltage": [
        4.672,
        4.671,
        4.649,
        4.673,
        4.674
    ],
    "Current": [
        13.41,
        13.42,
        13.22,
        13.38,
        13.35
    ],
    "Armed": [
        false,
        false,
        false,
        false,
        false
    ]
}