{
    "Roll": [
        -0.8722313787099071,
        -0.8779648956313096,
        -0.8861173667359545,
        -0.8801793710262747,
        -0.8824907497300893
    ],
    "Pitch": [
        0.6361279608018451,
        0.6313202546780966,
        0.6285577099630908,
        0.6240468502639734,
        0.6082786648739115
    ],
    "Yaw": [
        -3.092439436822735,
        -3.2396436738148497,
        -3.4259767839014983,
        -3.5393331646879687,
        -3.5229787036071962
    ],
    "Latitude": [
        0.0,
        0.0,
        0.0,
        0.0,
        0.0
    ],
    "Longitude": [
        0.0,
        0.0,
        0.0,
        0.0,
        0.0
    ],
    "Altitude": [
        -17.0,
        -17.0,
        -17.0,
        -17.0,
        -17.0
    ],
    "HDOP": [
        99.99,
        99.99,
        99.99,
        99.99,
        99.99
    ],
    "VDOP": [
        99.99,
        99.99,
        99.99,
        99.99,
        99.99
    ],
    "Satellites": [
        0,
        0,
        0,
        0,
        0
    ],
    "Flight_Mode": [
        "STABILIZE",
        "STABILIZE",
        "STABILIZE",
        "STABILIZE",
        "STABILIZE"
    ],
    "Voltage": [
        4.623,
        4.671,
        4.672,
        4.682,
        4.672
    ],
    "Current": [
        13.05,
        13.46,
        13.45,
        13.0,
        13.42
    ],
    "Armed": [
        false,
        false,
        false,
        false,
        false
    ]
}