{
    "Roll": [
        -0.8743318753230975,
        -0.879909151667236,
        -0.8782479215950421,
        -0.873042036787023,
        -0.8708544552619149
    ],
    "Pitch": [
        0.6304377728929897,
        0.6260464948652005,
        0.6293158609609623,
        0.6307543094723376,
        0.6294398715830803
    ],
    "Yaw": [
        -3.139720567578502,
        -3.1405905629240323,
        -3.1262014887769314,
        -3.1350783868204206,
        -3.1194635071607135
    ],
    "Latitude": [
        0.0,
        0.0,
        0.0,
        0.0,
        0.0
    ],
    "Longitude": [
        0.0,
        0.0,
        0.0,
        0.0,
        0.0
    ],
    "Altitude": [
        -17.0,
        -17.0,
        -17.0,
        -17.0,
        -17.0
    ],
    "HDOP": [
        99.99,
        99.99,
        99.99,
        99.99,
        99.99
    ],
    "VDOP": [
        99.99,
        99.99,
        99.99,
        99.99,
        99.99
    ],
    "Satellites": [
        0,
        0,
        0,
        0,
        0
    ],
    "Flight_Mode": [
        "STABILIZE",
        "STABILIZE",
        "STABILIZE",
        "STABILIZE",
        "STABILIZE"
    ],
    "Voltage": [
        4.665,
        4.67,
        4.645,
        4.657,
        4.673
    ],
    "Current": [
        13.17,
        13.4,
        13.24,
        13.24,
        13.38
    ],
    "Armed": [
        false,
        false,
        false,
        false,
        false
    ]
}