{
    "Roll": [
        -0.8950873261068854,
        -0.8919317787103395,
        -0.8888312997139768,
        -0.8832102674704679,
        -0.881390235500071
    ],
    "Pitch": [
        0.6233288266274758,
        0.6299290305215296,
        0.6296282887546375,
        0.6274513794001074,
        0.6269727325496777
    ],
    "Yaw": [
        -1.7748811116101717,
        -1.802675819385598,
        -1.855268489438108,
        -1.9243374967593925,
        -1.9559832572879425
    ],
    "Latitude": [
        0.0,
        0.0,
        0.0,
        0.0,
        0.0
    ],
    "Longitude": [
        0.0,
        0.0,
        0.0,
        0.0,
        0.0
    ],
    "Altitude": [
        -17.0,
        -17.0,
        -17.0,
        -17.0,
        -17.0
    ],
    "HDOP": [
        99.99,
        99.99,
        99.99,
        99.99,
        99.99
    ],
    "VDOP": [
        99.99,
        99.99,
        99.99,
        99.99,
        99.99
    ],
    "Satellites": [
        0,
        0,
        0,
        0,
        0
    ],
    "Flight_Mode": [
        "STABILIZE",
        "STABILIZE",
        "STABILIZE",
        "STABILIZE",
        "STABILIZE"
    ],
    "Voltage": [
        4.654,
        4.674,
        4.675,
        4.674,
        4.647
    ],
    "Current": [
        13.3,
        13.35,
        13.34,
        13.32,
        13.3
    ],
    "Armed": [
        false,
        false,
        false,
        false,
        false
    ]
}