{
    "Roll": [
        -0.8705825283555837,
        -0.8644509394716163,
        -0.8715351263013889,
        -0.870761607377885,
        -0.8730403292397305
    ],
    "Pitch": [
        0.6403607570965489,
        0.6330673957234446,
        0.6252628373796473,
        0.6257112819873409,
        0.6216165302190654
    ],
    "Yaw": [
        -2.471690927597643,
        -2.3940901602293665,
        -2.2874141313379917,
        -2.210461805054043,
        -2.2364175911171493
    ],
    "Latitude": [
        0.0,
        0.0,
        0.0,
        0.0,
        0.0
    ],
    "Longitude": [
        0.0,
        0.0,
        0.0,
        0.0,
        0.0
    ],
    "Altitude": [
        -17.0,
        -17.0,
        -17.0,
        -17.0,
        -17.0
    ],
    "HDOP": [
        99.99,
        99.99,
        99.99,
        99.99,
        99.99
    ],
    "VDOP": [
        99.99,
        99.99,
        99.99,
        99.99,
        99.99
    ],
    "Satellites": [
        0,
        0,
        0,
        0,
        0
    ],
    "Flight_Mode": [
        "STABILIZE",
        "STABILIZE",
        "STABILIZE",
        "STABILIZE",
        "STABILIZE"
    ],
    "Voltage": [
        4.674,
        4.674,
        4.664,
        4.665,
        4.674
    ],
    "Current": [
        13.34,
        13.34,
        13.24,
        13.39,
        13.4
    ],
    "Armed": [
        false,
        false,
        false,
        false,
        false
    ]
}