{
    "Roll": [
        -0.8633576823175911,
        -0.867259854767784,
        -0.8679492769871322,
        -0.8640919276533675,
        -0.8643877602217936
    ],
    "Pitch": [
        0.6251741516421429,
        0.6251332772288286,
        0.6247447034980783,
        0.6206397598069007,
        0.6267695344218698
    ],
    "Yaw": [
        -2.5346859757560822,
        -2.5796845426685957,
        -2.613852563991584,
        -2.656096430234467,
        -2.691845640350314
    ],
    "Latitude": [
        0.0,
        0.0,
        0.0,
        0.0,
        0.0
    ],
    "Longitude": [
        0.0,
        0.0,
        0.0,
        0.0,
        0.0
    ],
    "Altitude": [
        -17.0,
        -17.0,
        -17.0,
        -17.0,
        -17.0
    ],
    "HDOP": [
        99.99,
        99.99,
        99.99,
        99.99,
        99.99
    ],
    "VDOP": [
        99.99,
        99.99,
        99.99,
        99.99,
        99.99
    ],
    "Satellites": [
        0,
        0,
        0,
        0,
        0
    ],
    "Flight_Mode": [
        "STABILIZE",
        "STABILIZE",
        "STABILIZE",
        "STABILIZE",
        "STABILIZE"
    ],
    "Voltage": [
        4.668,
        4.643,
        4.638,
        4.643,
        4.639
    ],
    "Current": [
        13.43,
        13.24,
        13.2,
        13.2,
        13.15
    ],
    "Armed": [
        false,
        false,
        false,
        false,
        false
    ]
}