{
    "Roll": [
        -0.8716251994210684,
        -0.8773429215300154,
        -0.8820574596046167,
        -0.8891136853474745,
        -0.890450481434093
    ],
    "Pitch": [
        0.6400649778889757,
        0.6460516920573447,
        0.6402833838598574,
        0.6390219332975207,
        0.6422330827027787
    ],
    "Yaw": [
        -3.101921446938005,
        -3.117637498774793,
        -3.1285818097026805,
        -3.142138241101275,
        -3.125334268195751
    ],
    "Latitude": [
        0.0,
        0.0,
        0.0,
        0.0,
        0.0
    ],
    "Longitude": [
        0.0,
        0.0,
        0.0,
        0.0,
        0.0
    ],
    "Altitude": [
        -17.0,
        -17.0,
        -17.0,
        -17.0,
        -17.0
    ],
    "HDOP": [
        99.99,
        99.99,
        99.99,
        99.99,
        99.99
    ],
    "VDOP": [
        99.99,
        99.99,
        99.99,
        99.99,
        99.99
    ],
    "Satellites": [
        0,
        0,
        0,
        0,
        0
    ],
    "Flight_Mode": [
        "STABILIZE",
        "STABILIZE",
        "STABILIZE",
        "STABILIZE",
        "STABILIZE"
    ],
    "Voltage": [
        4.674,
        4.654,
        4.671,
        4.67,
        4.671
    ],
    "Current": [
        13.38,
        13.26,
        13.41,
        13.42,
        13.43
    ],
    "Armed": [
        false,
        false,
        false,
        false,
        false
    ]
}