{
    "Roll": [
        -0.8610832293239769,
        -0.8616206798342922,
        -0.8555748952017732,
        -0.8504915269119911,
        -0.8509203347258211
    ],
    "Pitch": [
        0.6266043292213201,
        0.6284826312430736,
        0.6323538543985899,
        0.6275855819451276,
        0.6268492555360885
    ],
    "Yaw": [
        -2.3453204751213597,
        -2.3874074604567435,
        -2.4262765729194053,
        -2.4686367658215893,
        -2.503143521838729
    ],
    "Latitude": [
        0.0,
        0.0,
        0.0,
        0.0,
        0.0
    ],
    "Longitude": [
        0.0,
        0.0,
        0.0,
        0.0,
        0.0
    ],
    "Altitude": [
        -17.0,
        -17.0,
        -17.0,
        -17.0,
        -17.0
    ],
    "HDOP": [
        99.99,
        99.99,
        99.99,
        99.99,
        99.99
    ],
    "VDOP": [
        99.99,
        99.99,
        99.99,
        99.99,
        99.99
    ],
    "Satellites": [
        0,
        0,
        0,
        0,
        0
    ],
    "Flight_Mode": [
        "STABILIZE",
        "STABILIZE",
        "STABILIZE",
        "STABILIZE",
        "STABILIZE"
    ],
    "Voltage": [
        4.671,
        4.671,
        4.676,
        4.673,
        4.662
    ],
    "Current": [
        13.43,
        13.44,
        13.27,
        13.38,
        13.31
    ],
    "Armed": [
        false,
        false,
        false,
        false,
        false
    ]
}