{
    "Roll": [
        -0.8719020355258655,
        -0.8749999532012894,
        -0.873736368204837,
        -0.8663870846579034,
        -0.8675240977112989
    ],
    "Pitch": [
        0.6297752445434985,
        0.6189857868106998,
        0.6212710720574508,
        0.6307466788703742,
        0.6347608557507847
    ],
    "Yaw": [
        -2.6652930665084775,
        -2.6946511405518963,
        -2.7071324574864484,
        -2.7054669585460234,
        -2.730368120712597
    ],
    "Latitude": [
        0.0,
        0.0,
        0.0,
        0.0,
        0.0
    ],
    "Longitude": [
        0.0,
        0.0,
        0.0,
        0.0,
        0.0
    ],
    "Altitude": [
        -17.0,
        -17.0,
        -17.0,
        -17.0,
        -17.0
    ],
    "HDOP": [
        99.99,
        99.99,
        99.99,
        99.99,
        99.99
    ],
    "VDOP": [
        99.99,
        99.99,
        99.99,
        99.99,
        99.99
    ],
    "Satellites": [
        0,
        0,
        0,
        0,
        0
    ],
    "Flight_Mode": [
        "STABILIZE",
        "STABILIZE",
        "STABILIZE",
        "STABILIZE",
        "STABILIZE"
    ],
    "Voltage": [
        4.675,
        4.674,
        4.681,
        4.671,
        4.673
    ],
    "Current": [
        13.36,
        13.32,
        13.06,
        13.37,
        13.39
    ],
    "Armed": [
        false,
        false,
        false,
        false,
        false
    ]
}