{
    "Roll": [
        -0.8725763032629927,
        -0.8733274106282826,
        -0.876298116030415,
        -0.8866949446076438,
        -0.8887559541896951
    ],
    "Pitch": [
        0.6250566510440775,
        0.6297426944232352,
        0.6367029773525955,
        0.6379482062156534,
        0.6389917844156373
    ],
    "Yaw": [
        -4.590193626987573,
        -4.5044521279022876,
        -4.414356810107941,
        -4.31215797021751,
        -4.238025658287131
    ],
    "Latitude": [
        0.0,
        0.0,
        0.0,
        0.0,
        0.0
    ],
    "Longitude": [
        0.0,
        0.0,
        0.0,
        0.0,
        0.0
    ],
    "Altitude": [
        -17.0,
        -17.0,
        -17.0,
        -17.0,
        -17.0
    ],
    "HDOP": [
        99.99,
        99.99,
        99.99,
        99.99,
        99.99
    ],
    "VDOP": [
        99.99,
        99.99,
        99.99,
        99.99,
        99.99
    ],
    "Satellites": [
        0,
        0,
        0,
        0,
        0
    ],
    "Flight_Mode": [
        "STABILIZE",
        "STABILIZE",
        "STABILIZE",
        "STABILIZE",
        "STABILIZE"
    ],
    "Voltage": [
        4.672,
        4.662,
        4.681,
        4.673,
        4.67
    ],
    "Current": [
        13.4,
        13.33,
        13.03,
        13.4,
        13.43
    ],
    "Armed": [
        false,
        false,
        false,
        false,
        false
    ]
}