{
    "Roll": [
        -0.8723336181040457,
        -0.8755619497039345,
        -0.8755137114929213,
        -0.881147550341124,
        -0.8819784855423384
    ],
    "Pitch": [
        0.6376953824946572,
        0.6349154955024621,
        0.628601572584167,
        0.6304632260198186,
        0.6354741836322279
    ],
    "Yaw": [
        -2.625477545958946,
        -2.7994196256741337,
        -3.023595825744061,
        -3.245276872332818,
        -3.4495076393658386
    ],
    "Latitude": [
        0.0,
        0.0,
        0.0,
        0.0,
        0.0
    ],
    "Longitude": [
        0.0,
        0.0,
        0.0,
        0.0,
        0.0
    ],
    "Altitude": [
        -17.0,
        -17.0,
        -17.0,
        -17.0,
        -17.0
    ],
    "HDOP": [
        99.99,
        99.99,
        99.99,
        99.99,
        99.99
    ],
    "VDOP": [
        99.99,
        99.99,
        99.99,
        99.99,
        99.99
    ],
    "Satellites": [
        0,
        0,
        0,
        0,
        0
    ],
    "Flight_Mode": [
        "STABILIZE",
        "STABILIZE",
        "STABILIZE",
        "STABILIZE",
        "STABILIZE"
    ],
    "Voltage": [
        4.672,
        4.673,
        4.674,
        4.674,
        4.647
    ],
    "Current": [
        13.38,
        13.37,
        13.36,
        13.33,
        13.23
    ],
    "Armed": [
        false,
        false,
        false,
        false,
        false
    ]
}