{
    "Roll": [
        -0.8848230458882371,
        -0.8710950059867462,
        -0.8689394409733725,
        -0.8861589882012093,
        -0.8852836567703899
    ],
    "Pitch": [
        0.6328758302615669,
        0.6339210626479904,
        0.6359268971081528,
        0.6426589023088466,
        0.6402206314968578
    ],
    "Yaw": [
        -1.8599595487374372,
        -1.9463228084806057,
        -2.025157278767716,
        -2.099638570676001,
        -2.1754122624412995
    ],
    "Latitude": [
        0.0,
        0.0,
        0.0,
        0.0,
        0.0
    ],
    "Longitude": [
        0.0,
        0.0,
        0.0,
        0.0,
        0.0
    ],
    "Altitude": [
        -17.0,
        -17.0,
        -17.0,
        -17.0,
        -17.0
    ],
    "HDOP": [
        99.99,
        99.99,
        99.99,
        99.99,
        99.99
    ],
    "VDOP": [
        99.99,
        99.99,
        99.99,
        99.99,
        99.99
    ],
    "Satellites": [
        0,
        0,
        0,
        0,
        0
    ],
    "Flight_Mode": [
        "STABILIZE",
        "STABILIZE",
        "STABILIZE",
        "STABILIZE",
        "STABILIZE"
    ],
    "Voltage": [
        4.647,
        4.672,
        4.68,
        4.674,
        4.675
    ],
    "Current": [
        13.15,
        13.43,
        13.05,
        13.37,
        13.23
    ],
    "Armed": [
        false,
        false,
        false,
        false,
        false
    ]
}