{
    "Roll": [
        -0.8892805980953167,
        -0.891870520451221,
        -0.8950849782293582,
        -0.8839468606837715,
        -0.8762475299418746
    ],
    "Pitch": [
        0.6306852605286969,
        0.6336355820850251,
        0.6309249041190291,
        0.6348897222105158,
        0.6352463327903846
    ],
    "Yaw": [
        -3.1547634188952203,
        -3.2166748148531545,
        -3.3399061550755826,
        -3.4910042402248394,
        -3.4524399249538895
    ],
    "Latitude": [
        0.0,
        0.0,
        0.0,
        0.0,
        0.0
    ],
    "Longitude": [
        0.0,
        0.0,
        0.0,
        0.0,
        0.0
    ],
    "Altitude": [
        -17.0,
        -17.0,
        -17.0,
        -17.0,
        -17.0
    ],
    "HDOP": [
        99.99,
        99.99,
        99.99,
        99.99,
        99.99
    ],
    "VDOP": [
        99.99,
        99.99,
        99.99,
        99.99,
        99.99
    ],
    "Satellites": [
        0,
        0,
        0,
        0,
        0
    ],
    "Flight_Mode": [
        "STABILIZE",
        "STABILIZE",
        "STABILIZE",
        "STABILIZE",
        "STABILIZE"
    ],
    "Voltage": [
        4.674,
        4.657,
        4.672,
        4.679,
        4.677
    ],
    "Current": [
        13.37,
        13.23,
        13.33,
        13.18,
        13.27
    ],
    "Armed": [
        false,
        false,
        false,
        false,
        false
    ]
}