{
    "Roll": [
        -0.8840307439445156,
        -0.884249309997956,
        -0.8796972023595542,
        -0.8760396360590124,
        -0.8670809891888943
    ],
    "Pitch": [
        0.6210608836579142,
        0.6265049179523847,
        0.6296153754282379,
        0.6337720791467195,
        0.6331505319322484
    ],
    "Yaw": [
        -2.0452218132282747,
        -2.004093829141043,
        -2.016605241596625,
        -2.030195183610835,
        -1.9719061357905348
    ],
    "Latitude": [
        0.0,
        0.0,
        0.0,
        0.0,
        0.0
    ],
    "Longitude": [
        0.0,
        0.0,
        0.0,
        0.0,
        0.0
    ],
    "Altitude": [
        -17.0,
        -17.0,
        -17.0,
        -17.0,
        -17.0
    ],
    "HDOP": [
        99.99,
        99.99,
        99.99,
        99.99,
        99.99
    ],
    "VDOP": [
        99.99,
        99.99,
        99.99,
        99.99,
        99.99
    ],
    "Satellites": [
        0,
        0,
        0,
        0,
        0
    ],
    "Flight_Mode": [
        "STABILIZE",
        "STABILIZE",
        "STABILIZE",
        "STABILIZE",
        "STABILIZE"
    ],
    "Voltage": [
        4.677,
        4.676,
        4.672,
        4.659,
        4.671
    ],
    "Current": [
        13.17,
        13.3,
        13.29,
        13.18,
        13.41
    ],
    "Armed": [
        false,
        false,
        false,
        false,
        false
    ]
}