{
    "Roll": [
        -0.8830271330233469,
        -0.878508749443972,
        -0.8743519390037845,
        -0.8721914647919449,
        -0.872840332763096
    ],
    "Pitch": [
        0.6334415620239144,
        0.6374189732766833,
        0.636998169590787,
        0.6343101699872696,
        0.6322142624074277
    ],
    "Yaw": [
        -3.111751796700946,
        -3.1055508387082207,
        -3.102804462331641,
        -3.0931497764964164,
        -3.0806118970578003
    ],
    "Latitude": [
        0.0,
        0.0,
        0.0,
        0.0,
        0.0
    ],
    "Longitude": [
        0.0,
        0.0,
        0.0,
        0.0,
        0.0
    ],
    "Altitude": [
        -17.0,
        -17.0,
        -17.0,
        -17.0,
        -17.0
    ],
    "HDOP": [
        99.99,
        99.99,
        99.99,
        99.99,
        99.99
    ],
    "VDOP": [
        99.99,
        99.99,
        99.99,
        99.99,
        99.99
    ],
    "Satellites": [
        0,
        0,
        0,
        0,
        0
    ],
    "Flight_Mode": [
        "STABILIZE",
        "STABILIZE",
        "STABILIZE",
        "STABILIZE",
        "STABILIZE"
    ],
    "Voltage": [
        4.677,
        4.662,
        4.663,
        4.678,
        4.674
    ],
    "Current": [
        13.22,
        13.35,
        13.34,
        13.13,
        13.35
    ],
    "Armed": [
        false,
        false,
        false,
        false,
        false
    ]
}