{
    "Roll": [
        -0.8923526891179415,
        -0.8775412104593573,
        -0.8785352164270057,
        -0.8727099188386311,
        -0.87364800263245
    ],
    "Pitch": [
        0.6356447249180667,
        0.6345546694152149,
        0.6340714335314366,
        0.6309457682125095,
        0.6295052386278714
    ],
    "Yaw": [
        -2.3525690133780355,
        -2.561238549597918,
        -2.7550891366398123,
        -2.850791826299327,
        -3.0098558330115224
    ],
    "Latitude": [
        0.0,
        0.0,
        0.0,
        0.0,
        0.0
    ],
    "Longitude": [
        0.0,
        0.0,
        0.0,
        0.0,
        0.0
    ],
    "Altitude": [
        -17.0,
        -17.0,
        -17.0,
        -17.0,
        -17.0
    ],
    "HDOP": [
        99.99,
        99.99,
        99.99,
        99.99,
        99.99
    ],
    "VDOP": [
        99.99,
        99.99,
        99.99,
        99.99,
        99.99
    ],
    "Satellites": [
        0,
        0,
        0,
        0,
        0
    ],
    "Flight_Mode": [
        "STABILIZE",
        "STABILIZE",
        "STABILIZE",
        "STABILIZE",
        "STABILIZE"
    ],
    "Voltage": [
        4.676,
        4.671,
        4.68,
        4.674,
        4.667
    ],
    "Current": [
        13.29,
        13.42,
        13.08,
        13.36,
        13.31
    ],
    "Armed": [
        false,
        false,
        false,
        false,
        false
    ]
}