{
    "Roll": [
        0.6461352551529715,
        0.6457984414495253,
        0.6554661473328552,
        0.6561517275707952,
        0.6561939893662847
    ],
    "Pitch": [
        0.36123120284222626,
        0.3585567035344902,
        0.3598632173370932,
        0.3568231428262028,
        0.35372773311086475
    ],
    "Yaw": [
        68.92221631073724,
        68.8855313647051,
        68.84721400346133,
        68.7806196590537,
        68.73197505178487
    ],
    "Latitude": [
        0.0,
        0.0,
        0.0,
        0.0,
        0.0
    ],
    "Longitude": [
        0.0,
        0.0,
        0.0,
        0.0,
        0.0
    ],
    "Altitude": [
        -17.0,
        -17.0,
        -17.0,
        -17.0,
        -17.0
    ],
    "HDOP": [
        99.99,
        99.99,
        99.99,
        99.99,
        99.99
    ],
    "VDOP": [
        99.99,
        99.99,
        99.99,
        99.99,
        99.99
    ],
    "Satellites": [
        0,
        0,
        0,
        0,
        0
    ],
    "Flight_Mode": [
        "STABILIZE",
        "STABILIZE",
        "STABILIZE",
        "STABILIZE",
        "STABILIZE"
    ],
    "Voltage": [
        4.624,
        4.623,
        4.621,
        4.626,
        4.626
    ],
    "Current": [
        13.04,
        13.03,
        13.02,
        13.04,
        13.06
    ],
    "Armed": [
        false,
        false,
        false,
        false,
        false
    ]
}