{
    "Roll": [
        -0.8802288898977573,
        -0.8774212552620589,
        -0.8761329108298653,
        -0.8748699661636476,
        -0.8790607141062736
    ],
    "Pitch": [
        0.6352926500106937,
        0.6327002730555564,
        0.6278704755387112,
        0.6277110333102737,
        0.6211412984632206
    ],
    "Yaw": [
        -3.327767414816589,
        -3.2213012007987807,
        -3.1871195190974517,
        -3.152567513077061,
        -3.0966572920786293
    ],
    "Latitude": [
        0.0,
        0.0,
        0.0,
        0.0,
        0.0
    ],
    "Longitude": [
        0.0,
        0.0,
        0.0,
        0.0,
        0.0
    ],
    "Altitude": [
        -17.0,
        -17.0,
        -17.0,
        -17.0,
        -17.0
    ],
    "HDOP": [
        99.99,
        99.99,
        99.99,
        99.99,
        99.99
    ],
    "VDOP": [
        99.99,
        99.99,
        99.99,
        99.99,
        99.99
    ],
    "Satellites": [
        0,
        0,
        0,
        0,
        0
    ],
    "Flight_Mode": [
        "STABILIZE",
        "STABILIZE",
        "STABILIZE",
        "STABILIZE",
        "STABILIZE"
    ],
    "Voltage": [
        4.672,
        4.682,
        4.672,
        4.672,
        4.683
    ],
    "Current": [
        13.36,
        13.05,
        13.42,
        13.43,
        12.99
    ],
    "Armed": [
        false,
        false,
        false,
        false,
        false
    ]
}