{
    "Roll": [
        -0.8681260081319063,
        -0.862444144516102,
        -0.8622187482734915,
        -0.8668918783262496,
        -0.8761843506920519
    ],
    "Pitch": [
        0.6399297614877505,
        0.6388545936628554,
        0.6343506708746137,
        0.6350588227533265,
        0.6331223574019221
    ],
    "Yaw": [
        -3.7593771003100382,
        -3.706563943213384,
        -3.6545981564606347,
        -3.6184382812209406,
        -3.564952563934452
    ],
    "Latitude": [
        0.0,
        0.0,
        0.0,
        0.0,
        0.0
    ],
    "Longitude": [
        0.0,
        0.0,
        0.0,
        0.0,
        0.0
    ],
    "Altitude": [
        -17.0,
        -17.0,
        -17.0,
        -17.0,
        -17.0
    ],
    "HDOP": [
        99.99,
        99.99,
        99.99,
        99.99,
        99.99
    ],
    "VDOP": [
        99.99,
        99.99,
        99.99,
        99.99,
        99.99
    ],
    "Satellites": [
        0,
        0,
        0,
        0,
        0
    ],
    "Flight_Mode": [
        "STABILIZE",
        "STABILIZE",
        "STABILIZE",
        "STABILIZE",
        "STABILIZE"
    ],
    "Voltage": [
        4.672,
        4.662,
        4.672,
        4.667,
        4.682
    ],
    "Current": [
        13.39,
        13.38,
        13.42,
        13.42,
        13.01
    ],
    "Armed": [
        false,
        false,
        false,
        false,
        false
    ]
}