{
    "Roll": [
        -0.8839139903983908,
        -0.8968979665671735,
        -0.8795240997527767,
        -0.8808903510301908,
        -0.8712318232135581
    ],
    "Pitch": [
        0.6304885724249417,
        0.6338444364632394,
        0.6239410890535441,
        0.6343056876756268,
        0.6318558909194136
    ],
    "Yaw": [
        -0.24013939269687842,
        -0.2923837764625704,
        -0.34578803840712163,
        -0.4560308134274182,
        -0.5799303382497437
    ],
    "Latitude": [
        0.0,
        0.0,
        0.0,
        0.0,
        0.0
    ],
    "Longitude": [
        0.0,
        0.0,
        0.0,
        0.0,
        0.0
    ],
    "Altitude": [
        -17.0,
        -17.0,
        -17.0,
        -17.0,
        -17.0
    ],
    "HDOP": [
        99.99,
        99.99,
        99.99,
        99.99,
        99.99
    ],
    "VDOP": [
        99.99,
        99.99,
        99.99,
        99.99,
        99.99
    ],
    "Satellites": [
        0,
        0,
        0,
        0,
        0
    ],
    "Flight_Mode": [
        "STABILIZE",
        "STABILIZE",
        "STABILIZE",
        "STABILIZE",
        "STABILIZE"
    ],
    "Voltage": [
        4.676,
        4.675,
        4.669,
        4.679,
        4.667
    ],
    "Current": [
        13.25,
        13.32,
        13.46,
        13.09,
        13.41
    ],
    "Armed": [
        false,
        false,
        false,
        false,
        false
    ]
}