{
    "Roll": [
        0.6720963773013668,
        0.6738248420482033,
        0.6780920027321687,
        0.6782008588720658,
        0.6734158844716487
    ],
    "Pitch": [
        0.3603349272766472,
        0.35724517381171556,
        0.3530484227731394,
        0.356851850965058,
        0.34761676819653964
    ],
    "Yaw": [
        68.36612962927148,
        68.39820419761386,
        68.40399619803003,
        68.4099452927971,
        68.4624967682712
    ],
    "Latitude": [
        0.0,
        0.0,
        0.0,
        0.0,
        0.0
    ],
    "Longitude": [
        0.0,
        0.0,
        0.0,
        0.0,
        0.0
    ],
    "Altitude": [
        -17.0,
        -17.0,
        -17.0,
        -17.0,
        -17.0
    ],
    "HDOP": [
        99.99,
        99.99,
        99.99,
        99.99,
        99.99
    ],
    "VDOP": [
        99.99,
        99.99,
        99.99,
        99.99,
        99.99
    ],
    "Satellites": [
        0,
        0,
        0,
        0,
        0
    ],
    "Flight_Mode": [
        "STABILIZE",
        "STABILIZE",
        "STABILIZE",
        "STABILIZE",
        "STABILIZE"
    ],
    "Voltage": [
        4.629,
        4.624,
        4.624,
        4.625,
        4.625
    ],
    "Current": [
        13.1,
        13.05,
        13.04,
        13.05,
        13.05
    ],
    "Armed": [
        false,
        false,
        false,
        false,
        false
    ]
}