{
    "Roll": [
        0.6609115156486479,
        0.661906161946531,
        0.6666369217204111,
        0.6625499072758047,
        0.6678309241646939
    ],
    "Pitch": [
        0.34377865545024205,
        0.34830325556897884,
        0.3537325889484778,
        0.35249186907748914,
        0.3503624775624583
    ],
    "Yaw": [
        69.0760390010351,
        69.25055716451809,
        69.33092800048163,
        69.31974698081032,
        69.33743717076065
    ],
    "Latitude": [
        0.0,
        0.0,
        0.0,
        0.0,
        0.0
    ],
    "Longitude": [
        0.0,
        0.0,
        0.0,
        0.0,
        0.0
    ],
    "Altitude": [
        -17.0,
        -17.0,
        -17.0,
        -17.0,
        -17.0
    ],
    "HDOP": [
        99.99,
        99.99,
        99.99,
        99.99,
        99.99
    ],
    "VDOP": [
        99.99,
        99.99,
        99.99,
        99.99,
        99.99
    ],
    "Satellites": [
        0,
        0,
        0,
        0,
        0
    ],
    "Flight_Mode": [
        "STABILIZE",
        "STABILIZE",
        "STABILIZE",
        "STABILIZE",
        "STABILIZE"
    ],
    "Voltage": [
        4.623,
        4.624,
        4.625,
        4.622,
        4.624
    ],
    "Current": [
        13.05,
        13.03,
        13.07,
        13.02,
        13.02
    ],
    "Armed": [
        false,
        false,
        false,
        false,
        false
    ]
}