{
    "Roll": [
        -0.8635600266717528,
        -0.8601731066170727,
        -0.849240108189998,
        -0.8432901596492706,
        -0.8423700051020229
    ],
    "Pitch": [
        0.6219340272937652,
        0.6183042619975795,
        0.6213730980081779,
        0.6205258877468318,
        0.6244492978164753
    ],
    "Yaw": [
        -3.2636513618606213,
        -3.2747781669053952,
        -3.2907347694670146,
        -3.3092898321210003,
        -3.316431862115307
    ],
    "Latitude": [
        0.0,
        0.0,
        0.0,
        0.0,
        0.0
    ],
    "Longitude": [
        0.0,
        0.0,
        0.0,
        0.0,
        0.0
    ],
    "Altitude": [
        -17.0,
        -17.0,
        -17.0,
        -17.0,
        -17.0
    ],
    "HDOP": [
        99.99,
        99.99,
        99.99,
        99.99,
        99.99
    ],
    "VDOP": [
        99.99,
        99.99,
        99.99,
        99.99,
        99.99
    ],
    "Satellites": [
        0,
        0,
        0,
        0,
        0
    ],
    "Flight_Mode": [
        "STABILIZE",
        "STABILIZE",
        "STABILIZE",
        "STABILIZE",
        "STABILIZE"
    ],
    "Voltage": [
        4.654,
        4.672,
        4.671,
        4.639,
        4.666
    ],
    "Current": [
        13.22,
        13.43,
        13.43,
        13.26,
        13.42
    ],
    "Armed": [
        false,
        false,
        false,
        false,
        false
    ]
}