{
    "Roll": [
        0.6587728126647876,
        0.6559224893467767,
        0.6558678478334166,
        0.6472861420281187,
        0.6530836919729901
    ],
    "Pitch": [
        0.35827415781843386,
        0.3557011775333224,
        0.35794438774756915,
        0.3528743863514363,
        0.35118132653049294
    ],
    "Yaw": [
        67.18219829891981,
        67.03934489242899,
        66.97928703905707,
        67.17453482667105,
        67.31807125207887
    ],
    "Latitude": [
        0.0,
        0.0,
        0.0,
        0.0,
        0.0
    ],
    "Longitude": [
        0.0,
        0.0,
        0.0,
        0.0,
        0.0
    ],
    "Altitude": [
        -17.0,
        -17.0,
        -17.0,
        -17.0,
        -17.0
    ],
    "HDOP": [
        99.99,
        99.99,
        99.99,
        99.99,
        99.99
    ],
    "VDOP": [
        99.99,
        99.99,
        99.99,
        99.99,
        99.99
    ],
    "Satellites": [
        0,
        0,
        0,
        0,
        0
    ],
    "Flight_Mode": [
        "STABILIZE",
        "STABILIZE",
        "STABILIZE",
        "STABILIZE",
        "STABILIZE"
    ],
    "Voltage": [
        4.624,
        4.622,
        4.625,
        4.622,
        4.623
    ],
    "Current": [
        13.05,
        13.01,
        13.03,
        13.01,
        13.02
    ],
    "Armed": [
        false,
        false,
        false,
        false,
        false
    ]
}