{
    "Roll": [
        0.6503729606461414,
        0.6430667926683433,
        0.6427047926423326,
        0.6485061845686122,
        0.6440883328360834
    ],
    "Pitch": [
        0.35009492624606425,
        0.3485343347424221,
        0.3525923475634824,
        0.3555430960066337,
        0.3605795601067247
    ],
    "Yaw": [
        67.22800154749392,
        67.07778519707783,
        66.99535847417411,
        67.0661260641646,
        67.26680385216876
    ],
    "Latitude": [
        0.0,
        0.0,
        0.0,
        0.0,
        0.0
    ],
    "Longitude": [
        0.0,
        0.0,
        0.0,
        0.0,
        0.0
    ],
    "Altitude": [
        -17.0,
        -17.0,
        -17.0,
        -17.0,
        -17.0
    ],
    "HDOP": [
        99.99,
        99.99,
        99.99,
        99.99,
        99.99
    ],
    "VDOP": [
        99.99,
        99.99,
        99.99,
        99.99,
        99.99
    ],
    "Satellites": [
        0,
        0,
        0,
        0,
        0
    ],
    "Flight_Mode": [
        "STABILIZE",
        "STABILIZE",
        "STABILIZE",
        "STABILIZE",
        "STABILIZE"
    ],
    "Voltage": [
        4.624,
        4.625,
        4.624,
        4.624,
        4.624
    ],
    "Current": [
        13.04,
        13.05,
        13.03,
        13.05,
        13.04
    ],
    "Armed": [
        false,
        false,
        false,
        false,
        false
    ]
}