{
    "Roll": [
        3.9221127605879387,
        4.923065457509083,
        5.042872098192984,
        5.019311360651026,
        4.887921572908429,
        4.720905945341869,
        4.582922036842448,
        3.992225933078589,
        2.8805949298558544,
        2.5507928424794417,
        2.4317424318027077,
        2.8635457104704445,
        3.7635311359858754,
        3.9469490359573975,
        3.836351624708789,
        3.7738656390869276,
        3.590080616447517,
        3.2289815350770485,
        2.6497168201062635,
        2.600037439178176,
        2.4938416579628173,
        2.5961920426754586,
        3.0519406839127905,
        3.3706516112941602,
        3.465872772617189,
        3.4494532112958898,
        3.41982043558179,
        3.3042100923692153,
        3.207662380243323,
        2.911702599543854,
        2.4654628622916492,
        2.1937519606930183,
        2.148124376046629,
        2.483720598273328,
        2.7782398493881586,
        3.0633176446359163,
        3.2442995149512712,
        3.2649273265749446,
        3.7415383537452573,
        3.8948304237219693,
        3.7482477339443254,
        3.512407705206132,
        3.324778780167885,
        3.3986534659005083,
        3.6371939806817957,
        4.094795737618317,
        4.64426908842021,
        5.114282579739114,
        5.809974058971702,
        4.809578022467913,
        3.3324057535932625,
        0.8150249158730537
    ],
    "Pitch": [
        2.625971667456714,
        3.2369927066432385,
        3.4887385384110994,
        3.4443442297967204,
        3.395926939761204,
        3.3549189108712705,
        3.283128500052559,
        2.9364093147624946,
        2.6468310651819333,
        2.442895917273927,
        2.4406259465919558,
        2.5168442409835396,
        2.5565395928923613,
        2.552928130368717,
        2.552838697579272,
        2.596691927145339,
        2.5911189196694315,
        2.562086346828646,
        2.619145960598344,
        2.6089068667022604,
        2.5927602995043504,
        2.5407556660506962,
        2.3771308005202245,
        2.292238379326136,
        2.296828053004973,
        2.327519294597014,
        2.4045416303199554,
        2.4994821135567786,
        2.5669976797287086,
        2.6092507240382883,
        2.630572226749541,
        2.6324270499960223,
        2.627321483591438,
        2.6925758302612706,
        2.7733470860649025,
        2.8273898906555703,
        2.8610343352899954,
        2.87384648951247,
        2.9430649072218484,
        2.9568471617498764,
        2.956313766664381,
        2.9594889508547904,
        2.916708914762062,
        2.8711810081888727,
        2.8422419235623515,
        2.8791556809316856,
        2.9124349238889264,
        2.9173586365068593,
        2.8711067298816486,
        2.900124788570448,
        2.939356968276178,
        3.129468453634313
    ],
    "Yaw": [
        62.77389175575603,
        56.52673094839015,
        56.36055586097833,
        56.36396412537416,
        56.35113703011288,
        56.275352666177,
        56.1446126001792,
        56.759544776439206,
        56.54790453481719,
        56.22903715341515,
        55.86563010843545,
        55.622939826846554,
        55.57161095523391,
        55.652702376154885,
        55.773900667882174,
        55.83096006820846,
        55.80510780219996,
        55.73444266504701,
        55.60337816506364,
        55.42563273719781,
        55.282690538247785,
        55.114240997842344,
        55.07125861739546,
        55.087804750659814,
        55.12086969643184,
        55.1438157169485,
        55.179220002511265,
        55.17908339872786,
        55.12653533834837,
        55.0538928614307,
        54.93702832473178,
        54.745649839282606,
        54.538814635741694,
        54.33917503649139,
        54.189341176668826,
        54.100015962703395,
        54.06538690361143,
        54.03992395838562,
        54.060742374975824,
        54.109188906758725,
        54.156491381855645,
        54.13631500304743,
        54.11635036010348,
        54.099367094732244,
        54.12092317175281,
        54.17156219425928,
        54.277611126407486,
        54.4334931187401,
        54.64850064362293,
        54.812223693122725,
        54.80853539097092,
        54.52924212561992
    ],
    "Latitude": [
        52.2212732,
        52.2212339,
        52.2212019,
        52.2211649,
        52.2211009,
        52.2210526,
        52.2210272,
        52.2210174,
        52.2210277,
        52.2210454,
        52.2210746,
        52.2211118,
        52.2211365,
        52.2211604,
        52.2211842,
        52.2212031,
        52.2212248,
        52.2212472,
        52.2212667,
        52.2212869,
        52.2213063,
        52.2213247,
        52.2213348,
        52.2213399,
        52.2213414,
        52.221341,
        52.2213398,
        52.2213417,
        52.221343,
        52.2213572,
        52.2213811,
        52.2214096,
        52.2214446,
        52.2214859,
        52.2215316,
        52.2215793,
        52.2216174,
        52.2216464,
        52.2216391,
        52.2216556,
        52.221674,
        52.221693,
        52.2216937,
        52.2216917,
        52.2216589,
        52.2216134,
        52.2215504,
        52.2214686,
        52.2214327,
        52.2214417,
        52.2214432,
        52.221458
    ],
    "Longitude": [
        21.0068227,
        21.0068581,
        21.0068842,
        21.0069127,
        21.0069551,
        21.0069863,
        21.0069977,
        21.006997,
        21.0069814,
        21.0069636,
        21.0069318,
        21.006894,
        21.0068748,
        21.0068501,
        21.0068214,
        21.0067978,
        21.0067626,
        21.0067236,
        21.0066879,
        21.0066478,
        21.006611,
        21.0065794,
        21.0065729,
        21.0065719,
        21.0065745,
        21.0065731,
        21.0065749,
        21.0065733,
        21.0065754,
        21.0065654,
        21.0065491,
        21.0065349,
        21.0065168,
        21.0064895,
        21.0064584,
        21.0064263,
        21.0064017,
        21.0063803,
        21.0063978,
        21.0063854,
        21.0063714,
        21.0063557,
        21.0063638,
        21.0063768,
        21.006413,
        21.0064638,
        21.0065368,
        21.0066311,
        21.0066746,
        21.0066521,
        21.0066431,
        21.0065956
    ],
    "Altitude": [
        131.91,
        135.35,
        139.09,
        142.44,
        144.53,
        145.02,
        144.63,
        143.24,
        142.27,
        141.64,
        143.05,
        145.21,
        148.62,
        153.31,
        156.61,
        158.54,
        158.77,
        158.14,
        158.06,
        157.22,
        156.73,
        155.64,
        153.67,
        152.65,
        151.94,
        152.64,
        153.0,
        152.72,
        151.49,
        149.66,
        146.8,
        142.39,
        137.3,
        132.35,
        127.64,
        122.79,
        119.1,
        116.88,
        115.83,
        114.68,
        112.98,
        110.21,
        107.8,
        104.26,
        101.48,
        99.77,
        96.3,
        91.45,
        89.09,
        87.59,
        85.42,
        88.45
    ],