{
    "Roll": [
        -0.8819535126631856,
        -0.877884640908562,
        -0.8742987915943053,
        -0.8689473383796004,
        -0.8599944544815945
    ],
    "Pitch": [
        0.6376105920994138,
        0.6328693202375143,
        0.6285095251129306,
        0.6276593800046755,
        0.628317372681671
    ],
    "Yaw": [
        -3.864763930995573,
        -3.8594585815577656,
        -3.8443382502826497,
        -3.8360946388412676,
        -3.833333107982467
    ],
    "Latitude": [
        0.0,
        0.0,
        0.0,
        0.0,
        0.0
    ],
    "Longitude": [
        0.0,
        0.0,
        0.0,
        0.0,
        0.0
    ],
    "Altitude": [
        -17.0,
        -17.0,
        -17.0,
        -17.0,
        -17.0
    ],
    "HDOP": [
        99.99,
        99.99,
        99.99,
        99.99,
        99.99
    ],
    "VDOP": [
        99.99,
        99.99,
        99.99,
        99.99,
        99.99
    ],
    "Satellites": [
        0,
        0,
        0,
        0,
        0
    ],
    "Flight_Mode": [
        "STABILIZE",
        "STABILIZE",
        "STABILIZE",
        "STABILIZE",
        "STABILIZE"
    ],
    "Voltage": [
        4.673,
        4.672,
        4.651,
        4.673,
        4.674
    ],
    "Current": [
        13.41,
        13.42,
        13.28,
        13.35,
        13.35
    ],
    "Armed": [
        false,
        false,
        false,
        false,
        false
    ]
}