{
    "Roll": [
        -0.8788711763568057,
        -0.8776402482023224,
        -0.8832100540270563,
        -0.8860300683806254,
        -0.8876746498667175
    ],
    "Pitch": [
        0.6387109462468735,
        0.6374917574800262,
        0.627022358142866,
        0.6263728498414801,
        0.6278998240078011
    ],
    "Yaw": [
        -3.5485048280828266,
        -3.60066783654786,
        -3.6293068197377236,
        -3.6305648552054754,
        -3.6270174257053
    ],
    "Latitude": [
        0.0,
        0.0,
        0.0,
        0.0,
        0.0
    ],
    "Longitude": [
        0.0,
        0.0,
        0.0,
        0.0,
        0.0
    ],
    "Altitude": [
        -17.0,
        -17.0,
        -17.0,
        -17.0,
        -17.0
    ],
    "HDOP": [
        99.99,
        99.99,
        99.99,
        99.99,
        99.99
    ],
    "VDOP": [
        99.99,
        99.99,
        99.99,
        99.99,
        99.99
    ],
    "Satellites": [
        0,
        0,
        0,
        0,
        0
    ],
    "Flight_Mode": [
        "STABILIZE",
        "STABILIZE",
        "STABILIZE",
        "STABILIZE",
        "STABILIZE"
    ],
    "Voltage": [
        4.657,
        4.674,
        4.68,
        4.67,
        4.674
    ],
    "Current": [
        13.27,
        13.38,
        13.06,
        13.39,
        13.39
    ],
    "Armed": [
        false,
        false,
        false,
        false,
        false
    ]
}