{
    "Roll": [
        -0.8660867697778344,
        -0.8654159171352922,
        -0.8711438845279941,
        -0.8788169617302688,
        -0.8833329974321166
    ],
    "Pitch": [
        0.6315267611787837,
        0.6265429108796429,
        0.627507301573937,
        0.6293702356700579,
        0.6258231263349999
    ],
    "Yaw": [
        -2.29041706669527,
        -2.1857010886522774,
        -2.060494116212423,
        -2.0377589777863894,
        -2.0491167286024745
    ],
    "Latitude": [
        0.0,
        0.0,
        0.0,
        0.0,
        0.0
    ],
    "Longitude": [
        0.0,
        0.0,
        0.0,
        0.0,
        0.0
    ],
    "Altitude": [
        -17.0,
        -17.0,
        -17.0,
        -17.0,
        -17.0
    ],
    "HDOP": [
        99.99,
        99.99,
        99.99,
        99.99,
        99.99
    ],
    "VDOP": [
        99.99,
        99.99,
        99.99,
        99.99,
        99.99
    ],
    "Satellites": [
        0,
        0,
        0,
        0,
        0
    ],
    "Flight_Mode": [
        "STABILIZE",
        "STABILIZE",
        "STABILIZE",
        "STABILIZE",
        "STABILIZE"
    ],
    "Voltage": [
        4.649,
        4.672,
        4.68,
        4.665,
        4.674
    ],
    "Current": [
        13.24,
        13.41,
        13.11,
        13.37,
        13.41
    ],
    "Armed": [
        false,
        false,
        false,
        false,
        false
    ]
}