{
    "Roll": [
        -0.856010533204773,
        -0.8611045736651332,
        -0.8676288984263762,
        -0.8719746062857969,
        -0.8648867909180278
    ],
    "Pitch": [
        0.6274679212645036,
        0.6265795164247259,
        0.6266173492694255,
        0.6267242310577655,
        0.6230889162328792
    ],
    "Yaw": [
        -2.5884743558001673,
        -2.520682166966852,
        -2.4641681145571086,
        -2.4461063196272446,
        -2.487727144551775
    ],
    "Latitude": [
        0.0,
        0.0,
        0.0,
        0.0,
        0.0
    ],
    "Longitude": [
        0.0,
        0.0,
        0.0,
        0.0,
        0.0
    ],
    "Altitude": [
        -17.0,
        -17.0,
        -17.0,
        -17.0,
        -17.0
    ],
    "HDOP": [
        99.99,
        99.99,
        99.99,
        99.99,
        99.99
    ],
    "VDOP": [
        99.99,
        99.99,
        99.99,
        99.99,
        99.99
    ],
    "Satellites": [
        0,
        0,
        0,
        0,
        0
    ],
    "Flight_Mode": [
        "STABILIZE",
        "STABILIZE",
        "STABILIZE",
        "STABILIZE",
        "STABILIZE"
    ],
    "Voltage": [
        4.667,
        4.661,
        4.674,
        4.669,
        4.679
    ],
    "Current": [
        13.43,
        13.26,
        13.15,
        13.44,
        13.15
    ],
    "Armed": [
        false,
        false,
        false,
        false,
        false
    ]
}