{
    "Roll": [
        2.705926075324295,
        2.699793205779858,
        2.7016582743100948,
        2.7076470695517267
    ],
    "Pitch": [
        1.4892201889620245,
        1.484632116108774,
        1.4852232476370975,
        1.4477469601565895
    ],
    "Yaw": [
        47.626751988148,
        47.618385006414734,
        47.613504836252766,
        47.60197547693378
    ],
    "Latitude": [
        0.0,
        0.0,
        0.0,
        0.0
    ],
    "Longitude": [
        0.0,
        0.0,
        0.0,
        0.0
    ],
    "Altitude": [
        -17.0,
        -17.0,
        -17.0,
        -17.0
    ],
    "HDOP": [
        99.99,
        99.99,
        99.99,
        99.99
    ],
    "VDOP": [
        99.99,
        99.99,
        99.99,
        99.99
    ],
    "Satellites": [
        0,
        0,
        0,
        0
    ],
    "Flight_Mode": [
        "ALT_HOLD",
        "ALT_HOLD",
        "ALT_HOLD",
        "ALT_HOLD"
    ],
    "Voltage": [
        15.626,
        15.627,
        15.625,
        15.624
    ],
    "Current": [
        42.77,
        42.79,
        42.79,
        42.78
    ],
    "Armed": [
        false,
        false,
        false,
        false
    ]
}