{
    "Roll": [
        -0.8580717562302359,
        -0.8655168758689614,
        -0.8643252213022058,
        -0.8675776720076012,
        -0.868871352525084
    ],
    "Pitch": [
        0.6261625547202377,
        0.6283263373049567,
        0.6239359664116665,
        0.6198745118155948,
        0.623369274153967
    ],
    "Yaw": [
        -3.278974891263545,
        -3.264094470383026,
        -3.255198362432496,
        -3.2586713001820358,
        -3.2451579843525775
    ],
    "Latitude": [
        0.0,
        0.0,
        0.0,
        0.0,
        0.0
    ],
    "Longitude": [
        0.0,
        0.0,
        0.0,
        0.0,
        0.0
    ],
    "Altitude": [
        -17.0,
        -17.0,
        -17.0,
        -17.0,
        -17.0
    ],
    "HDOP": [
        99.99,
        99.99,
        99.99,
        99.99,
        99.99
    ],
    "VDOP": [
        99.99,
        99.99,
        99.99,
        99.99,
        99.99
    ],
    "Satellites": [
        0,
        0,
        0,
        0,
        0
    ],
    "Flight_Mode": [
        "STABILIZE",
        "STABILIZE",
        "STABILIZE",
        "STABILIZE",
        "STABILIZE"
    ],
    "Voltage": [
        4.642,
        4.633,
        4.649,
        4.67,
        4.677
    ],
    "Current": [
        13.2,
        13.15,
        13.29,
        13.43,
        13.15
    ],
    "Armed": [
        false,
        false,
        false,
        false,
        false
    ]
}