{
    "Roll": [
        0.6683303817477512,
        0.6682633605165204,
        0.6707444267325275,
        0.662289506313698,
        0.6599740721850637
    ],
    "Pitch": [
        0.3594596758871071,
        0.35586504871254987,
        0.3580570325080215,
        0.35768441367228554,
        0.35439034150163534
    ],
    "Yaw": [
        68.50657880917446,
        68.55787352984125,
        68.59140292847684,
        68.61750108129546,
        68.62582025170454
    ],
    "Latitude": [
        0.0,
        0.0,
        0.0,
        0.0,
        0.0
    ],
    "Longitude": [
        0.0,
        0.0,
        0.0,
        0.0,
        0.0
    ],
    "Altitude": [
        -17.0,
        -17.0,
        -17.0,
        -17.0,
        -17.0
    ],
    "HDOP": [
        99.99,
        99.99,
        99.99,
        99.99,
        99.99
    ],
    "VDOP": [
        99.99,
        99.99,
        99.99,
        99.99,
        99.99
    ],
    "Satellites": [
        0,
        0,
        0,
        0,
        0
    ],
    "Flight_Mode": [
        "STABILIZE",
        "STABILIZE",
        "STABILIZE",
        "STABILIZE",
        "STABILIZE"
    ],
    "Voltage": [
        4.624,
        4.628,
        4.623,
        4.625,
        4.625
    ],
    "Current": [
        13.04,
        13.07,
        13.01,
        13.04,
        13.03
    ],
    "Armed": [
        false,
        false,
        false,
        false,
        false
    ]
}