{
    "Roll": [
        -1.0410459073491192,
        -1.0326202286776738,
        -1.0136162945291711,
        -0.9996935942363347,
        -0.9826593158897344
    ],
    "Pitch": [
        0.6866288854210384,
        0.6771143251855049,
        0.6734062795181284,
        0.6701169031025326,
        0.6591248875721607
    ],
    "Yaw": [
        -7.981656611239351,
        -7.379784610446058,
        -6.749439258550275,
        -6.081273441672839,
        -5.552912205595455
    ],
    "Latitude": [
        0.0,
        0.0,
        0.0,
        0.0,
        0.0
    ],
    "Longitude": [
        0.0,
        0.0,
        0.0,
        0.0,
        0.0
    ],
    "Altitude": [
        -17.0,
        -17.0,
        -17.0,
        -17.0,
        -17.0
    ],
    "HDOP": [
        99.99,
        99.99,
        99.99,
        99.99,
        99.99
    ],
    "VDOP": [
        99.99,
        99.99,
        99.99,
        99.99,
        99.99
    ],
    "Satellites": [
        0,
        0,
        0,
        0,
        0
    ],
    "Flight_Mode": [
        "STABILIZE",
        "STABILIZE",
        "STABILIZE",
        "STABILIZE",
        "STABILIZE"
    ],
    "Voltage": [
        4.624,
        4.627,
        4.623,
        4.627,
        4.623
    ],
    "Current": [
        13.04,
        13.06,
        13.07,
        13.08,
        13.05
    ],
    "Armed": [
        false,
        false,
        false,
        false,
        false
    ]
}