{
    "Roll": [
        -0.8699404905736025,
        -0.8707818845019835,
        -0.872042481290674,
        -0.8757542622177528,
        -0.8699313125069053
    ],
    "Pitch": [
        0.6278082567842406,
        0.6236992043073903,
        0.625173137785938,
        0.6185642894337159,
        0.6269219330177257
    ],
    "Yaw": [
        -2.2276933051129273,
        -2.3097644312929773,
        -2.3600881978805734,
        -2.4206446550619063,
        -2.477970219322412
    ],
    "Latitude": [
        0.0,
        0.0,
        0.0,
        0.0,
        0.0
    ],
    "Longitude": [
        0.0,
        0.0,
        0.0,
        0.0,
        0.0
    ],
    "Altitude": [
        -17.0,
        -17.0,
        -17.0,
        -17.0,
        -17.0
    ],
    "HDOP": [
        99.99,
        99.99,
        99.99,
        99.99,
        99.99
    ],
    "VDOP": [
        99.99,
        99.99,
        99.99,
        99.99,
        99.99
    ],
    "Satellites": [
        0,
        0,
        0,
        0,
        0
    ],
    "Flight_Mode": [
        "STABILIZE",
        "STABILIZE",
        "STABILIZE",
        "STABILIZE",
        "STABILIZE"
    ],
    "Voltage": [
        4.657,
        4.668,
        4.667,
        4.669,
        4.672
    ],
    "Current": [
        13.24,
        13.34,
        13.42,
        13.37,
        13.36
    ],
    "Armed": [
        false,
        false,
        false,
        false,
        false
    ]
}