{
    "Roll": [
        0.6538175104219434,
        0.6543519727244969,
        0.6598498481195341,
        0.6700319526247306,
        0.6675000868767714
    ],
    "Pitch": [
        0.3546547712081353,
        0.3501415369510643,
        0.3512995208196459,
        0.3545413527153161,
        0.3527945851959382
    ],
    "Yaw": [
        69.11801051348482,
        69.07577945384664,
        69.03040650719024,
        68.98170725840805,
        68.93465408521583
    ],
    "Latitude": [
        0.0,
        0.0,
        0.0,
        0.0,
        0.0
    ],
    "Longitude": [
        0.0,
        0.0,
        0.0,
        0.0,
        0.0
    ],
    "Altitude": [
        -17.0,
        -17.0,
        -17.0,
        -17.0,
        -17.0
    ],
    "HDOP": [
        99.99,
        99.99,
        99.99,
        99.99,
        99.99
    ],
    "VDOP": [
        99.99,
        99.99,
        99.99,
        99.99,
        99.99
    ],
    "Satellites": [
        0,
        0,
        0,
        0,
        0
    ],
    "Flight_Mode": [
        "STABILIZE",
        "STABILIZE",
        "STABILIZE",
        "STABILIZE",
        "STABILIZE"
    ],
    "Voltage": [
        4.624,
        4.624,
        4.625,
        4.624,
        4.625
    ],
    "Current": [
        13.03,
        13.03,
        13.04,
        13.04,
        13.06
    ],
    "Armed": [
        false,
        false,
        false,
        false,
        false
    ]
}