{
    "Roll": [
        0.6566195955289411,
        0.6558033879231246,
        0.6582673786662067,
        0.6667594382386481,
        0.6672571882744128
    ],
    "Pitch": [
        0.34619291387843,
        0.34622581084423715,
        0.3480697751571555,
        0.3496561132723174,
        0.3484290537796687
    ],
    "Yaw": [
        69.1001359084269,
        69.04339069680243,
        68.99459582537186,
        68.95000835047001,
        68.89558540316335
    ],
    "Latitude": [
        0.0,
        0.0,
        0.0,
        0.0,
        0.0
    ],
    "Longitude": [
        0.0,
        0.0,
        0.0,
        0.0,
        0.0
    ],
    "Altitude": [
        -17.0,
        -17.0,
        -17.0,
        -17.0,
        -17.0
    ],
    "HDOP": [
        99.99,
        99.99,
        99.99,
        99.99,
        99.99
    ],
    "VDOP": [
        99.99,
        99.99,
        99.99,
        99.99,
        99.99
    ],
    "Satellites": [
        0,
        0,
        0,
        0,
        0
    ],
    "Flight_Mode": [
        "STABILIZE",
        "STABILIZE",
        "STABILIZE",
        "STABILIZE",
        "STABILIZE"
    ],
    "Voltage": [
        4.626,
        4.624,
        4.624,
        4.624,
        4.624
    ],
    "Current": [
        13.05,
        13.02,
        13.04,
        13.01,
        13.03
    ],
    "Armed": [
        false,
        false,
        false,
        false,
        false
    ]
}