{
    "Roll": [
        -0.8696105070593263,
        -0.8676596342776414,
        -0.8702516910676612,
        -0.8706832736458414,
        -0.8836715186828553
    ],
    "Pitch": [
        0.6226864686803774,
        0.633828534929078,
        0.6336788043758665,
        0.6277033493474574,
        0.6231820842820264
    ],
    "Yaw": [
        -3.25921814220246,
        -3.2462557238182455,
        -3.2189597265739356,
        -3.213601656613472,
        -3.218920026099385
    ],
    "Latitude": [
        0.0,
        0.0,
        0.0,
        0.0,
        0.0
    ],
    "Longitude": [
        0.0,
        0.0,
        0.0,
        0.0,
        0.0
    ],
    "Altitude": [
        -17.0,
        -17.0,
        -17.0,
        -17.0,
        -17.0
    ],
    "HDOP": [
        99.99,
        99.99,
        99.99,
        99.99,
        99.99
    ],
    "VDOP": [
        99.99,
        99.99,
        99.99,
        99.99,
        99.99
    ],
    "Satellites": [
        0,
        0,
        0,
        0,
        0
    ],
    "Flight_Mode": [
        "STABILIZE",
        "STABILIZE",
        "STABILIZE",
        "STABILIZE",
        "STABILIZE"
    ],
    "Voltage": [
        4.672,
        4.674,
        4.666,
        4.675,
        4.673
    ],
    "Current": [
        13.37,
        13.35,
        13.26,
        13.39,
        13.4
    ],
    "Armed": [
        false,
        false,
        false,
        false,
        false
    ]
}