{
    "Roll": [
        -0.8873995213092128,
        -0.8842947734446189,
        -0.8864499115711696,
        -0.886666983520729,
        -0.8889213728336564
    ],
    "Pitch": [
        0.6313549392324755,
        0.6308368053509066,
        0.6347788917190618,
        0.6339798129470231,
        0.6396489766798396
    ],
    "Yaw": [
        -2.354573887342846,
        -2.0673537605732317,
        -1.6105860337673925,
        -1.5658631290209126,
        -1.5262651073077638
    ],
    "Latitude": [
        0.0,
        0.0,
        0.0,
        0.0,
        0.0
    ],
    "Longitude": [
        0.0,
        0.0,
        0.0,
        0.0,
        0.0
    ],
    "Altitude": [
        -17.0,
        -17.0,
        -17.0,
        -17.0,
        -17.0
    ],
    "HDOP": [
        99.99,
        99.99,
        99.99,
        99.99,
        99.99
    ],
    "VDOP": [
        99.99,
        99.99,
        99.99,
        99.99,
        99.99
    ],
    "Satellites": [
        0,
        0,
        0,
        0,
        0
    ],
    "Flight_Mode": [
        "STABILIZE",
        "STABILIZE",
        "STABILIZE",
        "STABILIZE",
        "STABILIZE"
    ],
    "Voltage": [
        4.673,
        4.675,
        4.648,
        4.678,
        4.672
    ],
    "Current": [
        13.38,
        13.31,
        13.25,
        13.18,
        13.45
    ],
    "Armed": [
        false,
        false,
        false,
        false,
        false
    ]
}