{
    "Roll": [
        -0.8558910048942978,
        -0.8159935220747262,
        -0.8545926286217607,
        -0.8677751071632969,
        -0.8674203642132794
    ],
    "Pitch": [
        0.6266458439648691,
        0.4212400709511947,
        0.5571100359024964,
        0.6283225486844014,
        0.6362155793222917
    ],
    "Yaw": [
        -2.6716771589483237,
        -2.5831971808926864,
        -2.166480509441038,
        -1.9850834916901934,
        -1.946956948856359
    ],
    "Latitude": [
        0.0,
        0.0,
        0.0,
        0.0,
        0.0
    ],
    "Longitude": [
        0.0,
        0.0,
        0.0,
        0.0,
        0.0
    ],
    "Altitude": [
        -17.0,
        -17.0,
        -17.0,
        -17.0,
        -17.0
    ],
    "HDOP": [
        99.99,
        99.99,
        99.99,
        99.99,
        99.99
    ],
    "VDOP": [
        99.99,
        99.99,
        99.99,
        99.99,
        99.99
    ],
    "Satellites": [
        0,
        0,
        0,
        0,
        0
    ],
    "Flight_Mode": [
        "STABILIZE",
        "STABILIZE",
        "STABILIZE",
        "STABILIZE",
        "STABILIZE"
    ],
    "Voltage": [
        4.671,
        4.664,
        4.657,
        4.659,
        4.67
    ],
    "Current": [
        13.43,
        13.39,
        13.35,
        13.37,
        13.44
    ],
    "Armed": [
        false,
        false,
        false,
        false,
        false
    ]
}