{
    "Roll": [
        -0.8798903686470185,
        -0.8987739207113997,
        -0.9111775442441429,
        -0.9111515041479322,
        -0.9234930156479106
    ],
    "Pitch": [
        0.6390653690317737,
        0.6526386624598816,
        0.6493680690645032,
        0.6475336296638259,
        0.623342433644963
    ],
    "Yaw": [
        -2.2364750073948594,
        -2.3066682211648457,
        -2.3348775427672335,
        -2.3347445675218297,
        -2.3763466094261427
    ],
    "Latitude": [
        0.0,
        0.0,
        0.0,
        0.0,
        0.0
    ],
    "Longitude": [
        0.0,
        0.0,
        0.0,
        0.0,
        0.0
    ],
    "Altitude": [
        -17.0,
        -17.0,
        -17.0,
        -17.0,
        -17.0
    ],
    "HDOP": [
        99.99,
        99.99,
        99.99,
        99.99,
        99.99
    ],
    "VDOP": [
        99.99,
        99.99,
        99.99,
        99.99,
        99.99
    ],
    "Satellites": [
        0,
        0,
        0,
        0,
        0
    ],
    "Flight_Mode": [
        "STABILIZE",
        "STABILIZE",
        "STABILIZE",
        "STABILIZE",
        "STABILIZE"
    ],
    "Voltage": [
        4.652,
        4.674,
        4.669,
        4.672,
        4.649
    ],
    "Current": [
        13.22,
        13.35,
        13.38,
        13.4,
        13.2
    ],
    "Armed": [
        false,
        false,
        false,
        false,
        false
    ]
}