{
    "Roll": [
        -0.8832845457776918,
        -0.8682739244161194,
        -0.8631952518813918,
        -0.8640144476949702,
        -0.8706267111417773
    ],
    "Pitch": [
        0.6263586558546111,
        0.631837641507725,
        0.638080754574234,
        0.6392746502968111,
        0.6354311747847979
    ],
    "Yaw": [
        -2.8330290655890624,
        -2.8568920390017944,
        -2.9380208125197944,
        -2.999453881792416,
        -3.035894435118315
    ],
    "Latitude": [
        0.0,
        0.0,
        0.0,
        0.0,
        0.0
    ],
    "Longitude": [
        0.0,
        0.0,
        0.0,
        0.0,
        0.0
    ],
    "Altitude": [
        -17.0,
        -17.0,
        -17.0,
        -17.0,
        -17.0
    ],
    "HDOP": [
        99.99,
        99.99,
        99.99,
        99.99,
        99.99
    ],
    "VDOP": [
        99.99,
        99.99,
        99.99,
        99.99,
        99.99
    ],
    "Satellites": [
        0,
        0,
        0,
        0,
        0
    ],
    "Flight_Mode": [
        "STABILIZE",
        "STABILIZE",
        "STABILIZE",
        "STABILIZE",
        "STABILIZE"
    ],
    "Voltage": [
        4.676,
        4.629,
        4.623,
        4.629,
        4.622
    ],
    "Current": [
        13.28,
        13.11,
        13.05,
        13.11,
        13.03
    ],
    "Armed": [
        false,
        false,
        false,
        false,
        false
    ]
}