{
    "Roll": [
        -0.8698689870307289,
        -0.876515401423386,
        -0.8770820936810855,
        -0.8812604619058408,
        -0.869631637957071
    ],
    "Pitch": [
        0.6312570754282739,
        0.6297339432433611,
        0.6240695819873049,
        0.6296099326212431,
        0.6290979885986094
    ],
    "Yaw": [
        -3.1357024953558303,
        -3.010670119626635,
        -2.7279165096873856,
        -2.206352165607811,
        -1.705251068281594
    ],
    "Latitude": [
        0.0,
        0.0,
        0.0,
        0.0,
        0.0
    ],
    "Longitude": [
        0.0,
        0.0,
        0.0,
        0.0,
        0.0
    ],
    "Altitude": [
        -17.0,
        -17.0,
        -17.0,
        -17.0,
        -17.0
    ],
    "HDOP": [
        99.99,
        99.99,
        99.99,
        99.99,
        99.99
    ],
    "VDOP": [
        99.99,
        99.99,
        99.99,
        99.99,
        99.99
    ],
    "Satellites": [
        0,
        0,
        0,
        0,
        0
    ],
    "Flight_Mode": [
        "STABILIZE",
        "STABILIZE",
        "STABILIZE",
        "STABILIZE",
        "STABILIZE"
    ],
    "Voltage": [
        4.664,
        4.677,
        4.668,
        4.68,
        4.672
    ],
    "Current": [
        13.28,
        13.21,
        13.39,
        13.11,
        13.4
    ],
    "Armed": [
        false,
        false,
        false,
        false,
        false
    ]
}