{
    "Roll": [
        -0.8847829185268633,
        -0.880317895800379,
        -0.8823080421697915,
        -0.8796013662677624,
        -0.8776001208409486
    ],
    "Pitch": [
        0.6316498113055496,
        0.627346151798207,
        0.6297450423007623,
        0.6304169621603624,
        0.6289838497342761
    ],
    "Yaw": [
        -1.7445338340758647,
        -1.7314630931602817,
        -1.6868037945504475,
        -1.7352551288101081,
        -1.820119055308753
    ],
    "Latitude": [
        0.0,
        0.0,
        0.0,
        0.0,
        0.0
    ],
    "Longitude": [
        0.0,
        0.0,
        0.0,
        0.0,
        0.0
    ],
    "Altitude": [
        -17.0,
        -17.0,
        -17.0,
        -17.0,
        -17.0
    ],
    "HDOP": [
        99.99,
        99.99,
        99.99,
        99.99,
        99.99
    ],
    "VDOP": [
        99.99,
        99.99,
        99.99,
        99.99,
        99.99
    ],
    "Satellites": [
        0,
        0,
        0,
        0,
        0
    ],
    "Flight_Mode": [
        "STABILIZE",
        "STABILIZE",
        "STABILIZE",
        "STABILIZE",
        "STABILIZE"
    ],
    "Voltage": [
        4.66,
        4.673,
        4.67,
        4.671,
        4.674
    ],
    "Current": [
        13.32,
        13.36,
        13.35,
        13.34,
        13.34
    ],
    "Armed": [
        false,
        false,
        false,
        false,
        false
    ]
}