{
    "Roll": [
        -0.8939906538582753,
        -0.8882716510888589,
        -0.8808566269711638,
        -0.8732206889225012,
        -0.8752046454329783
    ],
    "Pitch": [
        0.6326891739981552,
        0.6333471133142978,
        0.6314541904188523,
        0.6338354718399537,
        0.6334034623749505
    ],
    "Yaw": [
        0.12493036311868176,
        0.06343888372246438,
        -0.019795525725870036,
        -0.10592912369325008,
        -0.16346985225282415
    ],
    "Latitude": [
        0.0,
        0.0,
        0.0,
        0.0,
        0.0
    ],
    "Longitude": [
        0.0,
        0.0,
        0.0,
        0.0,
        0.0
    ],
    "Altitude": [
        -17.0,
        -17.0,
        -17.0,
        -17.0,
        -17.0
    ],
    "HDOP": [
        99.99,
        99.99,
        99.99,
        99.99,
        99.99
    ],
    "VDOP": [
        99.99,
        99.99,
        99.99,
        99.99,
        99.99
    ],
    "Satellites": [
        0,
        0,
        0,
        0,
        0
    ],
    "Flight_Mode": [
        "STABILIZE",
        "STABILIZE",
        "STABILIZE",
        "STABILIZE",
        "STABILIZE"
    ],
    "Voltage": [
        4.666,
        4.666,
        4.677,
        4.678,
        4.632
    ],
    "Current": [
        13.42,
        13.41,
        13.2,
        13.17,
        13.03
    ],
    "Armed": [
        false,
        false,
        false,
        false,
        false
    ]
}