{
    "Roll": [
        0.6654877423925565,
        0.6612969944499305,
        0.6640768814421256,
        0.670678259274943,
        0.6712080258224421
    ],
    "Pitch": [
        0.3521014810777406,
        0.3520086065132843,
        0.351528011991724,
        0.35357039863611645,
        0.3493671108930612
    ],
    "Yaw": [
        67.87678072618591,
        67.8928863122488,
        67.93173642824785,
        67.96769054403879,
        68.07135232507207
    ],
    "Latitude": [
        0.0,
        0.0,
        0.0,
        0.0,
        0.0
    ],
    "Longitude": [
        0.0,
        0.0,
        0.0,
        0.0,
        0.0
    ],
    "Altitude": [
        -17.0,
        -17.0,
        -17.0,
        -17.0,
        -17.0
    ],
    "HDOP": [
        99.99,
        99.99,
        99.99,
        99.99,
        99.99
    ],
    "VDOP": [
        99.99,
        99.99,
        99.99,
        99.99,
        99.99
    ],
    "Satellites": [
        0,
        0,
        0,
        0,
        0
    ],
    "Flight_Mode": [
        "STABILIZE",
        "STABILIZE",
        "STABILIZE",
        "STABILIZE",
        "STABILIZE"
    ],
    "Voltage": [
        4.624,
        4.624,
        4.624,
        4.629,
        4.624
    ],
    "Current": [
        13.05,
        13.05,
        13.03,
        13.11,
        13.03
    ],
    "Armed": [
        false,
        false,
        false,
        false,
        false
    ]
}