{
    "Roll": [
        -0.8599968023591218,
        -0.8662649950264893,
        -0.8776295760317443,
        -0.8759019650585542,
        -0.8610962493720822
    ],
    "Pitch": [
        0.6223036579217393,
        0.6216919824650529,
        0.6237523517168695,
        0.617209190574556,
        0.6204613211148341
    ],
    "Yaw": [
        -2.6580942605666955,
        -2.644096214749578,
        -2.635697003061166,
        -2.564820556930767,
        -2.5793906310908734
    ],
    "Latitude": [
        0.0,
        0.0,
        0.0,
        0.0,
        0.0
    ],
    "Longitude": [
        0.0,
        0.0,
        0.0,
        0.0,
        0.0
    ],
    "Altitude": [
        -17.0,
        -17.0,
        -17.0,
        -17.0,
        -17.0
    ],
    "HDOP": [
        99.99,
        99.99,
        99.99,
        99.99,
        99.99
    ],
    "VDOP": [
        99.99,
        99.99,
        99.99,
        99.99,
        99.99
    ],
    "Satellites": [
        0,
        0,
        0,
        0,
        0
    ],
    "Flight_Mode": [
        "STABILIZE",
        "STABILIZE",
        "STABILIZE",
        "STABILIZE",
        "STABILIZE"
    ],
    "Voltage": [
        4.674,
        4.67,
        4.673,
        4.671,
        4.671
    ],
    "Current": [
        13.21,
        13.43,
        13.25,
        13.43,
        13.42
    ],
    "Armed": [
        false,
        false,
        false,
        false,
        false
    ]
}