{
    "Roll": [
        -0.9035467288373578,
        -0.8907689390041448,
        -0.8912265616785356,
        -0.8870763679841067,
        -0.8864458561463499
    ],
    "Pitch": [
        0.6304735780252794,
        0.6361940215377238,
        0.6407249449175281,
        0.6441241913292259,
        0.6436328445958082
    ],
    "Yaw": [
        -2.5555554053216447,
        -2.5745977592842286,
        -2.580531486125677,
        -2.60735129111879,
        -2.6158405759268812
    ],
    "Latitude": [
        0.0,
        0.0,
        0.0,
        0.0,
        0.0
    ],
    "Longitude": [
        0.0,
        0.0,
        0.0,
        0.0,
        0.0
    ],
    "Altitude": [
        -17.0,
        -17.0,
        -17.0,
        -17.0,
        -17.0
    ],
    "HDOP": [
        99.99,
        99.99,
        99.99,
        99.99,
        99.99
    ],
    "VDOP": [
        99.99,
        99.99,
        99.99,
        99.99,
        99.99
    ],
    "Satellites": [
        0,
        0,
        0,
        0,
        0
    ],
    "Flight_Mode": [
        "STABILIZE",
        "STABILIZE",
        "STABILIZE",
        "STABILIZE",
        "STABILIZE"
    ],
    "Voltage": [
        4.674,
        4.674,
        4.671,
        4.68,
        4.655
    ],
    "Current": [
        13.34,
        13.35,
        13.4,
        13.04,
        13.27
    ],
    "Armed": [
        false,
        false,
        false,
        false,
        false
    ]
}