{
    "Roll": [
        -0.8841231649417224,
        -0.8770573342453443,
        -0.8773322493594372,
        -0.8776767470256998,
        -0.8843212404276528
    ],
    "Pitch": [
        0.6416017170913756,
        0.6423782775834943,
        0.6497621923239542,
        0.6469803843410549,
        0.6382393430290253
    ],
    "Yaw": [
        -2.522093454804106,
        -2.5440574221841628,
        -2.5546070762440705,
        -2.534839441568996,
        -2.498033473122501
    ],
    "Latitude": [
        0.0,
        0.0,
        0.0,
        0.0,
        0.0
    ],
    "Longitude": [
        0.0,
        0.0,
        0.0,
        0.0,
        0.0
    ],
    "Altitude": [
        -17.0,
        -17.0,
        -17.0,
        -17.0,
        -17.0
    ],
    "HDOP": [
        99.99,
        99.99,
        99.99,
        99.99,
        99.99
    ],
    "VDOP": [
        99.99,
        99.99,
        99.99,
        99.99,
        99.99
    ],
    "Satellites": [
        0,
        0,
        0,
        0,
        0
    ],
    "Flight_Mode": [
        "STABILIZE",
        "STABILIZE",
        "STABILIZE",
        "STABILIZE",
        "STABILIZE"
    ],
    "Voltage": [
        4.672,
        4.673,
        4.671,
        4.669,
        4.672
    ],
    "Current": [
        13.38,
        13.38,
        13.44,
        13.39,
        13.41
    ],
    "Armed": [
        false,
        false,
        false,
        false,
        false
    ]
}