{
    "Roll": [
        0.656917989418306,
        0.6524075032451588,
        0.6521650315296235,
        0.653504175493769,
        0.6604611500502502
    ],
    "Pitch": [
        0.3515390843686988,
        0.35120261751079634,
        0.3489746951809028,
        0.3464968306160691,
        0.3483196373508163
    ],
    "Yaw": [
        68.75036192103055,
        68.78292826299317,
        68.76486924282766,
        68.72079403211356,
        68.70269403081303
    ],
    "Latitude": [
        0.0,
        0.0,
        0.0,
        0.0,
        0.0
    ],
    "Longitude": [
        0.0,
        0.0,
        0.0,
        0.0,
        0.0
    ],
    "Altitude": [
        -17.0,
        -17.0,
        -17.0,
        -17.0,
        -17.0
    ],
    "HDOP": [
        99.99,
        99.99,
        99.99,
        99.99,
        99.99
    ],
    "VDOP": [
        99.99,
        99.99,
        99.99,
        99.99,
        99.99
    ],
    "Satellites": [
        0,
        0,
        0,
        0,
        0
    ],
    "Flight_Mode": [
        "STABILIZE",
        "STABILIZE",
        "STABILIZE",
        "STABILIZE",
        "STABILIZE"
    ],
    "Voltage": [
        4.623,
        4.624,
        4.629,
        4.628,
        4.623
    ],
    "Current": [
        13.03,
        13.04,
        13.11,
        13.08,
        13.04
    ],
    "Armed": [
        false,
        false,
        false,
        false,
        false
    ]
}