{
    "Roll": [
        -0.9129924535726622,
        -0.9026664882080724,
        -0.8972770420661091,
        -0.8943441161478234,
        -0.9000424149063181
    ],
    "Pitch": [
        0.6351502832551812,
        0.6347148586955929,
        0.6329224676469934,
        0.6343279391512823,
        0.6295119087344828
    ],
    "Yaw": [
        -2.5800762113288136,
        -2.507846747412517,
        -2.5064905279754464,
        -2.5044329334879802,
        -2.5209948615647915
    ],
    "Latitude": [
        0.0,
        0.0,
        0.0,
        0.0,
        0.0
    ],
    "Longitude": [
        0.0,
        0.0,
        0.0,
        0.0,
        0.0
    ],
    "Altitude": [
        -17.0,
        -17.0,
        -17.0,
        -17.0,
        -17.0
    ],
    "HDOP": [
        99.99,
        99.99,
        99.99,
        99.99,
        99.99
    ],
    "VDOP": [
        99.99,
        99.99,
        99.99,
        99.99,
        99.99
    ],
    "Satellites": [
        0,
        0,
        0,
        0,
        0
    ],
    "Flight_Mode": [
        "STABILIZE",
        "STABILIZE",
        "STABILIZE",
        "STABILIZE",
        "STABILIZE"
    ],
    "Voltage": [
        4.67,
        4.68,
        4.673,
        4.673,
        4.657
    ],
    "Current": [
        13.37,
        13.05,
        13.38,
        13.37,
        13.28
    ],
    "Armed": [
        false,
        false,
        false,
        false,
        false
    ]
}