{
    "Roll": [
        0.6478679887680392,
        0.6517710149918783,
        0.6587079258676726,
        0.6545743807593455,
        0.6566558809089068
    ],
    "Pitch": [
        0.35533421494799294,
        0.3557107558064163,
        0.3518603433835274,
        0.3508096948705355,
        0.356017100462862
    ],
    "Yaw": [
        68.48222918478335,
        68.4945166951002,
        68.52467881047498,
        68.57074843642673,
        68.60071247631556
    ],
    "Latitude": [
        0.0,
        0.0,
        0.0,
        0.0,
        0.0
    ],
    "Longitude": [
        0.0,
        0.0,
        0.0,
        0.0,
        0.0
    ],
    "Altitude": [
        -17.0,
        -17.0,
        -17.0,
        -17.0,
        -17.0
    ],
    "HDOP": [
        99.99,
        99.99,
        99.99,
        99.99,
        99.99
    ],
    "VDOP": [
        99.99,
        99.99,
        99.99,
        99.99,
        99.99
    ],
    "Satellites": [
        0,
        0,
        0,
        0,
        0
    ],
    "Flight_Mode": [
        "STABILIZE",
        "STABILIZE",
        "STABILIZE",
        "STABILIZE",
        "STABILIZE"
    ],
    "Voltage": [
        4.623,
        4.613,
        4.625,
        4.603,
        4.625
    ],
    "Current": [
        13.04,
        12.93,
        13.04,
        12.83,
        13.05
    ],
    "Armed": [
        false,
        false,
        false,
        false,
        false
    ]
}