{
    "Roll": [
        -0.8707127288366371,
        -0.8651181635761619,
        -0.862802089117293,
        -0.8721417324770506,
        -0.8869261038223664
    ],
    "Pitch": [
        0.6316367912574443,
        0.635699739957397,
        0.631668167438944,
        0.6305635444232531,
        0.6273082122318017
    ],
    "Yaw": [
        -2.532310990915622,
        -2.5225672991777754,
        -2.4833560369263785,
        -2.4458074988510567,
        -2.4065196104149087
    ],
    "Latitude": [
        0.0,
        0.0,
        0.0,
        0.0,
        0.0
    ],
    "Longitude": [
        0.0,
        0.0,
        0.0,
        0.0,
        0.0
    ],
    "Altitude": [
        -17.0,
        -17.0,
        -17.0,
        -17.0,
        -17.0
    ],
    "HDOP": [
        99.99,
        99.99,
        99.99,
        99.99,
        99.99
    ],
    "VDOP": [
        99.99,
        99.99,
        99.99,
        99.99,
        99.99
    ],
    "Satellites": [
        0,
        0,
        0,
        0,
        0
    ],
    "Flight_Mode": [
        "STABILIZE",
        "STABILIZE",
        "STABILIZE",
        "STABILIZE",
        "STABILIZE"
    ],
    "Voltage": [
        4.644,
        4.65,
        4.673,
        4.671,
        4.67
    ],
    "Current": [
        13.21,
        13.24,
        13.4,
        13.38,
        13.36
    ],
    "Armed": [
        false,
        false,
        false,
        false,
        false
    ]
}