{
    "Roll": [
        -0.8775395029120648,
        -0.8684726402322844,
        -0.8664003181494202,
        -0.8685371001425765,
        -0.8678101118827932
    ],
    "Pitch": [
        0.6391662210437371,
        0.6348167245637613,
        0.6328900242484359,
        0.6332353756883446,
        0.6307665291076495
    ],
    "Yaw": [
        -1.2740408421328848,
        -1.3373514663753199,
        -1.4310494955134356,
        -1.5537006965432356,
        -1.6585766504231947
    ],
    "Latitude": [
        0.0,
        0.0,
        0.0,
        0.0,
        0.0
    ],
    "Longitude": [
        0.0,
        0.0,
        0.0,
        0.0,
        0.0
    ],
    "Altitude": [
        -17.0,
        -17.0,
        -17.0,
        -17.0,
        -17.0
    ],
    "HDOP": [
        99.99,
        99.99,
        99.99,
        99.99,
        99.99
    ],
    "VDOP": [
        99.99,
        99.99,
        99.99,
        99.99,
        99.99
    ],
    "Satellites": [
        0,
        0,
        0,
        0,
        0
    ],
    "Flight_Mode": [
        "STABILIZE",
        "STABILIZE",
        "STABILIZE",
        "STABILIZE",
        "STABILIZE"
    ],
    "Voltage": [
        4.68,
        4.673,
        4.673,
        4.677,
        4.675
    ],
    "Current": [
        13.09,
        13.4,
        13.39,
        13.23,
        13.33
    ],
    "Armed": [
        false,
        false,
        false,
        false,
        false
    ]
}