{
    "Roll": [
        -0.8723641405118993,
        -0.8779213531753508,
        -0.8780974439898902,
        -0.8725462077419623,
        -0.8709270260218462
    ],
    "Pitch": [
        0.6296676690640708,
        0.6294960072003214,
        0.6318785159210393,
        0.6311009415727157,
        0.6240275869960799
    ],
    "Yaw": [
        -1.7368706819922277,
        -1.8187568594561585,
        -1.9030040412170923,
        -1.9579183352571716,
        -1.9844758182974738
    ],
    "Latitude": [
        0.0,
        0.0,
        0.0,
        0.0,
        0.0
    ],
    "Longitude": [
        0.0,
        0.0,
        0.0,
        0.0,
        0.0
    ],
    "Altitude": [
        -17.0,
        -17.0,
        -17.0,
        -17.0,
        -17.0
    ],
    "HDOP": [
        99.99,
        99.99,
        99.99,
        99.99,
        99.99
    ],
    "VDOP": [
        99.99,
        99.99,
        99.99,
        99.99,
        99.99
    ],
    "Satellites": [
        0,
        0,
        0,
        0,
        0
    ],
    "Flight_Mode": [
        "STABILIZE",
        "STABILIZE",
        "STABILIZE",
        "STABILIZE",
        "STABILIZE"
    ],
    "Voltage": [
        4.675,
        4.681,
        4.668,
        4.672,
        4.684
    ],
    "Current": [
        13.32,
        13.05,
        13.36,
        13.42,
        13.0
    ],
    "Armed": [
        false,
        false,
        false,
        false,
        false
    ]
}