{
    "Roll": [
        0.6611975298201421,
        0.6657993697734382,
        0.6611386194385508,
        0.6583775154665732,
        0.6523631070155538
    ],
    "Pitch": [
        0.3554254086455832,
        0.3541716420460627,
        0.3577474328395495,
        0.3559352449145276,
        0.3487631193991911
    ],
    "Yaw": [
        69.3591776628888,
        69.30939241402858,
        69.26998905270678,
        69.22681542696313,
        69.16937353604332
    ],
    "Latitude": [
        0.0,
        0.0,
        0.0,
        0.0,
        0.0
    ],
    "Longitude": [
        0.0,
        0.0,
        0.0,
        0.0,
        0.0
    ],
    "Altitude": [
        -17.0,
        -17.0,
        -17.0,
        -17.0,
        -17.0
    ],
    "HDOP": [
        99.99,
        99.99,
        99.99,
        99.99,
        99.99
    ],
    "VDOP": [
        99.99,
        99.99,
        99.99,
        99.99,
        99.99
    ],
    "Satellites": [
        0,
        0,
        0,
        0,
        0
    ],
    "Flight_Mode": [
        "STABILIZE",
        "STABILIZE",
        "STABILIZE",
        "STABILIZE",
        "STABILIZE"
    ],
    "Voltage": [
        4.625,
        4.625,
        4.624,
        4.624,
        4.627
    ],
    "Current": [
        13.06,
        13.05,
        13.05,
        13.04,
        13.07
    ],
    "Armed": [
        false,
        false,
        false,
        false,
        false
    ]
}