{
    "Roll": [
        -0.8626136185848828,
        -0.8697054893774717,
        -0.8700504139305574,
        -0.8646776163746961,
        -0.8625557754203493
    ],
    "Pitch": [
        0.6242706990418501,
        0.6200177857056064,
        0.6191584625306542,
        0.6188158858550957,
        0.6211144579542166
    ],
    "Yaw": [
        -3.4373428590106343,
        -3.422664142154042,
        -3.4162783421669034,
        -3.4202037799489564,
        -3.4167967962135894
    ],
    "Latitude": [
        0.0,
        0.0,
        0.0,
        0.0,
        0.0
    ],
    "Longitude": [
        0.0,
        0.0,
        0.0,
        0.0,
        0.0
    ],
    "Altitude": [
        -17.0,
        -17.0,
        -17.0,
        -17.0,
        -17.0
    ],
    "HDOP": [
        99.99,
        99.99,
        99.99,
        99.99,
        99.99
    ],
    "VDOP": [
        99.99,
        99.99,
        99.99,
        99.99,
        99.99
    ],
    "Satellites": [
        0,
        0,
        0,
        0,
        0
    ],
    "Flight_Mode": [
        "STABILIZE",
        "STABILIZE",
        "STABILIZE",
        "STABILIZE",
        "STABILIZE"
    ],
    "Voltage": [
        4.624,
        4.609,
        4.628,
        4.671,
        4.661
    ],
    "Current": [
        13.01,
        12.86,
        13.08,
        13.4,
        13.37
    ],
    "Armed": [
        false,
        false,
        false,
        false,
        false
    ]
}