{
    "Roll": [
        -0.8804510844891943,
        -0.8814886329128016,
        -0.891115571104523,
        -0.8923260086914961,
        -0.8999689903727405
    ],
    "Pitch": [
        0.6344098480604695,
        0.6376497056045828,
        0.6469237151152849,
        0.6464097433802415,
        0.6377971950019727
    ],
    "Yaw": [
        -2.5428715305895193,
        -2.5756711662009786,
        -2.592727215775558,
        -2.6082915093467247,
        -2.6090626803927015
    ],
    "Latitude": [
        0.0,
        0.0,
        0.0,
        0.0,
        0.0
    ],
    "Longitude": [
        0.0,
        0.0,
        0.0,
        0.0,
        0.0
    ],
    "Altitude": [
        -17.0,
        -17.0,
        -17.0,
        -17.0,
        -17.0
    ],
    "HDOP": [
        99.99,
        99.99,
        99.99,
        99.99,
        99.99
    ],
    "VDOP": [
        99.99,
        99.99,
        99.99,
        99.99,
        99.99
    ],
    "Satellites": [
        0,
        0,
        0,
        0,
        0
    ],
    "Flight_Mode": [
        "STABILIZE",
        "STABILIZE",
        "STABILIZE",
        "STABILIZE",
        "STABILIZE"
    ],
    "Voltage": [
        4.672,
        4.67,
        4.671,
        4.67,
        4.658
    ],
    "Current": [
        13.38,
        13.44,
        13.42,
        13.43,
        13.32
    ],
    "Armed": [
        false,
        false,
        false,
        false,
        false
    ]
}