{
    "Roll": [
        0.6685083935529945,
        0.662774876631592,
        0.6472823000467106,
        0.6375428771770955,
        0.3849153106760686
    ],
    "Pitch": [
        0.35336474590907563,
        0.35346917309818277,
        0.35382498326525813,
        0.3479909878578623,
        0.7608785912277777
    ],
    "Yaw": [
        68.67763406674825,
        68.66936270766337,
        68.67441704764917,
        68.65386500843661,
        40.33467469060773
    ],
    "Latitude": [
        0.0,
        0.0,
        0.0,
        0.0,
        0.0
    ],
    "Longitude": [
        0.0,
        0.0,
        0.0,
        0.0,
        0.0
    ],
    "Altitude": [
        -17.0,
        -17.0,
        -17.0,
        -17.0,
        -17.0
    ],
    "HDOP": [
        99.99,
        99.99,
        99.99,
        99.99,
        99.99
    ],
    "VDOP": [
        99.99,
        99.99,
        99.99,
        99.99,
        99.99
    ],
    "Satellites": [
        0,
        0,
        0,
        0,
        0
    ],
    "Flight_Mode": [
        "STABILIZE",
        "STABILIZE",
        "STABILIZE",
        "STABILIZE",
        "STABILIZE"
    ],
    "Voltage": [
        4.621,
        4.616,
        4.602,
        4.592,
        4.589
    ],
    "Current": [
        13.03,
        12.97,
        12.88,
        12.75,
        12.73
    ],
    "Armed": [
        false,
        false,
        false,
        false,
        false
    ]
}