{
    "Roll": [
        -0.8691695329710373,
        -0.8654265893058704,
        -0.8612813048099073,
        -0.8651565833902433,
        -0.8686024138265147
    ],
    "Pitch": [
        0.6165087760195124,
        0.6151639758049603,
        0.604653168445957,
        0.6191216435421596,
        0.6215218147051843
    ],
    "Yaw": [
        0.40907168873842026,
        0.3534882496030912,
        0.29384255545889704,
        0.226006530684932,
        0.1933940716052004
    ],
    "Latitude": [
        0.0,
        0.0,
        0.0,
        0.0,
        0.0
    ],
    "Longitude": [
        0.0,
        0.0,
        0.0,
        0.0,
        0.0
    ],
    "Altitude": [
        -17.0,
        -17.0,
        -17.0,
        -17.0,
        -17.0
    ],
    "HDOP": [
        99.99,
        99.99,
        99.99,
        99.99,
        99.99
    ],
    "VDOP": [
        99.99,
        99.99,
        99.99,
        99.99,
        99.99
    ],
    "Satellites": [
        0,
        0,
        0,
        0,
        0
    ],
    "Flight_Mode": [
        "STABILIZE",
        "STABILIZE",
        "STABILIZE",
        "STABILIZE",
        "STABILIZE"
    ],
    "Voltage": [
        4.664,
        4.666,
        4.667,
        4.666,
        4.665
    ],
    "Current": [
        13.39,
        13.41,
        13.46,
        13.45,
        13.32
    ],
    "Armed": [
        false,
        false,
        false,
        false,
        false
    ]
}