{
    "Roll": [
        -0.8667879313848185,
        -0.8689087051221074,
        -0.8702510507374265,
        -0.8754584296493265,
        -0.8782654239547902
    ],
    "Pitch": [
        0.6263410467731573,
        0.6198262202437287,
        0.616358511857772,
        0.6275616229221797,
        0.6325104151409713
    ],
    "Yaw": [
        -2.862058009891851,
        -2.8494210927102697,
        -2.840340783095561,
        -2.781444488769364,
        -2.708751425763153
    ],
    "Latitude": [
        0.0,
        0.0,
        0.0,
        0.0,
        0.0
    ],
    "Longitude": [
        0.0,
        0.0,
        0.0,
        0.0,
        0.0
    ],
    "Altitude": [
        -17.0,
        -17.0,
        -17.0,
        -17.0,
        -17.0
    ],
    "HDOP": [
        99.99,
        99.99,
        99.99,
        99.99,
        99.99
    ],
    "VDOP": [
        99.99,
        99.99,
        99.99,
        99.99,
        99.99
    ],
    "Satellites": [
        0,
        0,
        0,
        0,
        0
    ],
    "Flight_Mode": [
        "STABILIZE",
        "STABILIZE",
        "STABILIZE",
        "STABILIZE",
        "STABILIZE"
    ],
    "Voltage": [
        4.671,
        4.671,
        4.671,
        4.672,
        4.673
    ],
    "Current": [
        13.43,
        13.39,
        13.42,
        13.32,
        13.39
    ],
    "Armed": [
        false,
        false,
        false,
        false,
        false
    ]
}