{
    "Roll": [
        -0.8680982604884031,
        -0.8706446403883485,
        -0.8816141376388006,
        -0.8940435878243428,
        -0.9001433736399873
    ],
    "Pitch": [
        0.6392505311913045,
        0.6380610110586644,
        0.6395517532058727,
        0.6368322173382969,
        0.6366686129633339
    ],
    "Yaw": [
        -3.1492017239201258,
        -3.0621108355869397,
        -2.997082738933364,
        -2.9697634763571936,
        -2.946661642150095
    ],
    "Latitude": [
        0.0,
        0.0,
        0.0,
        0.0,
        0.0
    ],
    "Longitude": [
        0.0,
        0.0,
        0.0,
        0.0,
        0.0
    ],
    "Altitude": [
        -17.0,
        -17.0,
        -17.0,
        -17.0,
        -17.0
    ],
    "HDOP": [
        99.99,
        99.99,
        99.99,
        99.99,
        99.99
    ],
    "VDOP": [
        99.99,
        99.99,
        99.99,
        99.99,
        99.99
    ],
    "Satellites": [
        0,
        0,
        0,
        0,
        0
    ],
    "Flight_Mode": [
        "STABILIZE",
        "STABILIZE",
        "STABILIZE",
        "STABILIZE",
        "STABILIZE"
    ],
    "Voltage": [
        4.668,
        4.675,
        4.669,
        4.669,
        4.668
    ],
    "Current": [
        13.37,
        13.25,
        13.41,
        13.39,
        13.29
    ],
    "Armed": [
        false,
        false,
        false,
        false,
        false
    ]
}