{
    "Roll": [
        -0.8849884645321984,
        -0.8783744935380988,
        -0.8728121582327697,
        -0.8653781376514456,
        -0.8609214392180122
    ],
    "Pitch": [
        0.6320078092675936,
        0.6306401172471514,
        0.6291788836515918,
        0.6309617764683767,
        0.6251992846038544
    ],
    "Yaw": [
        -4.239554340000744,
        -4.345645533944436,
        -4.27796518945878,
        -4.211116420504573,
        -4.12199397778013
    ],
    "Latitude": [
        0.0,
        0.0,
        0.0,
        0.0,
        0.0
    ],
    "Longitude": [
        0.0,
        0.0,
        0.0,
        0.0,
        0.0
    ],
    "Altitude": [
        -17.0,
        -17.0,
        -17.0,
        -17.0,
        -17.0
    ],
    "HDOP": [
        99.99,
        99.99,
        99.99,
        99.99,
        99.99
    ],
    "VDOP": [
        99.99,
        99.99,
        99.99,
        99.99,
        99.99
    ],
    "Satellites": [
        0,
        0,
        0,
        0,
        0
    ],
    "Flight_Mode": [
        "STABILIZE",
        "STABILIZE",
        "STABILIZE",
        "STABILIZE",
        "STABILIZE"
    ],
    "Voltage": [
        4.674,
        4.674,
        4.63,
        4.672,
        4.673
    ],
    "Current": [
        13.31,
        13.35,
        13.1,
        13.42,
        13.39
    ],
    "Armed": [
        false,
        false,
        false,
        false,
        false
    ]
}