{
    "Roll": [
        -0.8852516402586554,
        -0.889351247864544,
        -0.8914402185335101,
        -0.8884692996879662,
        -0.8784854841121116
    ],
    "Pitch": [
        0.6440289955676689,
        0.6389990414916304,
        0.6341211658463307,
        0.6336965201790263,
        0.6361146205886223
    ],
    "Yaw": [
        -2.6325715511856504,
        -2.655016193128547,
        -2.6864478699152996,
        -2.7320726797973385,
        -2.7568464162472095
    ],
    "Latitude": [
        0.0,
        0.0,
        0.0,
        0.0,
        0.0
    ],
    "Longitude": [
        0.0,
        0.0,
        0.0,
        0.0,
        0.0
    ],
    "Altitude": [
        -17.0,
        -17.0,
        -17.0,
        -17.0,
        -17.0
    ],
    "HDOP": [
        99.99,
        99.99,
        99.99,
        99.99,
        99.99
    ],
    "VDOP": [
        99.99,
        99.99,
        99.99,
        99.99,
        99.99
    ],
    "Satellites": [
        0,
        0,
        0,
        0,
        0
    ],
    "Flight_Mode": [
        "STABILIZE",
        "STABILIZE",
        "STABILIZE",
        "STABILIZE",
        "STABILIZE"
    ],
    "Voltage": [
        4.673,
        4.681,
        4.673,
        4.663,
        4.668
    ],
    "Current": [
        13.3,
        13.05,
        13.39,
        13.37,
        13.34
    ],
    "Armed": [
        false,
        false,
        false,
        false,
        false
    ]
}