{
    "Roll": [
        -0.8904163304882429,
        -0.8861651780601446,
        -0.8835376896638054,
        -0.8795680690955586,
        -0.8845248654422838
    ],
    "Pitch": [
        0.6286728093227761,
        0.6316911126056871,
        0.6249900566996699,
        0.6263633516096656,
        0.6254490133953831
    ],
    "Yaw": [
        -4.104842519000583,
        -4.011071705659123,
        -3.8966703059296415,
        -3.809337799654566,
        -3.7256824964738957
    ],
    "Latitude": [
        0.0,
        0.0,
        0.0,
        0.0,
        0.0
    ],
    "Longitude": [
        0.0,
        0.0,
        0.0,
        0.0,
        0.0
    ],
    "Altitude": [
        -17.0,
        -17.0,
        -17.0,
        -17.0,
        -17.0
    ],
    "HDOP": [
        99.99,
        99.99,
        99.99,
        99.99,
        99.99
    ],
    "VDOP": [
        99.99,
        99.99,
        99.99,
        99.99,
        99.99
    ],
    "Satellites": [
        0,
        0,
        0,
        0,
        0
    ],
    "Flight_Mode": [
        "STABILIZE",
        "STABILIZE",
        "STABILIZE",
        "STABILIZE",
        "STABILIZE"
    ],
    "Voltage": [
        4.648,
        4.683,
        4.674,
        4.673,
        4.681
    ],
    "Current": [
        13.27,
        13.04,
        13.32,
        13.36,
        13.05
    ],
    "Armed": [
        false,
        false,
        false,
        false,
        false
    ]
}