{
    "Roll": [
        -0.8790084204704407,
        -0.8752434921338828,
        -0.8711998067018236,
        -0.8620864133583225,
        -0.8586111277312554
    ],
    "Pitch": [
        0.6267684672048119,
        0.6253421316070429,
        0.6264221552695511,
        0.6353953162916554,
        0.6304948690055828
    ],
    "Yaw": [
        -3.424995584538544,
        -3.490905202481874,
        -3.4744717673388235,
        -3.440048254252194,
        -3.3533289708985388
    ],
    "Latitude": [
        0.0,
        0.0,
        0.0,
        0.0,
        0.0
    ],
    "Longitude": [
        0.0,
        0.0,
        0.0,
        0.0,
        0.0
    ],
    "Altitude": [
        -17.0,
        -17.0,
        -17.0,
        -17.0,
        -17.0
    ],
    "HDOP": [
        99.99,
        99.99,
        99.99,
        99.99,
        99.99
    ],
    "VDOP": [
        99.99,
        99.99,
        99.99,
        99.99,
        99.99
    ],
    "Satellites": [
        0,
        0,
        0,
        0,
        0
    ],
    "Flight_Mode": [
        "STABILIZE",
        "STABILIZE",
        "STABILIZE",
        "STABILIZE",
        "STABILIZE"
    ],
    "Voltage": [
        4.671,
        4.672,
        4.665,
        4.685,
        4.675
    ],
    "Current": [
        13.41,
        13.42,
        13.35,
        13.16,
        13.36
    ],
    "Armed": [
        false,
        false,
        false,
        false,
        false
    ]
}