{
    "Roll": [
        -0.8766398389323272,
        -0.8850962534550376,
        -0.8851333926086496,
        -0.8794182318206414,
        -0.8735604908337092
    ],
    "Pitch": [
        0.6285921277132054,
        0.6312738840969345,
        0.6307245874772774,
        0.6285510398564795,
        0.6309295998740836
    ],
    "Yaw": [
        -2.6793570663397683,
        -2.6531355432292663,
        -2.6256258891299824,
        -2.6069308075980113,
        -2.6314490522842413
    ],
    "Latitude": [
        0.0,
        0.0,
        0.0,
        0.0,
        0.0
    ],
    "Longitude": [
        0.0,
        0.0,
        0.0,
        0.0,
        0.0
    ],
    "Altitude": [
        -17.0,
        -17.0,
        -17.0,
        -17.0,
        -17.0
    ],
    "HDOP": [
        99.99,
        99.99,
        99.99,
        99.99,
        99.99
    ],
    "VDOP": [
        99.99,
        99.99,
        99.99,
        99.99,
        99.99
    ],
    "Satellites": [
        0,
        0,
        0,
        0,
        0
    ],
    "Flight_Mode": [
        "STABILIZE",
        "STABILIZE",
        "STABILIZE",
        "STABILIZE",
        "STABILIZE"
    ],
    "Voltage": [
        4.673,
        4.679,
        4.671,
        4.661,
        4.681
    ],
    "Current": [
        13.38,
        13.14,
        13.42,
        13.37,
        13.09
    ],
    "Armed": [
        false,
        false,
        false,
        false,
        false
    ]
}