{
    "Roll": [
        -0.8826615044593397,
        -0.8864966556783018,
        -0.8877391097770094,
        -0.8807966493725147,
        -0.880278835656063
    ],
    "Pitch": [
        0.6325606810643943,
        0.6397444926065139,
        0.6353365126317698,
        0.6327153741769246,
        0.630417175603774
    ],
    "Yaw": [
        -2.6583448431318706,
        -2.659439380946365,
        -2.647024018025986,
        -2.5125738786484004,
        -2.4164445156091716
    ],
    "Latitude": [
        0.0,
        0.0,
        0.0,
        0.0,
        0.0
    ],
    "Longitude": [
        0.0,
        0.0,
        0.0,
        0.0,
        0.0
    ],
    "Altitude": [
        -17.0,
        -17.0,
        -17.0,
        -17.0,
        -17.0
    ],
    "HDOP": [
        99.99,
        99.99,
        99.99,
        99.99,
        99.99
    ],
    "VDOP": [
        99.99,
        99.99,
        99.99,
        99.99,
        99.99
    ],
    "Satellites": [
        0,
        0,
        0,
        0,
        0
    ],
    "Flight_Mode": [
        "STABILIZE",
        "STABILIZE",
        "STABILIZE",
        "STABILIZE",
        "STABILIZE"
    ],
    "Voltage": [
        4.674,
        4.682,
        4.672,
        4.674,
        4.645
    ],
    "Current": [
        13.39,
        13.02,
        13.4,
        13.34,
        13.25
    ],
    "Armed": [
        false,
        false,
        false,
        false,
        false
    ]
}