{
    "Roll": [
        -0.881932808652264,
        -0.8834070622959289,
        -0.8863946297275748,
        -0.8777441951437536,
        -0.8688186320024279
    ],
    "Pitch": [
        0.6288001283177734,
        0.6293398199839102,
        0.6276217072425346,
        0.6288644281455067,
        0.6332018650727292
    ],
    "Yaw": [
        -3.513119752427106,
        -3.4687510570221147,
        -3.426684989141064,
        -3.3863715051123564,
        -3.3331397854856273
    ],
    "Latitude": [
        0.0,
        0.0,
        0.0,
        0.0,
        0.0
    ],
    "Longitude": [
        0.0,
        0.0,
        0.0,
        0.0,
        0.0
    ],
    "Altitude": [
        -17.0,
        -17.0,
        -17.0,
        -17.0,
        -17.0
    ],
    "HDOP": [
        99.99,
        99.99,
        99.99,
        99.99,
        99.99
    ],
    "VDOP": [
        99.99,
        99.99,
        99.99,
        99.99,
        99.99
    ],
    "Satellites": [
        0,
        0,
        0,
        0,
        0
    ],
    "Flight_Mode": [
        "STABILIZE",
        "STABILIZE",
        "STABILIZE",
        "STABILIZE",
        "STABILIZE"
    ],
    "Voltage": [
        4.673,
        4.646,
        4.68,
        4.671,
        4.673
    ],
    "Current": [
        13.37,
        13.28,
        13.04,
        13.42,
        13.38
    ],
    "Armed": [
        false,
        false,
        false,
        false,
        false
    ]
}