{
    "Roll": [
        0.6715294716002559,
        0.6749560921294866,
        0.6771695003073939,
        0.6719059857782528,
        0.6627338954965719
    ],
    "Pitch": [
        0.3547668023187794,
        0.3560987425677848,
        0.35835203798322784,
        0.3596694907606734,
        0.3553911242976009
    ],
    "Yaw": [
        68.2353178462874,
        68.08556594873487,
        67.93782212679832,
        67.77908170029805,
        67.4568675262027
    ],
    "Latitude": [
        0.0,
        0.0,
        0.0,
        0.0,
        0.0
    ],
    "Longitude": [
        0.0,
        0.0,
        0.0,
        0.0,
        0.0
    ],
    "Altitude": [
        -17.0,
        -17.0,
        -17.0,
        -17.0,
        -17.0
    ],
    "HDOP": [
        99.99,
        99.99,
        99.99,
        99.99,
        99.99
    ],
    "VDOP": [
        99.99,
        99.99,
        99.99,
        99.99,
        99.99
    ],
    "Satellites": [
        0,
        0,
        0,
        0,
        0
    ],
    "Flight_Mode": [
        "STABILIZE",
        "STABILIZE",
        "STABILIZE",
        "STABILIZE",
        "STABILIZE"
    ],
    "Voltage": [
        4.625,
        4.625,
        4.623,
        4.624,
        4.624
    ],
    "Current": [
        13.04,
        13.05,
        13.03,
        13.05,
        13.04
    ],
    "Armed": [
        false,
        false,
        false,
        false,
        false
    ]
}