{
    "Roll": [
        -0.9005664184817049,
        -0.8943396338361805,
        -0.8831063205290367,
        -0.8787401221021061,
        -0.8742087184746258
    ],
    "Pitch": [
        0.6195833216413701,
        0.6167496469094611,
        0.6168850767540978,
        0.6273810497959975,
        0.6291615947352551
    ],
    "Yaw": [
        -4.051626807629721,
        -4.308640422794953,
        -4.297253643674896,
        -4.276512920486506,
        -4.231727796985556
    ],
    "Latitude": [
        0.0,
        0.0,
        0.0,
        0.0,
        0.0
    ],
    "Longitude": [
        0.0,
        0.0,
        0.0,
        0.0,
        0.0
    ],
    "Altitude": [
        -17.0,
        -17.0,
        -17.0,
        -17.0,
        -17.0
    ],
    "HDOP": [
        99.99,
        99.99,
        99.99,
        99.99,
        99.99
    ],
    "VDOP": [
        99.99,
        99.99,
        99.99,
        99.99,
        99.99
    ],
    "Satellites": [
        0,
        0,
        0,
        0,
        0
    ],
    "Flight_Mode": [
        "STABILIZE",
        "STABILIZE",
        "STABILIZE",
        "STABILIZE",
        "STABILIZE"
    ],
    "Voltage": [
        4.662,
        4.672,
        4.673,
        4.672,
        4.675
    ],
    "Current": [
        13.32,
        13.4,
        13.44,
        13.4,
        13.36
    ],
    "Armed": [
        false,
        false,
        false,
        false,
        false
    ]
}