{
    "Roll": [
        -0.8792577223751461,
        -0.8712672548198774,
        -0.8721346888444691,
        -0.8676269774356722,
        -0.8708828432356527
    ],
    "Pitch": [
        0.6409162435751413,
        0.6380082371751555,
        0.6363697921871458,
        0.6325631356636273,
        0.6337321652287573
    ],
    "Yaw": [
        -2.0437998532204427,
        -2.0780767306833283,
        -2.1770668757677347,
        -2.3426831683280884,
        -2.493467278218936
    ],
    "Latitude": [
        0.0,
        0.0,
        0.0,
        0.0,
        0.0
    ],
    "Longitude": [
        0.0,
        0.0,
        0.0,
        0.0,
        0.0
    ],
    "Altitude": [
        -17.0,
        -17.0,
        -17.0,
        -17.0,
        -17.0
    ],
    "HDOP": [
        99.99,
        99.99,
        99.99,
        99.99,
        99.99
    ],
    "VDOP": [
        99.99,
        99.99,
        99.99,
        99.99,
        99.99
    ],
    "Satellites": [
        0,
        0,
        0,
        0,
        0
    ],
    "Flight_Mode": [
        "STABILIZE",
        "STABILIZE",
        "STABILIZE",
        "STABILIZE",
        "STABILIZE"
    ],
    "Voltage": [
        4.672,
        4.681,
        4.674,
        4.672,
        4.661
    ],
    "Current": [
        13.39,
        13.03,
        13.35,
        13.41,
        13.2
    ],
    "Armed": [
        false,
        false,
        false,
        false,
        false
    ]
}