{
    "Roll": [
        -0.8751414661831557,
        -0.8736497101797426,
        -0.8791450242538409,
        -0.879611824994929,
        -0.8788622117335201
    ],
    "Pitch": [
        0.6297007527928631,
        0.6290119709037496,
        0.6230275512520548,
        0.6205457379841072,
        0.6242714994546434
    ],
    "Yaw": [
        -2.516214582919429,
        -2.540734748596363,
        -2.56247203907334,
        -2.589523003281176,
        -2.611575549677031
    ],
    "Latitude": [
        0.0,
        0.0,
        0.0,
        0.0,
        0.0
    ],
    "Longitude": [
        0.0,
        0.0,
        0.0,
        0.0,
        0.0
    ],
    "Altitude": [
        -17.0,
        -17.0,
        -17.0,
        -17.0,
        -17.0
    ],
    "HDOP": [
        99.99,
        99.99,
        99.99,
        99.99,
        99.99
    ],
    "VDOP": [
        99.99,
        99.99,
        99.99,
        99.99,
        99.99
    ],
    "Satellites": [
        0,
        0,
        0,
        0,
        0
    ],
    "Flight_Mode": [
        "STABILIZE",
        "STABILIZE",
        "STABILIZE",
        "STABILIZE",
        "STABILIZE"
    ],
    "Voltage": [
        4.674,
        4.673,
        4.681,
        4.661,
        4.671
    ],
    "Current": [
        13.39,
        13.38,
        13.04,
        13.34,
        13.4
    ],
    "Armed": [
        false,
        false,
        false,
        false,
        false
    ]
}