{
    "Roll": [
        -0.8918143848339799,
        -0.8855126815509968,
        -0.8777753578818418,
        -0.8838751436974863,
        -0.885436909139892
    ],
    "Pitch": [
        0.6302028784185648,
        0.6341033433214652,
        0.6336050596771716,
        0.6333000490420482,
        0.6334430027669424
    ],
    "Yaw": [
        -3.6313938694159855,
        -3.558098042215521,
        -3.4931499868412814,
        -3.4559822318121873,
        -3.4087469913899064
    ],
    "Latitude": [
        0.0,
        0.0,
        0.0,
        0.0,
        0.0
    ],
    "Longitude": [
        0.0,
        0.0,
        0.0,
        0.0,
        0.0
    ],
    "Altitude": [
        -17.0,
        -17.0,
        -17.0,
        -17.0,
        -17.0
    ],
    "HDOP": [
        99.99,
        99.99,
        99.99,
        99.99,
        99.99
    ],
    "VDOP": [
        99.99,
        99.99,
        99.99,
        99.99,
        99.99
    ],
    "Satellites": [
        0,
        0,
        0,
        0,
        0
    ],
    "Flight_Mode": [
        "STABILIZE",
        "STABILIZE",
        "STABILIZE",
        "STABILIZE",
        "STABILIZE"
    ],
    "Voltage": [
        4.654,
        4.672,
        4.674,
        4.674,
        4.674
    ],
    "Current": [
        13.29,
        13.39,
        13.38,
        13.35,
        13.35
    ],
    "Armed": [
        false,
        false,
        false,
        false,
        false
    ]
}