{
    "Roll": [
        -0.8810077449065503,
        -0.8779296774684018,
        -0.87814248054973,
        -0.8787253945067083,
        -0.8788156810697993
    ],
    "Pitch": [
        0.6415793055331614,
        0.6379197115202098,
        0.6334034623749505,
        0.6309520114322976,
        0.6301033070670707
    ],
    "Yaw": [
        -1.2363182409554334,
        -1.3344733954138057,
        -1.4432610199757723,
        -1.5257233879292171,
        -1.598382833598107
    ],
    "Latitude": [
        0.0,
        0.0,
        0.0,
        0.0,
        0.0
    ],
    "Longitude": [
        0.0,
        0.0,
        0.0,
        0.0,
        0.0
    ],
    "Altitude": [
        -17.0,
        -17.0,
        -17.0,
        -17.0,
        -17.0
    ],
    "HDOP": [
        99.99,
        99.99,
        99.99,
        99.99,
        99.99
    ],
    "VDOP": [
        99.99,
        99.99,
        99.99,
        99.99,
        99.99
    ],
    "Satellites": [
        0,
        0,
        0,
        0,
        0
    ],
    "Flight_Mode": [
        "STABILIZE",
        "STABILIZE",
        "STABILIZE",
        "STABILIZE",
        "STABILIZE"
    ],
    "Voltage": [
        4.675,
        4.673,
        4.672,
        4.672,
        4.665
    ],
    "Current": [
        13.32,
        13.39,
        13.4,
        13.4,
        13.27
    ],
    "Armed": [
        false,
        false,
        false,
        false,
        false
    ]
}