{
    "Roll": [
        0.6588586169162359,
        0.6527242532679183,
        0.650843389925226,
        0.6500656021334907,
        0.6501864111044353
    ],
    "Pitch": [
        0.34268721256521517,
        0.3466344482556743,
        0.34817935166856656,
        0.35205593758979836,
        0.3566136481177538
    ],
    "Yaw": [
        68.63982213950307,
        68.57880122945816,
        68.58455224873931,
        68.61851877948179,
        68.58285836182516
    ],
    "Latitude": [
        0.0,
        0.0,
        0.0,
        0.0,
        0.0
    ],
    "Longitude": [
        0.0,
        0.0,
        0.0,
        0.0,
        0.0
    ],
    "Altitude": [
        -17.0,
        -17.0,
        -17.0,
        -17.0,
        -17.0
    ],
    "HDOP": [
        99.99,
        99.99,
        99.99,
        99.99,
        99.99
    ],
    "VDOP": [
        99.99,
        99.99,
        99.99,
        99.99,
        99.99
    ],
    "Satellites": [
        0,
        0,
        0,
        0,
        0
    ],
    "Flight_Mode": [
        "STABILIZE",
        "STABILIZE",
        "STABILIZE",
        "STABILIZE",
        "STABILIZE"
    ],
    "Voltage": [
        4.623,
        4.624,
        4.624,
        4.627,
        4.625
    ],
    "Current": [
        13.03,
        13.05,
        13.03,
        13.07,
        13.05
    ],
    "Armed": [
        false,
        false,
        false,
        false,
        false
    ]
}