{
    "Roll": [
        -0.8595344839296765,
        -0.8616838590841149,
        -0.8560991122205717,
        -0.8560809695305888,
        -0.8505922722022489
    ],
    "Pitch": [
        0.6261064724638497,
        0.6346809211931543,
        0.6348329462630401,
        0.6348544506867551,
        0.6323232252690306
    ],
    "Yaw": [
        -2.6120212195203747,
        -2.5743450422849383,
        -2.4937078289437675,
        -2.4310956982656724,
        -2.4376620713789934
    ],
    "Latitude": [
        0.0,
        0.0,
        0.0,
        0.0,
        0.0
    ],
    "Longitude": [
        0.0,
        0.0,
        0.0,
        0.0,
        0.0
    ],
    "Altitude": [
        -17.0,
        -17.0,
        -17.0,
        -17.0,
        -17.0
    ],
    "HDOP": [
        99.99,
        99.99,
        99.99,
        99.99,
        99.99
    ],
    "VDOP": [
        99.99,
        99.99,
        99.99,
        99.99,
        99.99
    ],
    "Satellites": [
        0,
        0,
        0,
        0,
        0
    ],
    "Flight_Mode": [
        "STABILIZE",
        "STABILIZE",
        "STABILIZE",
        "STABILIZE",
        "STABILIZE"
    ],
    "Voltage": [
        4.671,
        4.674,
        4.677,
        4.671,
        4.673
    ],
    "Current": [
        13.42,
        13.38,
        13.19,
        13.42,
        13.4
    ],
    "Armed": [
        false,
        false,
        false,
        false,
        false
    ]
}