{
    "Roll": [
        -0.8816990881166026,
        -0.8796615573098231,
        -0.8761305629523382,
        -0.8762067622502661,
        -0.87161175248614
    ],
    "Pitch": [
        0.6268364489313948,
        0.6292927557116605,
        0.6317152850720466,
        0.6372285817535691,
        0.6353761063846147
    ],
    "Yaw": [
        -3.1288362342492637,
        -3.046603744850072,
        -3.0038506026272,
        -2.963711288422328,
        -2.9382252913080715
    ],
    "Latitude": [
        0.0,
        0.0,
        0.0,
        0.0,
        0.0
    ],
    "Longitude": [
        0.0,
        0.0,
        0.0,
        0.0,
        0.0
    ],
    "Altitude": [
        -17.0,
        -17.0,
        -17.0,
        -17.0,
        -17.0
    ],
    "HDOP": [
        99.99,
        99.99,
        99.99,
        99.99,
        99.99
    ],
    "VDOP": [
        99.99,
        99.99,
        99.99,
        99.99,
        99.99
    ],
    "Satellites": [
        0,
        0,
        0,
        0,
        0
    ],
    "Flight_Mode": [
        "STABILIZE",
        "STABILIZE",
        "STABILIZE",
        "STABILIZE",
        "STABILIZE"
    ],
    "Voltage": [
        4.672,
        4.673,
        4.678,
        4.655,
        4.669
    ],
    "Current": [
        13.41,
        13.37,
        13.23,
        13.23,
        13.44
    ],
    "Armed": [
        false,
        false,
        false,
        false,
        false
    ]
}