{
    "Roll": [
        -0.8558572808352709,
        -0.8514605600004868,
        -0.8569789259630339,
        -0.8594890204830136,
        -0.8595541207235403
    ],
    "Pitch": [
        0.6275147720933416,
        0.6210432745764604,
        0.6209792415529914,
        0.6213513801410514,
        0.6280055852182305
    ],
    "Yaw": [
        -2.1852863681036108,
        -2.1891558837118343,
        -2.22739320367627,
        -2.2049703329613526,
        -2.2090044134398914
    ],
    "Latitude": [
        0.0,
        0.0,
        0.0,
        0.0,
        0.0
    ],
    "Longitude": [
        0.0,
        0.0,
        0.0,
        0.0,
        0.0
    ],
    "Altitude": [
        -17.0,
        -17.0,
        -17.0,
        -17.0,
        -17.0
    ],
    "HDOP": [
        99.99,
        99.99,
        99.99,
        99.99,
        99.99
    ],
    "VDOP": [
        99.99,
        99.99,
        99.99,
        99.99,
        99.99
    ],
    "Satellites": [
        0,
        0,
        0,
        0,
        0
    ],
    "Flight_Mode": [
        "STABILIZE",
        "STABILIZE",
        "STABILIZE",
        "STABILIZE",
        "STABILIZE"
    ],
    "Voltage": [
        4.656,
        4.667,
        4.649,
        4.667,
        4.657
    ],
    "Current": [
        13.33,
        13.41,
        13.29,
        13.44,
        13.31
    ],
    "Armed": [
        false,
        false,
        false,
        false,
        false
    ]
}