{
    "Roll": [
        -0.8790175985371379,
        -0.884637563563589,
        -0.885523353721575,
        -0.877996485256221,
        -0.8788009534744016
    ],
    "Pitch": [
        0.6112432337779614,
        0.6198306491945186,
        0.6307991325887657,
        0.6382703456845548,
        0.6345656083900575
    ],
    "Yaw": [
        -3.494595852511208,
        -3.459043223777411,
        -3.26977078447013,
        -3.384533543895388,
        -3.4923754007007193
    ],
    "Latitude": [
        0.0,
        0.0,
        0.0,
        0.0,
        0.0
    ],
    "Longitude": [
        0.0,
        0.0,
        0.0,
        0.0,
        0.0
    ],
    "Altitude": [
        -17.0,
        -17.0,
        -17.0,
        -17.0,
        -17.0
    ],
    "HDOP": [
        99.99,
        99.99,
        99.99,
        99.99,
        99.99
    ],
    "VDOP": [
        99.99,
        99.99,
        99.99,
        99.99,
        99.99
    ],
    "Satellites": [
        0,
        0,
        0,
        0,
        0
    ],
    "Flight_Mode": [
        "STABILIZE",
        "STABILIZE",
        "STABILIZE",
        "STABILIZE",
        "STABILIZE"
    ],
    "Voltage": [
        4.649,
        4.681,
        4.671,
        4.672,
        4.682
    ],
    "Current": [
        13.29,
        13.06,
        13.4,
        13.42,
        13.03
    ],
    "Armed": [
        false,
        false,
        false,
        false,
        false
    ]
}