{
    "Roll": [
        -0.8549426758167239,
        -0.8627798910024904,
        -0.8648473038868886,
        -0.8679277192025644,
        -0.8714990543648348
    ],
    "Pitch": [
        0.6330127542100845,
        0.6376128332552352,
        0.630915245804656,
        0.630588997550082,
        0.6298969606489423
    ],
    "Yaw": [
        -2.3799841120459972,
        -2.3009389731116747,
        -2.311874105972865,
        -2.37048609367486,
        -2.4145418810385
    ],
    "Latitude": [
        0.0,
        0.0,
        0.0,
        0.0,
        0.0
    ],
    "Longitude": [
        0.0,
        0.0,
        0.0,
        0.0,
        0.0
    ],
    "Altitude": [
        -17.0,
        -17.0,
        -17.0,
        -17.0,
        -17.0
    ],
    "HDOP": [
        99.99,
        99.99,
        99.99,
        99.99,
        99.99
    ],
    "VDOP": [
        99.99,
        99.99,
        99.99,
        99.99,
        99.99
    ],
    "Satellites": [
        0,
        0,
        0,
        0,
        0
    ],
    "Flight_Mode": [
        "STABILIZE",
        "STABILIZE",
        "STABILIZE",
        "STABILIZE",
        "STABILIZE"
    ],
    "Voltage": [
        4.661,
        4.678,
        4.645,
        4.672,
        4.68
    ],
    "Current": [
        13.36,
        13.13,
        13.26,
        13.43,
        13.09
    ],
    "Armed": [
        false,
        false,
        false,
        false,
        false
    ]
}