{
    "Roll": [
        2.98412181465303,
        2.993586322408552,
        2.9842972651373345,
        2.977693752870402
    ],
    "Pitch": [
        1.6485936886209862,
        1.647989750487969,
        1.6485982776543349,
        1.6514614075770395
    ],
    "Yaw": [
        82.47558607703616,
        82.47783320927309,
        82.44340222566704,
        82.44582011263323
    ],
    "Latitude": [
        0.0,
        0.0,
        0.0,
        0.0
    ],
    "Longitude": [
        0.0,
        0.0,
        0.0,
        0.0
    ],
    "Altitude": [
        -17.0,
        -17.0,
        -17.0,
        -17.0
    ],
    "HDOP": [
        99.99,
        99.99,
        99.99,
        99.99
    ],
    "VDOP": [
        99.99,
        99.99,
        99.99,
        99.99
    ],
    "Satellites": [
        0,
        0,
        0,
        0
    ],
    "Flight_Mode": [
        "STABILIZE",
        "STABILIZE",
        "STABILIZE",
        "STABILIZE"
    ],
    "Voltage": [
        4.677,
        4.676,
        4.683,
        4.685
    ],
    "Current": [
        13.39,
        13.46,
        13.26,
        13.29
    ],
    "Armed": [
        false,
        false,
        false,
        false
    ]
}