{
    "Roll": [
        -0.877087216322963,
        -0.8728441747445042,
        -0.8678344444317113,
        -0.8728448150747389,
        -0.8798013627443968
    ],
    "Pitch": [
        0.632258125028504,
        0.6308423548796073,
        0.6322791492045429,
        0.6400687665095308,
        0.634749009641443
    ],
    "Yaw": [
        -3.2758929818439886,
        -3.2657811002211963,
        -3.2710663859783167,
        -3.269812619378796,
        -3.2450469937785646
    ],
    "Latitude": [
        0.0,
        0.0,
        0.0,
        0.0,
        0.0
    ],
    "Longitude": [
        0.0,
        0.0,
        0.0,
        0.0,
        0.0
    ],
    "Altitude": [
        -17.0,
        -17.0,
        -17.0,
        -17.0,
        -17.0
    ],
    "HDOP": [
        99.99,
        99.99,
        99.99,
        99.99,
        99.99
    ],
    "VDOP": [
        99.99,
        99.99,
        99.99,
        99.99,
        99.99
    ],
    "Satellites": [
        0,
        0,
        0,
        0,
        0
    ],
    "Flight_Mode": [
        "STABILIZE",
        "STABILIZE",
        "STABILIZE",
        "STABILIZE",
        "STABILIZE"
    ],
    "Voltage": [
        4.673,
        4.675,
        4.675,
        4.675,
        4.669
    ],
    "Current": [
        13.43,
        13.38,
        13.35,
        13.34,
        13.36
    ],
    "Armed": [
        false,
        false,
        false,
        false,
        false
    ]
}