{
    "Roll": [
        -0.8617468248905259,
        -0.8610909132867931,
        -0.8572290816413857,
        -0.8562809660072233,
        -0.8501965481172112
    ],
    "Pitch": [
        0.6321124499001123,
        0.6275124242158144,
        0.6249167388877981,
        0.6216398489117786,
        0.630192526413104
    ],
    "Yaw": [
        -2.4080139277392605,
        -2.4663025486727377,
        -2.5011973448120983,
        -2.532074709059022,
        -2.4629713373484754
    ],
    "Latitude": [
        0.0,
        0.0,
        0.0,
        0.0,
        0.0
    ],
    "Longitude": [
        0.0,
        0.0,
        0.0,
        0.0,
        0.0
    ],
    "Altitude": [
        -17.0,
        -17.0,
        -17.0,
        -17.0,
        -17.0
    ],
    "HDOP": [
        99.99,
        99.99,
        99.99,
        99.99,
        99.99
    ],
    "VDOP": [
        99.99,
        99.99,
        99.99,
        99.99,
        99.99
    ],
    "Satellites": [
        0,
        0,
        0,
        0,
        0
    ],
    "Flight_Mode": [
        "STABILIZE",
        "STABILIZE",
        "STABILIZE",
        "STABILIZE",
        "STABILIZE"
    ],
    "Voltage": [
        4.679,
        4.671,
        4.654,
        4.681,
        4.67
    ],
    "Current": [
        13.12,
        13.41,
        13.17,
        13.05,
        13.45
    ],
    "Armed": [
        false,
        false,
        false,
        false,
        false
    ]
}