{
    "Roll": [
        -0.8743299543323935,
        -0.8743559944286041,
        -0.880126010173384,
        -0.8771222210424593,
        -0.881681799200266
    ],
    "Pitch": [
        0.623544084308037,
        0.6219027044731184,
        0.6265585456095398,
        0.6321934516748003,
        0.6339104971991181
    ],
    "Yaw": [
        -3.0074302620825217,
        -3.2231675499894865,
        -3.451002597020425,
        -3.6737658017058057,
        -3.8587503763182
    ],
    "Latitude": [
        0.0,
        0.0,
        0.0,
        0.0,
        0.0
    ],
    "Longitude": [
        0.0,
        0.0,
        0.0,
        0.0,
        0.0
    ],
    "Altitude": [
        -17.0,
        -17.0,
        -17.0,
        -17.0,
        -17.0
    ],
    "HDOP": [
        99.99,
        99.99,
        99.99,
        99.99,
        99.99
    ],
    "VDOP": [
        99.99,
        99.99,
        99.99,
        99.99,
        99.99
    ],
    "Satellites": [
        0,
        0,
        0,
        0,
        0
    ],
    "Flight_Mode": [
        "STABILIZE",
        "STABILIZE",
        "STABILIZE",
        "STABILIZE",
        "STABILIZE"
    ],
    "Voltage": [
        4.674,
        4.674,
        4.653,
        4.668,
        4.675
    ],
    "Current": [
        13.39,
        13.41,
        13.25,
        13.11,
        13.3
    ],
    "Armed": [
        false,
        false,
        false,
        false,
        false
    ]
}