{
    "Roll": [
        -0.8930237552038953,
        -0.8661917839363233,
        -0.8734584648829822,
        -0.863228335610184,
        -0.8732885639273781
    ],
    "Pitch": [
        0.6335576752398047,
        0.6229131455834571,
        0.635993171287443,
        0.6212609334954016,
        0.6284104873699653
    ],
    "Yaw": [
        -2.5889240810683303,
        -2.611571707695623,
        -2.6324236349014374,
        -2.662496317486769,
        -2.668895137522013
    ],
    "Latitude": [
        0.0,
        0.0,
        0.0,
        0.0,
        0.0
    ],
    "Longitude": [
        0.0,
        0.0,
        0.0,
        0.0,
        0.0
    ],
    "Altitude": [
        -17.0,
        -17.0,
        -17.0,
        -17.0,
        -17.0
    ],
    "HDOP": [
        99.99,
        99.99,
        99.99,
        99.99,
        99.99
    ],
    "VDOP": [
        99.99,
        99.99,
        99.99,
        99.99,
        99.99
    ],
    "Satellites": [
        0,
        0,
        0,
        0,
        0
    ],
    "Flight_Mode": [
        "STABILIZE",
        "STABILIZE",
        "STABILIZE",
        "STABILIZE",
        "STABILIZE"
    ],
    "Voltage": [
        4.672,
        4.672,
        4.672,
        4.671,
        4.644
    ],
    "Current": [
        13.39,
        13.42,
        13.42,
        13.43,
        13.24
    ],
    "Armed": [
        false,
        false,
        false,
        false,
        false
    ]
}