{
    "Roll": [
        0.6469864674782844,
        0.6555660388494666,
        0.6534606330378102,
        0.6625823506743622,
        0.6715234951847321
    ],
    "Pitch": [
        0.3515128041486501,
        0.3521369927253394,
        0.352091262474412,
        0.35458249393289487,
        0.3571335695878946
    ],
    "Yaw": [
        68.64992398928551,
        68.64682308340232,
        68.6408398376894,
        68.65560670667496,
        68.67298270792347
    ],
    "Latitude": [
        0.0,
        0.0,
        0.0,
        0.0,
        0.0
    ],
    "Longitude": [
        0.0,
        0.0,
        0.0,
        0.0,
        0.0
    ],
    "Altitude": [
        -17.0,
        -17.0,
        -17.0,
        -17.0,
        -17.0
    ],
    "HDOP": [
        99.99,
        99.99,
        99.99,
        99.99,
        99.99
    ],
    "VDOP": [
        99.99,
        99.99,
        99.99,
        99.99,
        99.99
    ],
    "Satellites": [
        0,
        0,
        0,
        0,
        0
    ],
    "Flight_Mode": [
        "STABILIZE",
        "STABILIZE",
        "STABILIZE",
        "STABILIZE",
        "STABILIZE"
    ],
    "Voltage": [
        4.623,
        4.628,
        4.625,
        4.623,
        4.624
    ],
    "Current": [
        13.02,
        13.11,
        13.04,
        13.04,
        13.04
    ],
    "Armed": [
        false,
        false,
        false,
        false,
        false
    ]
}