{
    "Roll": [
        -0.8760157303969173,
        -0.8823212756613085,
        -0.875449891912864,
        -0.8718232749069988,
        -0.8686468100561198
    ],
    "Pitch": [
        0.6435443723017154,
        0.6490575089006791,
        0.6491131109093913,
        0.642224598327169,
        0.6333298243979613
    ],
    "Yaw": [
        -2.742541011917441,
        -2.7358508416254135,
        -2.7395190800965334,
        -2.748247421525575,
        -2.761106533298593
    ],
    "Latitude": [
        0.0,
        0.0,
        0.0,
        0.0,
        0.0
    ],
    "Longitude": [
        0.0,
        0.0,
        0.0,
        0.0,
        0.0
    ],
    "Altitude": [
        -17.0,
        -17.0,
        -17.0,
        -17.0,
        -17.0
    ],
    "HDOP": [
        99.99,
        99.99,
        99.99,
        99.99,
        99.99
    ],
    "VDOP": [
        99.99,
        99.99,
        99.99,
        99.99,
        99.99
    ],
    "Satellites": [
        0,
        0,
        0,
        0,
        0
    ],
    "Flight_Mode": [
        "STABILIZE",
        "STABILIZE",
        "STABILIZE",
        "STABILIZE",
        "STABILIZE"
    ],
    "Voltage": [
        4.67,
        4.673,
        4.673,
        4.672,
        4.671
    ],
    "Current": [
        13.36,
        13.38,
        13.38,
        13.38,
        13.44
    ],
    "Armed": [
        false,
        false,
        false,
        false,
        false
    ]
}