{
    "Roll": [
        0.6672285868572634,
        0.6636312115987824,
        0.6647594734723038,
        0.662595157279056,
        0.6565419021271323
    ],
    "Pitch": [
        0.346925638429899,
        0.34923621672092026,
        0.352097372292068,
        0.34906476830058236,
        0.34883379584884483
    ],
    "Yaw": [
        68.29491807698493,
        68.36709951613362,
        68.43210242646464,
        68.46036574925014,
        68.49315748745538
    ],
    "Latitude": [
        0.0,
        0.0,
        0.0,
        0.0,
        0.0
    ],
    "Longitude": [
        0.0,
        0.0,
        0.0,
        0.0,
        0.0
    ],
    "Altitude": [
        -17.0,
        -17.0,
        -17.0,
        -17.0,
        -17.0
    ],
    "HDOP": [
        99.99,
        99.99,
        99.99,
        99.99,
        99.99
    ],
    "VDOP": [
        99.99,
        99.99,
        99.99,
        99.99,
        99.99
    ],
    "Satellites": [
        0,
        0,
        0,
        0,
        0
    ],
    "Flight_Mode": [
        "STABILIZE",
        "STABILIZE",
        "STABILIZE",
        "STABILIZE",
        "STABILIZE"
    ],
    "Voltage": [
        4.623,
        4.624,
        4.623,
        4.628,
        4.623
    ],
    "Current": [
        13.04,
        13.05,
        13.03,
        13.08,
        13.03
    ],
    "Armed": [
        false,
        false,
        false,
        false,
        false
    ]
}