{
    "Roll": [
        -0.86223219520842,
        -0.8623779770585175,
        -0.8599201761743707,
        -0.8581573470382727,
        -0.862010000616983
    ],
    "Pitch": [
        0.6266421087051667,
        0.6247270944166244,
        0.6293012934481231,
        0.6209133942605243,
        0.615109441013306
    ],
    "Yaw": [
        -2.975388137138699,
        -2.9700569610480927,
        -2.92686391195399,
        -2.825242009605013,
        -2.7092293255616426
    ],
    "Latitude": [
        0.0,
        0.0,
        0.0,
        0.0,
        0.0
    ],
    "Longitude": [
        0.0,
        0.0,
        0.0,
        0.0,
        0.0
    ],
    "Altitude": [
        -17.0,
        -17.0,
        -17.0,
        -17.0,
        -17.0
    ],
    "HDOP": [
        99.99,
        99.99,
        99.99,
        99.99,
        99.99
    ],
    "VDOP": [
        99.99,
        99.99,
        99.99,
        99.99,
        99.99
    ],
    "Satellites": [
        0,
        0,
        0,
        0,
        0
    ],
    "Flight_Mode": [
        "STABILIZE",
        "STABILIZE",
        "STABILIZE",
        "STABILIZE",
        "STABILIZE"
    ],
    "Voltage": [
        4.669,
        4.664,
        4.664,
        4.67,
        4.666
    ],
    "Current": [
        13.41,
        13.42,
        13.39,
        13.45,
        13.41
    ],
    "Armed": [
        false,
        false,
        false,
        false,
        false
    ]
}