{
    "Roll": [
        -0.8911755487031722,
        -0.8931178837483945,
        -0.8908897479750895,
        -0.8807755184747699,
        -0.8872729493661561
    ],
    "Pitch": [
        0.6414512394862237,
        0.6443205592678638,
        0.6398693036414254,
        0.6375959178648689,
        0.6379739261467468
    ],
    "Yaw": [
        -2.9603869072872357,
        -2.9547355660792847,
        -2.957849065123753,
        -2.9788179593191035,
        -3.0012395493735515
    ],
    "Latitude": [
        0.0,
        0.0,
        0.0,
        0.0,
        0.0
    ],
    "Longitude": [
        0.0,
        0.0,
        0.0,
        0.0,
        0.0
    ],
    "Altitude": [
        -17.0,
        -17.0,
        -17.0,
        -17.0,
        -17.0
    ],
    "HDOP": [
        99.99,
        99.99,
        99.99,
        99.99,
        99.99
    ],
    "VDOP": [
        99.99,
        99.99,
        99.99,
        99.99,
        99.99
    ],
    "Satellites": [
        0,
        0,
        0,
        0,
        0
    ],
    "Flight_Mode": [
        "STABILIZE",
        "STABILIZE",
        "STABILIZE",
        "STABILIZE",
        "STABILIZE"
    ],
    "Voltage": [
        4.672,
        4.664,
        4.681,
        4.675,
        4.666
    ],
    "Current": [
        13.38,
        13.37,
        13.05,
        13.32,
        13.41
    ],
    "Armed": [
        false,
        false,
        false,
        false,
        false
    ]
}