{
    "Roll": [
        -0.8593566855678446,
        -0.876298116030415,
        -0.8766878636999288,
        -0.8753056041666475,
        -0.8707588326135346
    ],
    "Pitch": [
        0.6326671893267642,
        0.6260896104343362,
        0.6237489899831374,
        0.6240720365865379,
        0.6266225786330087
    ],
    "Yaw": [
        -2.824513527241349,
        -2.795081174890706,
        -2.80849822774155,
        -2.8410135567288073,
        -2.859222841056061
    ],
    "Latitude": [
        0.0,
        0.0,
        0.0,
        0.0,
        0.0
    ],
    "Longitude": [
        0.0,
        0.0,
        0.0,
        0.0,
        0.0
    ],
    "Altitude": [
        -17.0,
        -17.0,
        -17.0,
        -17.0,
        -17.0
    ],
    "HDOP": [
        99.99,
        99.99,
        99.99,
        99.99,
        99.99
    ],
    "VDOP": [
        99.99,
        99.99,
        99.99,
        99.99,
        99.99
    ],
    "Satellites": [
        0,
        0,
        0,
        0,
        0
    ],
    "Flight_Mode": [
        "STABILIZE",
        "STABILIZE",
        "STABILIZE",
        "STABILIZE",
        "STABILIZE"
    ],
    "Voltage": [
        4.675,
        4.676,
        4.675,
        4.674,
        4.635
    ],
    "Current": [
        13.28,
        13.3,
        13.28,
        13.37,
        13.17
    ],
    "Armed": [
        false,
        false,
        false,
        false,
        false
    ]
}