{
    "Roll": [
        -0.8998035717287792,
        -0.8962083309044138,
        -0.8948779381201422,
        -0.8953859334396619,
        -0.9038566486709471
    ],
    "Pitch": [
        0.6432897876725736,
        0.6452252391677732,
        0.6383543890278577,
        0.6330719847567933,
        0.6310922971145474
    ],
    "Yaw": [
        -2.401869532250599,
        -2.4547255914729775,
        -2.500824886058921,
        -2.5265313702173215,
        -2.5638387172375774
    ],
    "Latitude": [
        0.0,
        0.0,
        0.0,
        0.0,
        0.0
    ],
    "Longitude": [
        0.0,
        0.0,
        0.0,
        0.0,
        0.0
    ],
    "Altitude": [
        -17.0,
        -17.0,
        -17.0,
        -17.0,
        -17.0
    ],
    "HDOP": [
        99.99,
        99.99,
        99.99,
        99.99,
        99.99
    ],
    "VDOP": [
        99.99,
        99.99,
        99.99,
        99.99,
        99.99
    ],
    "Satellites": [
        0,
        0,
        0,
        0,
        0
    ],
    "Flight_Mode": [
        "STABILIZE",
        "STABILIZE",
        "STABILIZE",
        "STABILIZE",
        "STABILIZE"
    ],
    "Voltage": [
        4.651,
        4.623,
        4.641,
        4.626,
        4.635
    ],
    "Current": [
        13.23,
        13.02,
        13.19,
        13.08,
        13.13
    ],
    "Armed": [
        false,
        false,
        false,
        false,
        false
    ]
}