{
    "Roll": [
        -0.8685810694853584,
        -0.8700587382236084,
        -0.8751414661831557,
        -0.8750018741919935,
        -0.8810926953843524
    ],
    "Pitch": [
        0.6307444377145528,
        0.6317911108440043,
        0.6253828992986514,
        0.6233977154885578,
        0.6278682343828897
    ],
    "Yaw": [
        -2.772239741645714,
        -2.7726730317711867,
        -2.7824553567665262,
        -2.786144085805156,
        -2.792475030835523
    ],
    "Latitude": [
        0.0,
        0.0,
        0.0,
        0.0,
        0.0
    ],
    "Longitude": [
        0.0,
        0.0,
        0.0,
        0.0,
        0.0
    ],
    "Altitude": [
        -17.0,
        -17.0,
        -17.0,
        -17.0,
        -17.0
    ],
    "HDOP": [
        99.99,
        99.99,
        99.99,
        99.99,
        99.99
    ],
    "VDOP": [
        99.99,
        99.99,
        99.99,
        99.99,
        99.99
    ],
    "Satellites": [
        0,
        0,
        0,
        0,
        0
    ],
    "Flight_Mode": [
        "STABILIZE",
        "STABILIZE",
        "STABILIZE",
        "STABILIZE",
        "STABILIZE"
    ],
    "Voltage": [
        4.622,
        4.626,
        4.645,
        4.66,
        4.669
    ],
    "Current": [
        13.04,
        13.08,
        13.27,
        13.26,
        13.43
    ],
    "Armed": [
        false,
        false,
        false,
        false,
        false
    ]
}