{
    "Timestamp": [
        "2024-09-05 19:54:23.299566"
    ],
    "Roll": [
        -1.5250906349356388
    ],
    "Pitch": [
        3.1431883826861644
    ],
    "Yaw": [
        2.0573552174019794
    ],
    "Latitude": [
        52.2211148
    ],
    "Longitude": [
        21.0077098
    ],
    "Altitude": [
        146.56
    ],
    "HDOP": [
        1.54
    ],
    "VDOP": [
        2.13
    ],
    "Satellites": [
        13
    ],
    "Flight_Mode": [
        "STABILIZE"
    ],
    "Voltage": [
        11.752
    ],
    "Current": [
        32.07
    ],
    "Armed": [
        false
    ]
}