{
    "Roll": [
        -0.8544955118694996,
        -0.851554688544986,
        -0.860187620769059,
        -0.8552846121620477,
        -0.8602119533179772
    ],
    "Pitch": [
        0.6222998159403311,
        0.6223512558025178,
        0.6195279330760696,
        0.6196188066085424,
        0.6259901991654008
    ],
    "Yaw": [
        -2.1756498249583687,
        -2.195326319296706,
        -2.217268515448784,
        -2.2618111672341987,
        -2.2999626829471858
    ],
    "Latitude": [
        0.0,
        0.0,
        0.0,
        0.0,
        0.0
    ],
    "Longitude": [
        0.0,
        0.0,
        0.0,
        0.0,
        0.0
    ],
    "Altitude": [
        -17.0,
        -17.0,
        -17.0,
        -17.0,
        -17.0
    ],
    "HDOP": [
        99.99,
        99.99,
        99.99,
        99.99,
        99.99
    ],
    "VDOP": [
        99.99,
        99.99,
        99.99,
        99.99,
        99.99
    ],
    "Satellites": [
        0,
        0,
        0,
        0,
        0
    ],
    "Flight_Mode": [
        "STABILIZE",
        "STABILIZE",
        "STABILIZE",
        "STABILIZE",
        "STABILIZE"
    ],
    "Voltage": [
        4.671,
        4.671,
        4.671,
        4.672,
        4.66
    ],
    "Current": [
        13.43,
        13.41,
        13.42,
        13.4,
        13.35
    ],
    "Armed": [
        false,
        false,
        false,
        false,
        false
    ]
}