{
    "Roll": [
        -0.8843391696742241,
        -0.8769858307024706,
        -0.884123378385134,
        -0.886065926873768,
        -0.8925484167263447
    ],
    "Pitch": [
        0.6344792171692274,
        0.6376568559588701,
        0.6373315681996482,
        0.635551770312331,
        0.6360112072557201
    ],
    "Yaw": [
        -1.6370379690406767,
        -1.4009672079745839,
        -1.3477913037999785,
        -1.2305588973812316,
        -0.888516737486186
    ],
    "Latitude": [
        0.0,
        0.0,
        0.0,
        0.0,
        0.0
    ],
    "Longitude": [
        0.0,
        0.0,
        0.0,
        0.0,
        0.0
    ],
    "Altitude": [
        -17.0,
        -17.0,
        -17.0,
        -17.0,
        -17.0
    ],
    "HDOP": [
        99.99,
        99.99,
        99.99,
        99.99,
        99.99
    ],
    "VDOP": [
        99.99,
        99.99,
        99.99,
        99.99,
        99.99
    ],
    "Satellites": [
        0,
        0,
        0,
        0,
        0
    ],
    "Flight_Mode": [
        "STABILIZE",
        "STABILIZE",
        "STABILIZE",
        "STABILIZE",
        "STABILIZE"
    ],
    "Voltage": [
        4.622,
        4.628,
        4.624,
        4.624,
        4.623
    ],
    "Current": [
        13.03,
        13.09,
        13.03,
        13.05,
        13.04
    ],
    "Armed": [
        false,
        false,
        false,
        false,
        false
    ]
}