{
    "Roll": [
        2.990210287967862,
        2.9923037409484707,
        2.9820018946893874,
        2.982936776832033,
        2.9820189701623123
    ],
    "Pitch": [
        1.6446279100341477,
        1.6374174714264356,
        1.6352714046448764,
        1.6356371399305893,
        1.6419294517034637
    ],
    "Yaw": [
        81.55437797310903,
        81.57058601200946,
        81.57198620078931,
        81.60406759932086,
        81.65314933869658
    ],
    "Latitude": [
        0.0,
        0.0,
        0.0,
        0.0,
        0.0
    ],
    "Longitude": [
        0.0,
        0.0,
        0.0,
        0.0,
        0.0
    ],
    "Altitude": [
        -17.0,
        -17.0,
        -17.0,
        -17.0,
        -17.0
    ],
    "HDOP": [
        99.99,
        99.99,
        99.99,
        99.99,
        99.99
    ],
    "VDOP": [
        99.99,
        99.99,
        99.99,
        99.99,
        99.99
    ],
    "Satellites": [
        0,
        0,
        0,
        0,
        0
    ],
    "Flight_Mode": [
        "STABILIZE",
        "STABILIZE",
        "STABILIZE",
        "STABILIZE",
        "STABILIZE"
    ],
    "Voltage": [
        4.67,
        4.68,
        4.684,
        4.683,
        4.684
    ],
    "Current": [
        13.64,
        13.3,
        13.28,
        13.28,
        13.31
    ],
    "Armed": [
        false,
        false,
        false,
        false,
        false
    ]
}