{
    "Roll": [
        -0.8927057245206665,
        -0.8951648060652827,
        -0.893461954527834,
        -0.8861073348956111,
        -0.8864298478904826
    ],
    "Pitch": [
        0.6342780467538294,
        0.638905499916513,
        0.6408909505308711,
        0.635689441312789,
        0.6361382060856001
    ],
    "Yaw": [
        -3.014152235442872,
        -3.029446309655,
        -3.0430074368086486,
        -3.0670319868839337,
        -3.0782561221243805
    ],
    "Latitude": [
        0.0,
        0.0,
        0.0,
        0.0,
        0.0
    ],
    "Longitude": [
        0.0,
        0.0,
        0.0,
        0.0,
        0.0
    ],
    "Altitude": [
        -17.0,
        -17.0,
        -17.0,
        -17.0,
        -17.0
    ],
    "HDOP": [
        99.99,
        99.99,
        99.99,
        99.99,
        99.99
    ],
    "VDOP": [
        99.99,
        99.99,
        99.99,
        99.99,
        99.99
    ],
    "Satellites": [
        0,
        0,
        0,
        0,
        0
    ],
    "Flight_Mode": [
        "STABILIZE",
        "STABILIZE",
        "STABILIZE",
        "STABILIZE",
        "STABILIZE"
    ],
    "Voltage": [
        4.683,
        4.663,
        4.671,
        4.68,
        4.674
    ],
    "Current": [
        12.97,
        13.3,
        13.4,
        13.05,
        13.39
    ],
    "Armed": [
        false,
        false,
        false,
        false,
        false
    ]
}