{
    "Roll": [
        -0.8862618679255826,
        -0.8785939133651856,
        -0.8859370070531839,
        -0.8780865583759005,
        -0.8753860723328067
    ],
    "Pitch": [
        0.6363983936042953,
        0.6364433234424293,
        0.6313531249634773,
        0.6368675422229105,
        0.6406151816431319
    ],
    "Yaw": [
        -0.9038886651826815,
        -0.8467010387268985,
        -0.9365598078603796,
        -1.0391790245498842,
        -1.1317919073836142
    ],
    "Latitude": [
        0.0,
        0.0,
        0.0,
        0.0,
        0.0
    ],
    "Longitude": [
        0.0,
        0.0,
        0.0,
        0.0,
        0.0
    ],
    "Altitude": [
        -17.0,
        -17.0,
        -17.0,
        -17.0,
        -17.0
    ],
    "HDOP": [
        99.99,
        99.99,
        99.99,
        99.99,
        99.99
    ],
    "VDOP": [
        99.99,
        99.99,
        99.99,
        99.99,
        99.99
    ],
    "Satellites": [
        0,
        0,
        0,
        0,
        0
    ],
    "Flight_Mode": [
        "STABILIZE",
        "STABILIZE",
        "STABILIZE",
        "STABILIZE",
        "STABILIZE"
    ],
    "Voltage": [
        4.672,
        4.682,
        4.671,
        4.675,
        4.679
    ],
    "Current": [
        13.38,
        13.02,
        13.37,
        13.32,
        13.1
    ],
    "Armed": [
        false,
        false,
        false,
        false,
        false
    ]
}