{
    "Roll": [
        -0.8694459421890113,
        -0.8674805552553401,
        -0.8709616038545194,
        -0.8701330165308322,
        -0.8724678740099188
    ],
    "Pitch": [
        0.6323073237348692,
        0.6276518561244179,
        0.6327817017170677,
        0.6324735961524767,
        0.6304308359821139
    ],
    "Yaw": [
        -3.306667893253362,
        -3.2643623418645373,
        -3.2202260863347383,
        -3.1867767289784816,
        -3.1608461292379397
    ],
    "Latitude": [
        0.0,
        0.0,
        0.0,
        0.0,
        0.0
    ],
    "Longitude": [
        0.0,
        0.0,
        0.0,
        0.0,
        0.0
    ],
    "Altitude": [
        -17.0,
        -17.0,
        -17.0,
        -17.0,
        -17.0
    ],
    "HDOP": [
        99.99,
        99.99,
        99.99,
        99.99,
        99.99
    ],
    "VDOP": [
        99.99,
        99.99,
        99.99,
        99.99,
        99.99
    ],
    "Satellites": [
        0,
        0,
        0,
        0,
        0
    ],
    "Flight_Mode": [
        "STABILIZE",
        "STABILIZE",
        "STABILIZE",
        "STABILIZE",
        "STABILIZE"
    ],
    "Voltage": [
        4.681,
        4.652,
        4.672,
        4.672,
        4.672
    ],
    "Current": [
        13.04,
        13.28,
        13.42,
        13.37,
        13.42
    ],
    "Armed": [
        false,
        false,
        false,
        false,
        false
    ]
}