{
    "Roll": [
        -0.8845816413897595,
        -0.8877320661444279,
        -0.8875199033933344,
        -0.8762078294673239,
        -0.8690741237660686
    ],
    "Pitch": [
        0.6194059501663614,
        0.6220999261854024,
        0.6285834832550371,
        0.6282049413646302,
        0.6257376956095219
    ],
    "Yaw": [
        -3.454112680970308,
        -3.4544223873604856,
        -3.4777790730009905,
        -3.488678987699273,
        -3.45930938771163
    ],
    "Latitude": [
        0.0,
        0.0,
        0.0,
        0.0,
        0.0
    ],
    "Longitude": [
        0.0,
        0.0,
        0.0,
        0.0,
        0.0
    ],
    "Altitude": [
        -17.0,
        -17.0,
        -17.0,
        -17.0,
        -17.0
    ],
    "HDOP": [
        99.99,
        99.99,
        99.99,
        99.99,
        99.99
    ],
    "VDOP": [
        99.99,
        99.99,
        99.99,
        99.99,
        99.99
    ],
    "Satellites": [
        0,
        0,
        0,
        0,
        0
    ],
    "Flight_Mode": [
        "STABILIZE",
        "STABILIZE",
        "STABILIZE",
        "STABILIZE",
        "STABILIZE"
    ],
    "Voltage": [
        4.649,
        4.677,
        4.677,
        4.668,
        4.651
    ],
    "Current": [
        13.24,
        13.21,
        13.18,
        13.43,
        13.27
    ],
    "Armed": [
        false,
        false,
        false,
        false,
        false
    ]
}