{
    "Roll": [
        0.6603881524034957,
        0.6621076525270464,
        0.6663129146216586,
        0.6606447113841942,
        0.6609388364053279
    ],
    "Pitch": [
        0.3594562874729485,
        0.35559218799129316,
        0.35005527913236645,
        0.3485294522243826,
        0.35082172774286235
    ],
    "Yaw": [
        67.82473468471042,
        67.8153773255475,
        67.82153132598968,
        67.8413457047719,
        67.84982879972105
    ],
    "Latitude": [
        0.0,
        0.0,
        0.0,
        0.0,
        0.0
    ],
    "Longitude": [
        0.0,
        0.0,
        0.0,
        0.0,
        0.0
    ],
    "Altitude": [
        -17.0,
        -17.0,
        -17.0,
        -17.0,
        -17.0
    ],
    "HDOP": [
        99.99,
        99.99,
        99.99,
        99.99,
        99.99
    ],
    "VDOP": [
        99.99,
        99.99,
        99.99,
        99.99,
        99.99
    ],
    "Satellites": [
        0,
        0,
        0,
        0,
        0
    ],
    "Flight_Mode": [
        "STABILIZE",
        "STABILIZE",
        "STABILIZE",
        "STABILIZE",
        "STABILIZE"
    ],
    "Voltage": [
        4.625,
        4.624,
        4.627,
        4.624,
        4.623
    ],
    "Current": [
        13.03,
        13.05,
        13.09,
        13.02,
        13.04
    ],
    "Armed": [
        false,
        false,
        false,
        false,
        false
    ]
}