{
    "Roll": [
        -0.8733903764346936,
        -0.8801716870634585,
        -0.8830267061365238,
        -0.8930222611000144,
        -0.9035569741211128
    ],
    "Pitch": [
        0.638410844810216,
        0.6417303167468422,
        0.6400645510021525,
        0.6400456078993763,
        0.6379148023217439
    ],
    "Yaw": [
        -3.600100930846749,
        -3.5588611024118584,
        -3.3572223921688575,
        -2.9146152483380416,
        -2.6029912825507946
    ],
    "Latitude": [
        0.0,
        0.0,
        0.0,
        0.0,
        0.0
    ],
    "Longitude": [
        0.0,
        0.0,
        0.0,
        0.0,
        0.0
    ],
    "Altitude": [
        -17.0,
        -17.0,
        -17.0,
        -17.0,
        -17.0
    ],
    "HDOP": [
        99.99,
        99.99,
        99.99,
        99.99,
        99.99
    ],
    "VDOP": [
        99.99,
        99.99,
        99.99,
        99.99,
        99.99
    ],
    "Satellites": [
        0,
        0,
        0,
        0,
        0
    ],
    "Flight_Mode": [
        "STABILIZE",
        "STABILIZE",
        "STABILIZE",
        "STABILIZE",
        "STABILIZE"
    ],
    "Voltage": [
        4.672,
        4.673,
        4.674,
        4.674,
        4.645
    ],
    "Current": [
        13.41,
        13.41,
        13.36,
        13.34,
        13.21
    ],
    "Armed": [
        false,
        false,
        false,
        false,
        false
    ]
}