{
    "Roll": [
        -0.7231721050278991,
        -0.8477993651619483,
        -0.9564456901854602,
        -1.0237194249720893,
        -1.0380263234057387
    ],
    "Pitch": [
        0.8591961761223493,
        0.8692682505488851,
        0.8171548676770399,
        0.7601296182966034,
        0.7081645785957944
    ],
    "Yaw": [
        -11.56169684960695,
        -10.749313295951985,
        -9.97496365069024,
        -9.259257155868577,
        -8.593623631625922
    ],
    "Latitude": [
        0.0,
        0.0,
        0.0,
        0.0,
        0.0
    ],
    "Longitude": [
        0.0,
        0.0,
        0.0,
        0.0,
        0.0
    ],
    "Altitude": [
        -17.0,
        -17.0,
        -17.0,
        -17.0,
        -17.0
    ],
    "HDOP": [
        99.99,
        99.99,
        99.99,
        99.99,
        99.99
    ],
    "VDOP": [
        99.99,
        99.99,
        99.99,
        99.99,
        99.99
    ],
    "Satellites": [
        0,
        0,
        0,
        0,
        0
    ],
    "Flight_Mode": [
        "STABILIZE",
        "STABILIZE",
        "STABILIZE",
        "STABILIZE",
        "STABILIZE"
    ],
    "Voltage": [
        4.593,
        4.62,
        4.632,
        4.63,
        4.621
    ],
    "Current": [
        12.76,
        13.02,
        13.15,
        13.09,
        13.04
    ],
    "Armed": [
        false,
        false,
        false,
        false,
        false
    ]
}