{
    "Roll": [
        -0.8830888181692886,
        -0.8759566065719143,
        -0.8759220287392412,
        -0.8729617820642753,
        -0.8743591960797776
    ],
    "Pitch": [
        0.631006065976276,
        0.6305159465424747,
        0.625839668199396,
        0.6187278938086789,
        0.6201270153714737
    ],
    "Yaw": [
        -3.5994452326864277,
        -3.55131182238829,
        -3.445244534106693,
        -3.3205099119366275,
        -3.2698032278686875
    ],
    "Latitude": [
        0.0,
        0.0,
        0.0,
        0.0,
        0.0
    ],
    "Longitude": [
        0.0,
        0.0,
        0.0,
        0.0,
        0.0
    ],
    "Altitude": [
        -17.0,
        -17.0,
        -17.0,
        -17.0,
        -17.0
    ],
    "HDOP": [
        99.99,
        99.99,
        99.99,
        99.99,
        99.99
    ],
    "VDOP": [
        99.99,
        99.99,
        99.99,
        99.99,
        99.99
    ],
    "Satellites": [
        0,
        0,
        0,
        0,
        0
    ],
    "Flight_Mode": [
        "STABILIZE",
        "STABILIZE",
        "STABILIZE",
        "STABILIZE",
        "STABILIZE"
    ],
    "Voltage": [
        4.664,
        4.682,
        4.674,
        4.672,
        4.67
    ],
    "Current": [
        13.3,
        13.02,
        13.32,
        13.44,
        13.43
    ],
    "Armed": [
        false,
        false,
        false,
        false,
        false
    ]
}