{
    "Roll": [
        -0.8837116460442291,
        -0.881510404140781,
        -0.8844405552947164,
        -0.8799635797371846,
        -0.8836072722159749
    ],
    "Pitch": [
        0.6350801670944828,
        0.6343922389790155,
        0.6305230435359092,
        0.6298947728539738,
        0.6288800628754038
    ],
    "Yaw": [
        -2.8024146636251843,
        -2.7575006203036496,
        -2.698548617247035,
        -2.6354389499765865,
        -2.5744865552668044
    ],
    "Latitude": [
        0.0,
        0.0,
        0.0,
        0.0,
        0.0
    ],
    "Longitude": [
        0.0,
        0.0,
        0.0,
        0.0,
        0.0
    ],
    "Altitude": [
        -17.0,
        -17.0,
        -17.0,
        -17.0,
        -17.0
    ],
    "HDOP": [
        99.99,
        99.99,
        99.99,
        99.99,
        99.99
    ],
    "VDOP": [
        99.99,
        99.99,
        99.99,
        99.99,
        99.99
    ],
    "Satellites": [
        0,
        0,
        0,
        0,
        0
    ],
    "Flight_Mode": [
        "STABILIZE",
        "STABILIZE",
        "STABILIZE",
        "STABILIZE",
        "STABILIZE"
    ],
    "Voltage": [
        4.671,
        4.666,
        4.683,
        4.651,
        4.674
    ],
    "Current": [
        13.44,
        13.39,
        13.04,
        13.24,
        13.37
    ],
    "Armed": [
        false,
        false,
        false,
        false,
        false
    ]
}