{
    "Roll": [
        -0.8804758439249356,
        -0.8814369796072034,
        -0.8794532365401377,
        -0.8770479427352355,
        -0.8806205585579753
    ],
    "Pitch": [
        0.639875813665478,
        0.6414004399542718,
        0.6411509779670076,
        0.6413375808695665,
        0.6376961295465977
    ],
    "Yaw": [
        -2.8688854242975137,
        -2.803193091747154,
        -2.717449458227753,
        -2.6481556949940925,
        -2.5092934668560902
    ],
    "Latitude": [
        0.0,
        0.0,
        0.0,
        0.0,
        0.0
    ],
    "Longitude": [
        0.0,
        0.0,
        0.0,
        0.0,
        0.0
    ],
    "Altitude": [
        -17.0,
        -17.0,
        -17.0,
        -17.0,
        -17.0
    ],
    "HDOP": [
        99.99,
        99.99,
        99.99,
        99.99,
        99.99
    ],
    "VDOP": [
        99.99,
        99.99,
        99.99,
        99.99,
        99.99
    ],
    "Satellites": [
        0,
        0,
        0,
        0,
        0
    ],
    "Flight_Mode": [
        "STABILIZE",
        "STABILIZE",
        "STABILIZE",
        "STABILIZE",
        "STABILIZE"
    ],
    "Voltage": [
        4.673,
        4.674,
        4.65,
        4.667,
        4.671
    ],
    "Current": [
        13.42,
        13.33,
        13.26,
        13.43,
        13.45
    ],
    "Armed": [
        false,
        false,
        false,
        false,
        false
    ]
}