{
    "Roll": [
        -0.9100501361442677,
        -0.9109971845613722,
        -0.9000812616072225,
        -0.8943609781773368,
        -0.8783606197163473
    ],
    "Pitch": [
        0.6374769231629226,
        0.6322433974331061,
        0.6279234095047788,
        0.6308047888391721,
        0.6306733076976494
    ],
    "Yaw": [
        -2.9276491702651297,
        -2.9281347540264355,
        -2.924146350437971,
        -2.913860939321578,
        -2.8968055300772333
    ],
    "Latitude": [
        0.0,
        0.0,
        0.0,
        0.0,
        0.0
    ],
    "Longitude": [
        0.0,
        0.0,
        0.0,
        0.0,
        0.0
    ],
    "Altitude": [
        -17.0,
        -17.0,
        -17.0,
        -17.0,
        -17.0
    ],
    "HDOP": [
        99.99,
        99.99,
        99.99,
        99.99,
        99.99
    ],
    "VDOP": [
        99.99,
        99.99,
        99.99,
        99.99,
        99.99
    ],
    "Satellites": [
        0,
        0,
        0,
        0,
        0
    ],
    "Flight_Mode": [
        "STABILIZE",
        "STABILIZE",
        "STABILIZE",
        "STABILIZE",
        "STABILIZE"
    ],
    "Voltage": [
        4.67,
        4.675,
        4.666,
        4.669,
        4.65
    ],
    "Current": [
        13.31,
        13.13,
        13.41,
        13.4,
        13.26
    ],
    "Armed": [
        false,
        false,
        false,
        false,
        false
    ]
}