{
    "Roll": [
        -0.8633794535455706,
        -0.8683358230054726,
        -0.8701825354023148,
        -0.868012883123778,
        -0.8723451440482701
    ],
    "Pitch": [
        0.6266313831737357,
        0.6271913519639709,
        0.623608544218329,
        0.6321768030886985,
        0.6390581119557806
    ],
    "Yaw": [
        -2.775904565022249,
        -2.8024556447602045,
        -2.8238285873336437,
        -2.86005164182316,
        -2.874447546159431
    ],
    "Latitude": [
        0.0,
        0.0,
        0.0,
        0.0,
        0.0
    ],
    "Longitude": [
        0.0,
        0.0,
        0.0,
        0.0,
        0.0
    ],
    "Altitude": [
        -17.0,
        -17.0,
        -17.0,
        -17.0,
        -17.0
    ],
    "HDOP": [
        99.99,
        99.99,
        99.99,
        99.99,
        99.99
    ],
    "VDOP": [
        99.99,
        99.99,
        99.99,
        99.99,
        99.99
    ],
    "Satellites": [
        0,
        0,
        0,
        0,
        0
    ],
    "Flight_Mode": [
        "STABILIZE",
        "STABILIZE",
        "STABILIZE",
        "STABILIZE",
        "STABILIZE"
    ],
    "Voltage": [
        4.671,
        4.673,
        4.673,
        4.675,
        4.673
    ],
    "Current": [
        13.42,
        13.41,
        13.4,
        13.37,
        13.37
    ],
    "Armed": [
        false,
        false,
        false,
        false,
        false
    ]
}