{
    "Roll": [
        -0.8758323825063847,
        -0.8741077597409566,
        -0.8686156473180315,
        -0.8599987233498259,
        -0.8580843493915181
    ],
    "Pitch": [
        0.6376435157456474,
        0.6362162196525263,
        0.629848722437929,
        0.6269036836060371,
        0.6274268867686306
    ],
    "Yaw": [
        -3.4167528268708076,
        -3.393908405418054,
        -3.362356133103768,
        -3.338462637283183,
        -3.313622519932316
    ],
    "Latitude": [
        0.0,
        0.0,
        0.0,
        0.0,
        0.0
    ],
    "Longitude": [
        0.0,
        0.0,
        0.0,
        0.0,
        0.0
    ],
    "Altitude": [
        -17.0,
        -17.0,
        -17.0,
        -17.0,
        -17.0
    ],
    "HDOP": [
        99.99,
        99.99,
        99.99,
        99.99,
        99.99
    ],
    "VDOP": [
        99.99,
        99.99,
        99.99,
        99.99,
        99.99
    ],
    "Satellites": [
        0,
        0,
        0,
        0,
        0
    ],
    "Flight_Mode": [
        "STABILIZE",
        "STABILIZE",
        "STABILIZE",
        "STABILIZE",
        "STABILIZE"
    ],
    "Voltage": [
        4.672,
        4.637,
        4.647,
        4.674,
        4.646
    ],
    "Current": [
        13.3,
        13.22,
        13.23,
        13.35,
        13.22
    ],
    "Armed": [
        false,
        false,
        false,
        false,
        false
    ]
}