{
    "Roll": [
        -0.8737429849505955,
        -0.8752966395433619,
        -0.8794596398424847,
        -0.8772863590259512,
        -0.8723869789569364
    ],
    "Pitch": [
        0.618596466028009,
        0.6249241026854969,
        0.6272783835150357,
        0.6305189881110894,
        0.6292428099533549
    ],
    "Yaw": [
        -2.6814573495095475,
        -2.6804874626474056,
        -2.6542119383537783,
        -2.717902812033912,
        -2.801324394678921
    ],
    "Latitude": [
        0.0,
        0.0,
        0.0,
        0.0,
        0.0
    ],
    "Longitude": [
        0.0,
        0.0,
        0.0,
        0.0,
        0.0
    ],
    "Altitude": [
        -17.0,
        -17.0,
        -17.0,
        -17.0,
        -17.0
    ],
    "HDOP": [
        99.99,
        99.99,
        99.99,
        99.99,
        99.99
    ],
    "VDOP": [
        99.99,
        99.99,
        99.99,
        99.99,
        99.99
    ],
    "Satellites": [
        0,
        0,
        0,
        0,
        0
    ],
    "Flight_Mode": [
        "STABILIZE",
        "STABILIZE",
        "STABILIZE",
        "STABILIZE",
        "STABILIZE"
    ],
    "Voltage": [
        4.657,
        4.676,
        4.667,
        4.667,
        4.644
    ],
    "Current": [
        13.34,
        13.24,
        13.43,
        13.43,
        13.23
    ],
    "Armed": [
        false,
        false,
        false,
        false,
        false
    ]
}