{
    "Roll": [
        -0.8792304016184661,
        -0.8749749803221366,
        -0.8692252417014552,
        -0.8707931970027962,
        -0.8730646617886486
    ],
    "Pitch": [
        0.6278776258929986,
        0.6282203092902628,
        0.6291796307035322,
        0.6225624580582593,
        0.6281626795691408
    ],
    "Yaw": [
        -3.271580784600183,
        -3.247695399629237,
        -3.227059690599336,
        -3.180693164862116,
        -3.158596435680067
    ],
    "Latitude": [
        0.0,
        0.0,
        0.0,
        0.0,
        0.0
    ],
    "Longitude": [
        0.0,
        0.0,
        0.0,
        0.0,
        0.0
    ],
    "Altitude": [
        -17.0,
        -17.0,
        -17.0,
        -17.0,
        -17.0
    ],
    "HDOP": [
        99.99,
        99.99,
        99.99,
        99.99,
        99.99
    ],
    "VDOP": [
        99.99,
        99.99,
        99.99,
        99.99,
        99.99
    ],
    "Satellites": [
        0,
        0,
        0,
        0,
        0
    ],
    "Flight_Mode": [
        "STABILIZE",
        "STABILIZE",
        "STABILIZE",
        "STABILIZE",
        "STABILIZE"
    ],
    "Voltage": [
        4.64,
        4.647,
        4.671,
        4.636,
        4.645
    ],
    "Current": [
        13.19,
        13.28,
        13.42,
        13.15,
        13.22
    ],
    "Armed": [
        false,
        false,
        false,
        false,
        false
    ]
}