{
    "Roll": [
        -0.8631677176813002,
        -0.8654968121882745,
        -0.8694218230835047,
        -0.8695680318204252,
        -0.8631389028207391
    ],
    "Pitch": [
        0.6238791904641908,
        0.6346399400581343,
        0.6398958773461649,
        0.6363766223763159,
        0.6350532732246259
    ],
    "Yaw": [
        0.2761033535651839,
        0.307341330455943,
        0.34954859115374254,
        0.41146118773086693,
        0.4338827777853147
    ],
    "Latitude": [
        0.0,
        0.0,
        0.0,
        0.0,
        0.0
    ],
    "Longitude": [
        0.0,
        0.0,
        0.0,
        0.0,
        0.0
    ],
    "Altitude": [
        -17.0,
        -17.0,
        -17.0,
        -17.0,
        -17.0
    ],
    "HDOP": [
        99.99,
        99.99,
        99.99,
        99.99,
        99.99
    ],
    "VDOP": [
        99.99,
        99.99,
        99.99,
        99.99,
        99.99
    ],
    "Satellites": [
        0,
        0,
        0,
        0,
        0
    ],
    "Flight_Mode": [
        "STABILIZE",
        "STABILIZE",
        "STABILIZE",
        "STABILIZE",
        "STABILIZE"
    ],
    "Voltage": [
        4.622,
        4.625,
        4.586,
        4.607,
        4.61
    ],
    "Current": [
        13.05,
        13.04,
        12.68,
        12.88,
        12.87
    ],
    "Armed": [
        false,
        false,
        false,
        false,
        false
    ]
}