{
    "Roll": [
        0.6626741313413343,
        0.6645148673226527,
        0.6583775154665732,
        0.6564168242879563,
        0.6524262862653765
    ],
    "Pitch": [
        0.35950655339637155,
        0.3540851174231004,
        0.3520523624126547,
        0.35504014328771216,
        0.3573228938939509
    ],
    "Yaw": [
        68.68257912370734,
        68.67977191595847,
        68.66619349988848,
        68.66040149947231,
        68.64146821509303
    ],
    "Latitude": [
        0.0,
        0.0,
        0.0,
        0.0,
        0.0
    ],
    "Longitude": [
        0.0,
        0.0,
        0.0,
        0.0,
        0.0
    ],
    "Altitude": [
        -17.0,
        -17.0,
        -17.0,
        -17.0,
        -17.0
    ],
    "HDOP": [
        99.99,
        99.99,
        99.99,
        99.99,
        99.99
    ],
    "VDOP": [
        99.99,
        99.99,
        99.99,
        99.99,
        99.99
    ],
    "Satellites": [
        0,
        0,
        0,
        0,
        0
    ],
    "Flight_Mode": [
        "STABILIZE",
        "STABILIZE",
        "STABILIZE",
        "STABILIZE",
        "STABILIZE"
    ],
    "Voltage": [
        4.625,
        4.622,
        4.626,
        4.624,
        4.626
    ],
    "Current": [
        13.06,
        13.04,
        13.07,
        13.04,
        13.07
    ],
    "Armed": [
        false,
        false,
        false,
        false,
        false
    ]
}