{
    "Roll": [
        0.6571489351896171,
        0.6585994966145986,
        0.6697899077960182,
        0.6700426247953087,
        0.6735648679729196
    ],
    "Pitch": [
        0.3511025392311998,
        0.3511707077207677,
        0.3516968457302702,
        0.35676292510371566,
        0.3569344802457593
    ],
    "Yaw": [
        67.73206950824085,
        67.68845875039032,
        67.71604588444801,
        67.71289716724063,
        67.80877936280928
    ],
    "Latitude": [
        0.0,
        0.0,
        0.0,
        0.0,
        0.0
    ],
    "Longitude": [
        0.0,
        0.0,
        0.0,
        0.0,
        0.0
    ],
    "Altitude": [
        -17.0,
        -17.0,
        -17.0,
        -17.0,
        -17.0
    ],
    "HDOP": [
        99.99,
        99.99,
        99.99,
        99.99,
        99.99
    ],
    "VDOP": [
        99.99,
        99.99,
        99.99,
        99.99,
        99.99
    ],
    "Satellites": [
        0,
        0,
        0,
        0,
        0
    ],
    "Flight_Mode": [
        "STABILIZE",
        "STABILIZE",
        "STABILIZE",
        "STABILIZE",
        "STABILIZE"
    ],
    "Voltage": [
        4.621,
        4.626,
        4.623,
        4.623,
        4.617
    ],
    "Current": [
        13.03,
        13.06,
        13.03,
        13.04,
        12.97
    ],
    "Armed": [
        false,
        false,
        false,
        false,
        false
    ]
}