{
    "Roll": [
        -0.8569712420002177,
        -0.8572034684319981,
        -0.8637363309297037,
        -0.8696491403168192,
        -0.876910912065012
    ],
    "Pitch": [
        0.6314800170716514,
        0.6254357265430133,
        0.62729193717167,
        0.6342907466368174,
        0.6314367947808099
    ],
    "Yaw": [
        -3.791069178058897,
        -3.688769592878208,
        -3.566772382461437,
        -3.5367018343102212,
        -3.520553346121607
    ],
    "Latitude": [
        0.0,
        0.0,
        0.0,
        0.0,
        0.0
    ],
    "Longitude": [
        0.0,
        0.0,
        0.0,
        0.0,
        0.0
    ],
    "Altitude": [
        -17.0,
        -17.0,
        -17.0,
        -17.0,
        -17.0
    ],
    "HDOP": [
        99.99,
        99.99,
        99.99,
        99.99,
        99.99
    ],
    "VDOP": [
        99.99,
        99.99,
        99.99,
        99.99,
        99.99
    ],
    "Satellites": [
        0,
        0,
        0,
        0,
        0
    ],
    "Flight_Mode": [
        "STABILIZE",
        "STABILIZE",
        "STABILIZE",
        "STABILIZE",
        "STABILIZE"
    ],
    "Voltage": [
        4.684,
        4.673,
        4.66,
        4.673,
        4.662
    ],
    "Current": [
        13.04,
        13.35,
        13.32,
        13.37,
        13.38
    ],
    "Armed": [
        false,
        false,
        false,
        false,
        false
    ]
}