{
    "Roll": [
        2.5590571579317456
    ],
    "Pitch": [
        2.2623825552469525
    ],
    "Yaw": [
        50.99755279638684
    ],
    "Latitude": [
        52.2210457
    ],
    "Longitude": [
        21.007842
    ],
    "Altitude": [
        121.57
    ],
    "HDOP": [
        1.21
    ],
    "VDOP": [
        1.48
    ],
    "Satellites": [
        10
    ],
    "Flight_Mode": [
        "LAND"
    ],
    "Voltage": [
        15.494
    ],
    "Current": [
        42.16
    ],
    "Armed": [
        false
    ]
}