{
    "Roll": [
        -0.8893232867776293,
        -0.8963359700645284,
        -0.9036005165770716,
        -0.8997830811612691,
        -0.8864889717154856
    ],
    "Pitch": [
        0.6334752860829413,
        0.6303586921090057,
        0.6288746200684089,
        0.6244649859072252,
        0.6299861266341227
    ],
    "Yaw": [
        -1.4735523753362498,
        -1.3392751251220303,
        -1.280838694626046,
        -1.168363941851036,
        -1.016323077152906
    ],
    "Latitude": [
        0.0,
        0.0,
        0.0,
        0.0,
        0.0
    ],
    "Longitude": [
        0.0,
        0.0,
        0.0,
        0.0,
        0.0
    ],
    "Altitude": [
        -17.0,
        -17.0,
        -17.0,
        -17.0,
        -17.0
    ],
    "HDOP": [
        99.99,
        99.99,
        99.99,
        99.99,
        99.99
    ],
    "VDOP": [
        99.99,
        99.99,
        99.99,
        99.99,
        99.99
    ],
    "Satellites": [
        0,
        0,
        0,
        0,
        0
    ],
    "Flight_Mode": [
        "STABILIZE",
        "STABILIZE",
        "STABILIZE",
        "STABILIZE",
        "STABILIZE"
    ],
    "Voltage": [
        4.673,
        4.672,
        4.668,
        4.683,
        4.674
    ],
    "Current": [
        13.34,
        13.42,
        13.3,
        13.05,
        13.29
    ],
    "Armed": [
        false,
        false,
        false,
        false,
        false
    ]
}