{
    "Roll": [
        -0.9753228389474945,
        -0.954991073335659,
        -0.9483713393694474,
        -0.9523593160710886,
        -0.9371508326669974
    ],
    "Pitch": [
        0.6520746916056794,
        0.6356625474429322,
        0.65040487043617,
        0.6772806509639653,
        0.6767860492185211
    ],
    "Yaw": [
        -5.078203812995814,
        -4.62611359183267,
        -4.232810381969003,
        -3.7482033377147204,
        -3.3870370216696095
    ],
    "Latitude": [
        0.0,
        0.0,
        0.0,
        0.0,
        0.0
    ],
    "Longitude": [
        0.0,
        0.0,
        0.0,
        0.0,
        0.0
    ],
    "Altitude": [
        -17.0,
        -17.0,
        -17.0,
        -17.0,
        -17.0
    ],
    "HDOP": [
        99.99,
        99.99,
        99.99,
        99.99,
        99.99
    ],
    "VDOP": [
        99.99,
        99.99,
        99.99,
        99.99,
        99.99
    ],
    "Satellites": [
        0,
        0,
        0,
        0,
        0
    ],
    "Flight_Mode": [
        "STABILIZE",
        "STABILIZE",
        "STABILIZE",
        "STABILIZE",
        "STABILIZE"
    ],
    "Voltage": [
        4.584,
        4.585,
        4.626,
        4.625,
        4.629
    ],
    "Current": [
        12.66,
        12.71,
        13.05,
        13.05,
        13.1
    ],
    "Armed": [
        false,
        false,
        false,
        false,
        false
    ]
}