{
    "Roll": [
        -0.8771915901512173,
        -0.8725720343947615,
        -0.8766867964828711,
        -0.8709114446528021,
        -0.8661207072802729
    ],
    "Pitch": [
        0.6210356973353498,
        0.6176534196748713,
        0.6199390250867397,
        0.6221157209978582,
        0.6249464075220053
    ],
    "Yaw": [
        -3.0910362598351204,
        -3.138989523893899,
        -3.133115988094511,
        -3.119380691117027,
        -3.1015903962066713
    ],
    "Latitude": [
        0.0,
        0.0,
        0.0,
        0.0,
        0.0
    ],
    "Longitude": [
        0.0,
        0.0,
        0.0,
        0.0,
        0.0
    ],
    "Altitude": [
        -17.0,
        -17.0,
        -17.0,
        -17.0,
        -17.0
    ],
    "HDOP": [
        99.99,
        99.99,
        99.99,
        99.99,
        99.99
    ],
    "VDOP": [
        99.99,
        99.99,
        99.99,
        99.99,
        99.99
    ],
    "Satellites": [
        0,
        0,
        0,
        0,
        0
    ],
    "Flight_Mode": [
        "STABILIZE",
        "STABILIZE",
        "STABILIZE",
        "STABILIZE",
        "STABILIZE"
    ],
    "Voltage": [
        4.67,
        4.668,
        4.666,
        4.643,
        4.668
    ],
    "Current": [
        13.35,
        13.43,
        13.42,
        13.24,
        13.4
    ],
    "Armed": [
        false,
        false,
        false,
        false,
        false
    ]
}