{
    "Roll": [
        -0.8718345874078116,
        -0.8732354165178989,
        -0.8726155768507203,
        -0.8707656628027046,
        -0.8719289293957224
    ],
    "Pitch": [
        0.622513259351894,
        0.6286905251259358,
        0.6329819116371137,
        0.6391191567714876,
        0.6311443773069687
    ],
    "Yaw": [
        -2.998899569252587,
        -2.9226093444313066,
        -2.813425142010656,
        -2.6799807479883553,
        -2.6229023511984395
    ],
    "Latitude": [
        0.0,
        0.0,
        0.0,
        0.0,
        0.0
    ],
    "Longitude": [
        0.0,
        0.0,
        0.0,
        0.0,
        0.0
    ],
    "Altitude": [
        -17.0,
        -17.0,
        -17.0,
        -17.0,
        -17.0
    ],
    "HDOP": [
        99.99,
        99.99,
        99.99,
        99.99,
        99.99
    ],
    "VDOP": [
        99.99,
        99.99,
        99.99,
        99.99,
        99.99
    ],
    "Satellites": [
        0,
        0,
        0,
        0,
        0
    ],
    "Flight_Mode": [
        "STABILIZE",
        "STABILIZE",
        "STABILIZE",
        "STABILIZE",
        "STABILIZE"
    ],
    "Voltage": [
        4.673,
        4.673,
        4.682,
        4.646,
        4.671
    ],
    "Current": [
        13.41,
        13.41,
        13.05,
        13.25,
        13.42
    ],
    "Armed": [
        false,
        false,
        false,
        false,
        false
    ]
}