{
    "Roll": [
        -0.8588322551056345,
        -0.8598309568283373,
        -0.8540810047642444,
        -0.8518588454064631,
        -0.8567746606181682
    ],
    "Pitch": [
        0.6253842866808266,
        0.6253627288962587,
        0.625767897852258,
        0.6285280946897365,
        0.6220446443418076
    ],
    "Yaw": [
        -2.14868722632292,
        -2.1704567467550433,
        -2.2210468907202703,
        -2.2526700262471944,
        -2.3051832953506026
    ],
    "Latitude": [
        0.0,
        0.0,
        0.0,
        0.0,
        0.0
    ],
    "Longitude": [
        0.0,
        0.0,
        0.0,
        0.0,
        0.0
    ],
    "Altitude": [
        -17.0,
        -17.0,
        -17.0,
        -17.0,
        -17.0
    ],
    "HDOP": [
        99.99,
        99.99,
        99.99,
        99.99,
        99.99
    ],
    "VDOP": [
        99.99,
        99.99,
        99.99,
        99.99,
        99.99
    ],
    "Satellites": [
        0,
        0,
        0,
        0,
        0
    ],
    "Flight_Mode": [
        "STABILIZE",
        "STABILIZE",
        "STABILIZE",
        "STABILIZE",
        "STABILIZE"
    ],
    "Voltage": [
        4.676,
        4.67,
        4.669,
        4.654,
        4.65
    ],
    "Current": [
        13.2,
        13.42,
        13.43,
        13.33,
        13.3
    ],
    "Armed": [
        false,
        false,
        false,
        false,
        false
    ]
}