{
    "Roll": [
        -0.9025909292403791,
        -0.8934704922642964,
        -0.896100755424986,
        -0.8927533224014451,
        -0.8988031624587839
    ],
    "Pitch": [
        0.6432502472805817,
        0.6415890172083876,
        0.6363947117054458,
        0.6314045648256639,
        0.6249118296893321
    ],
    "Yaw": [
        -2.2853358328396034,
        -2.3054447635297675,
        -2.3269511082354333,
        -2.298034648610538,
        -2.2550070181603967
    ],
    "Latitude": [
        0.0,
        0.0,
        0.0,
        0.0,
        0.0
    ],
    "Longitude": [
        0.0,
        0.0,
        0.0,
        0.0,
        0.0
    ],
    "Altitude": [
        -17.0,
        -17.0,
        -17.0,
        -17.0,
        -17.0
    ],
    "HDOP": [
        99.99,
        99.99,
        99.99,
        99.99,
        99.99
    ],
    "VDOP": [
        99.99,
        99.99,
        99.99,
        99.99,
        99.99
    ],
    "Satellites": [
        0,
        0,
        0,
        0,
        0
    ],
    "Flight_Mode": [
        "STABILIZE",
        "STABILIZE",
        "STABILIZE",
        "STABILIZE",
        "STABILIZE"
    ],
    "Voltage": [
        4.672,
        4.67,
        4.675,
        4.674,
        4.649
    ],
    "Current": [
        13.39,
        13.31,
        13.31,
        13.35,
        13.21
    ],
    "Armed": [
        false,
        false,
        false,
        false,
        false
    ]
}