{
    "Roll": [
        0.6605584802459229,
        0.6643227682522461,
        0.6588505060665966,
        0.6596214636691617,
        0.672887398584619
    ],
    "Pitch": [
        0.35632109724178046,
        0.35646079595464836,
        0.3519089818009373,
        0.349616492839046,
        0.3519397443326288
    ],
    "Yaw": [
        68.23498999720724,
        68.25552837604147,
        68.2946038882831,
        68.44212914416622,
        68.37263196936134
    ],
    "Latitude": [
        0.0,
        0.0,
        0.0,
        0.0,
        0.0
    ],
    "Longitude": [
        0.0,
        0.0,
        0.0,
        0.0,
        0.0
    ],
    "Altitude": [
        -17.0,
        -17.0,
        -17.0,
        -17.0,
        -17.0
    ],
    "HDOP": [
        99.99,
        99.99,
        99.99,
        99.99,
        99.99
    ],
    "VDOP": [
        99.99,
        99.99,
        99.99,
        99.99,
        99.99
    ],
    "Satellites": [
        0,
        0,
        0,
        0,
        0
    ],
    "Flight_Mode": [
        "STABILIZE",
        "STABILIZE",
        "STABILIZE",
        "STABILIZE",
        "STABILIZE"
    ],
    "Voltage": [
        4.624,
        4.624,
        4.623,
        4.624,
        4.622
    ],
    "Current": [
        13.05,
        13.02,
        13.03,
        13.03,
        13.03
    ],
    "Armed": [
        false,
        false,
        false,
        false,
        false
    ]
}