{
    "Roll": [
        -0.8850249633555757,
        -0.8787034098353173,
        -0.8710474081059677,
        -0.8736144920168346,
        -0.8751389048622169
    ],
    "Pitch": [
        0.6250819440883477,
        0.6272185659989452,
        0.6296915213653129,
        0.6288781418846997,
        0.62927151809221
    ],
    "Yaw": [
        -3.265658156816136,
        -3.2398312905736137,
        -3.2185763822067686,
        -3.2170545306823253,
        -3.210698612772805
    ],
    "Latitude": [
        0.0,
        0.0,
        0.0,
        0.0,
        0.0
    ],
    "Longitude": [
        0.0,
        0.0,
        0.0,
        0.0,
        0.0
    ],
    "Altitude": [
        -17.0,
        -17.0,
        -17.0,
        -17.0,
        -17.0
    ],
    "HDOP": [
        99.99,
        99.99,
        99.99,
        99.99,
        99.99
    ],
    "VDOP": [
        99.99,
        99.99,
        99.99,
        99.99,
        99.99
    ],
    "Satellites": [
        0,
        0,
        0,
        0,
        0
    ],
    "Flight_Mode": [
        "STABILIZE",
        "STABILIZE",
        "STABILIZE",
        "STABILIZE",
        "STABILIZE"
    ],
    "Voltage": [
        4.676,
        4.624,
        4.634,
        4.63,
        4.625
    ],
    "Current": [
        13.2,
        13.04,
        13.12,
        13.09,
        13.03
    ],
    "Armed": [
        false,
        false,
        false,
        false,
        false
    ]
}