{
    "Roll": [
        -0.8667755516669479,
        -0.864370044418634,
        -0.86277711623814,
        -0.863537401670127,
        -0.8739869507700119
    ],
    "Pitch": [
        0.6243965772938193,
        0.6244542070149413,
        0.6358395987528236,
        0.6308094845942266,
        0.6247011610421195
    ],
    "Yaw": [
        -2.7413497842375083,
        -2.765986276573744,
        -2.7938504601796343,
        -2.805194123730556,
        -2.8471769486810974
    ],
    "Latitude": [
        0.0,
        0.0,
        0.0,
        0.0,
        0.0
    ],
    "Longitude": [
        0.0,
        0.0,
        0.0,
        0.0,
        0.0
    ],
    "Altitude": [
        -17.0,
        -17.0,
        -17.0,
        -17.0,
        -17.0
    ],
    "HDOP": [
        99.99,
        99.99,
        99.99,
        99.99,
        99.99
    ],
    "VDOP": [
        99.99,
        99.99,
        99.99,
        99.99,
        99.99
    ],
    "Satellites": [
        0,
        0,
        0,
        0,
        0
    ],
    "Flight_Mode": [
        "STABILIZE",
        "STABILIZE",
        "STABILIZE",
        "STABILIZE",
        "STABILIZE"
    ],
    "Voltage": [
        4.667,
        4.641,
        4.681,
        4.643,
        4.667
    ],
    "Current": [
        13.42,
        13.22,
        13.15,
        13.21,
        13.39
    ],
    "Armed": [
        false,
        false,
        false,
        false,
        false
    ]
}