{
    "Roll": [
        -0.8770327882530145,
        -0.8736366901316373,
        -0.8654056718515372,
        -0.8603867634720471,
        -0.8575718717603557
    ],
    "Pitch": [
        0.6388964819323745,
        0.6328548594463809,
        0.6258008214984916,
        0.627380302744057,
        0.6288641613412422
    ],
    "Yaw": [
        -2.8008149052555202,
        -2.8148567069720087,
        -2.8241064906554985,
        -2.836452911353943,
        -2.822670229939092
    ],
    "Latitude": [
        0.0,
        0.0,
        0.0,
        0.0,
        0.0
    ],
    "Longitude": [
        0.0,
        0.0,
        0.0,
        0.0,
        0.0
    ],
    "Altitude": [
        -17.0,
        -17.0,
        -17.0,
        -17.0,
        -17.0
    ],
    "HDOP": [
        99.99,
        99.99,
        99.99,
        99.99,
        99.99
    ],
    "VDOP": [
        99.99,
        99.99,
        99.99,
        99.99,
        99.99
    ],
    "Satellites": [
        0,
        0,
        0,
        0,
        0
    ],
    "Flight_Mode": [
        "STABILIZE",
        "STABILIZE",
        "STABILIZE",
        "STABILIZE",
        "STABILIZE"
    ],
    "Voltage": [
        4.684,
        4.645,
        4.671,
        4.673,
        4.64
    ],
    "Current": [
        13.05,
        13.23,
        13.39,
        13.4,
        13.19
    ],
    "Armed": [
        false,
        false,
        false,
        false,
        false
    ]
}