{
    "Roll": [
        -0.8838802663393638,
        -0.880249593908679,
        -0.8708042960601975,
        -0.8694647252092288,
        -0.8733728740749455
    ],
    "Pitch": [
        0.6200079673086745,
        0.6244207497601787,
        0.63503950612458,
        0.63646050563706,
        0.6374343412023158
    ],
    "Yaw": [
        -3.064640566900783,
        -3.0187670954442734,
        -2.927368919065748,
        -2.8065563195831507,
        -2.6237087404073245
    ],
    "Latitude": [
        0.0,
        0.0,
        0.0,
        0.0,
        0.0
    ],
    "Longitude": [
        0.0,
        0.0,
        0.0,
        0.0,
        0.0
    ],
    "Altitude": [
        -17.0,
        -17.0,
        -17.0,
        -17.0,
        -17.0
    ],
    "HDOP": [
        99.99,
        99.99,
        99.99,
        99.99,
        99.99
    ],
    "VDOP": [
        99.99,
        99.99,
        99.99,
        99.99,
        99.99
    ],
    "Satellites": [
        0,
        0,
        0,
        0,
        0
    ],
    "Flight_Mode": [
        "STABILIZE",
        "STABILIZE",
        "STABILIZE",
        "STABILIZE",
        "STABILIZE"
    ],
    "Voltage": [
        4.675,
        4.674,
        4.676,
        4.681,
        4.672
    ],
    "Current": [
        13.34,
        13.37,
        13.13,
        13.07,
        13.44
    ],
    "Armed": [
        false,
        false,
        false,
        false,
        false
    ]
}