{
    "Roll": [
        -0.889210161769501,
        -0.8800071221931435,
        -0.8738887668006929,
        -0.8778067340633415,
        -0.8773533802571819
    ],
    "Pitch": [
        0.629308176998146,
        0.6333552241639372,
        0.6291058860048373,
        0.6285777202829249,
        0.6328647312041656
    ],
    "Yaw": [
        -3.350365309128988,
        -3.319987615908533,
        -3.2889627622642195,
        -3.277912796847608,
        -3.3555771703525306
    ],
    "Latitude": [
        0.0,
        0.0,
        0.0,
        0.0,
        0.0
    ],
    "Longitude": [
        0.0,
        0.0,
        0.0,
        0.0,
        0.0
    ],
    "Altitude": [
        -17.0,
        -17.0,
        -17.0,
        -17.0,
        -17.0
    ],
    "HDOP": [
        99.99,
        99.99,
        99.99,
        99.99,
        99.99
    ],
    "VDOP": [
        99.99,
        99.99,
        99.99,
        99.99,
        99.99
    ],
    "Satellites": [
        0,
        0,
        0,
        0,
        0
    ],
    "Flight_Mode": [
        "STABILIZE",
        "STABILIZE",
        "STABILIZE",
        "STABILIZE",
        "STABILIZE"
    ],
    "Voltage": [
        4.675,
        4.672,
        4.677,
        4.683,
        4.674
    ],
    "Current": [
        13.19,
        13.41,
        13.23,
        12.99,
        13.37
    ],
    "Armed": [
        false,
        false,
        false,
        false,
        false
    ]
}