{
    "Roll": [
        -0.864470149378657,
        -0.8607760842547378,
        -0.864864165916402,
        -0.8715517748874908,
        -0.8740317738864402
    ],
    "Pitch": [
        0.6295134561992166,
        0.6249989679621026,
        0.6300510667920907,
        0.629245691439411,
        0.6247161554417818
    ],
    "Yaw": [
        -2.873872316165269,
        -2.9040828831944703,
        -2.997944836872666,
        -3.1304315103072846,
        -3.291671786043776
    ],
    "Latitude": [
        0.0,
        0.0,
        0.0,
        0.0,
        0.0
    ],
    "Longitude": [
        0.0,
        0.0,
        0.0,
        0.0,
        0.0
    ],
    "Altitude": [
        -17.0,
        -17.0,
        -17.0,
        -17.0,
        -17.0
    ],
    "HDOP": [
        99.99,
        99.99,
        99.99,
        99.99,
        99.99
    ],
    "VDOP": [
        99.99,
        99.99,
        99.99,
        99.99,
        99.99
    ],
    "Satellites": [
        0,
        0,
        0,
        0,
        0
    ],
    "Flight_Mode": [
        "STABILIZE",
        "STABILIZE",
        "STABILIZE",
        "STABILIZE",
        "STABILIZE"
    ],
    "Voltage": [
        4.673,
        4.68,
        4.678,
        4.674,
        4.649
    ],
    "Current": [
        13.4,
        13.11,
        13.14,
        13.36,
        13.28
    ],
    "Armed": [
        false,
        false,
        false,
        false,
        false
    ]
}