{
    "Roll": [
        2.982229638809525,
        2.9818055267507493,
        2.9788892494185655,
        2.9811150373143436,
        2.9776830806998236
    ],
    "Pitch": [
        1.6475257245112314,
        1.64917393453532,
        1.6502290920403813,
        1.6429858898689942,
        1.6437710414584283
    ],
    "Yaw": [
        81.72559032503374,
        81.77352459262887,
        81.79251934871068,
        81.89869463935854,
        81.9574206058423
    ],
    "Latitude": [
        0.0,
        0.0,
        0.0,
        0.0,
        0.0
    ],
    "Longitude": [
        0.0,
        0.0,
        0.0,
        0.0,
        0.0
    ],
    "Altitude": [
        -17.0,
        -17.0,
        -17.0,
        -17.0,
        -17.0
    ],
    "HDOP": [
        99.99,
        99.99,
        99.99,
        99.99,
        99.99
    ],
    "VDOP": [
        99.99,
        99.99,
        99.99,
        99.99,
        99.99
    ],
    "Satellites": [
        0,
        0,
        0,
        0,
        0
    ],
    "Flight_Mode": [
        "STABILIZE",
        "STABILIZE",
        "STABILIZE",
        "STABILIZE",
        "STABILIZE"
    ],
    "Voltage": [
        4.678,
        4.679,
        4.668,
        4.67,
        4.676
    ],
    "Current": [
        13.32,
        13.33,
        13.66,
        13.64,
        13.47
    ],
    "Armed": [
        false,
        false,
        false,
        false,
        false
    ]
}