{
    "Roll": [
        0.6457608754090902,
        0.6432546228705187,
        0.648807566665739,
        0.662517036990424,
        0.6657878438292139
    ],
    "Pitch": [
        0.3408315622255138,
        0.34502172319875796,
        0.3440621883420769,
        0.34440946077268975,
        0.35281147390587814
    ],
    "Yaw": [
        68.58411511663243,
        68.47227759916265,
        68.55345439744825,
        68.6588305559632,
        68.6679898396402
    ],
    "Latitude": [
        0.0,
        0.0,
        0.0,
        0.0,
        0.0
    ],
    "Longitude": [
        0.0,
        0.0,
        0.0,
        0.0,
        0.0
    ],
    "Altitude": [
        -17.0,
        -17.0,
        -17.0,
        -17.0,
        -17.0
    ],
    "HDOP": [
        99.99,
        99.99,
        99.99,
        99.99,
        99.99
    ],
    "VDOP": [
        99.99,
        99.99,
        99.99,
        99.99,
        99.99
    ],
    "Satellites": [
        0,
        0,
        0,
        0,
        0
    ],
    "Flight_Mode": [
        "STABILIZE",
        "STABILIZE",
        "STABILIZE",
        "STABILIZE",
        "STABILIZE"
    ],
    "Voltage": [
        4.625,
        4.624,
        4.626,
        4.624,
        4.624
    ],
    "Current": [
        13.03,
        13.04,
        13.05,
        13.04,
        13.04
    ],
    "Armed": [
        false,
        false,
        false,
        false,
        false
    ]
}