{
    "Roll": [
        -0.8654801636021726,
        -0.8668383040299473,
        -0.874068486153229,
        -0.8857683867580493,
        -0.8914867491972308
    ],
    "Pitch": [
        0.6304878787338541,
        0.6303972186447928,
        0.6253917038393784,
        0.6178174509366574,
        0.6196810253630131
    ],
    "Yaw": [
        -2.728107328097323,
        -2.738341939681764,
        -2.7680991529048056,
        -2.789006148510803,
        -2.8074632406388815
    ],
    "Latitude": [
        0.0,
        0.0,
        0.0,
        0.0,
        0.0
    ],
    "Longitude": [
        0.0,
        0.0,
        0.0,
        0.0,
        0.0
    ],
    "Altitude": [
        -17.0,
        -17.0,
        -17.0,
        -17.0,
        -17.0
    ],
    "HDOP": [
        99.99,
        99.99,
        99.99,
        99.99,
        99.99
    ],
    "VDOP": [
        99.99,
        99.99,
        99.99,
        99.99,
        99.99
    ],
    "Satellites": [
        0,
        0,
        0,
        0,
        0
    ],
    "Flight_Mode": [
        "STABILIZE",
        "STABILIZE",
        "STABILIZE",
        "STABILIZE",
        "STABILIZE"
    ],
    "Voltage": [
        4.679,
        4.669,
        4.668,
        4.643,
        4.67
    ],
    "Current": [
        13.14,
        13.41,
        13.4,
        13.16,
        13.44
    ],
    "Armed": [
        false,
        false,
        false,
        false,
        false
    ]
}