{
    "Roll": [
        -0.8745698647269902,
        -0.8789561268346078,
        -0.8817240609957554,
        -0.8817791293959386,
        -0.8813172378533165
    ],
    "Pitch": [
        0.6375181177413543,
        0.6336013777783222,
        0.6375927162136954,
        0.6286603228831997,
        0.6333198459184707
    ],
    "Yaw": [
        -3.1179662016286,
        -3.061279260055491,
        -3.0233819554456747,
        -2.968134262796734,
        -2.930600879203633
    ],
    "Latitude": [
        0.0,
        0.0,
        0.0,
        0.0,
        0.0
    ],
    "Longitude": [
        0.0,
        0.0,
        0.0,
        0.0,
        0.0
    ],
    "Altitude": [
        -17.0,
        -17.0,
        -17.0,
        -17.0,
        -17.0
    ],
    "HDOP": [
        99.99,
        99.99,
        99.99,
        99.99,
        99.99
    ],
    "VDOP": [
        99.99,
        99.99,
        99.99,
        99.99,
        99.99
    ],
    "Satellites": [
        0,
        0,
        0,
        0,
        0
    ],
    "Flight_Mode": [
        "STABILIZE",
        "STABILIZE",
        "STABILIZE",
        "STABILIZE",
        "STABILIZE"
    ],
    "Voltage": [
        4.652,
        4.674,
        4.67,
        4.671,
        4.672
    ],
    "Current": [
        13.23,
        13.31,
        13.38,
        13.41,
        13.4
    ],
    "Armed": [
        false,
        false,
        false,
        false,
        false
    ]
}