{
    "Roll": [
        -0.8774037529023108,
        -0.8703955519270545,
        -0.8735752184291071,
        -0.8788308355520204,
        -0.8821485999413541
    ],
    "Pitch": [
        0.6262253604440902,
        0.623964034220287,
        0.6223050453039144,
        0.6291379025165716,
        0.6268641965748979
    ],
    "Yaw": [
        -3.6484023211097867,
        -3.7049375044172748,
        -3.7237200977479867,
        -3.7416519056402087,
        -3.7695280420771464
    ],
    "Latitude": [
        0.0,
        0.0,
        0.0,
        0.0,
        0.0
    ],
    "Longitude": [
        0.0,
        0.0,
        0.0,
        0.0,
        0.0
    ],
    "Altitude": [
        -17.0,
        -17.0,
        -17.0,
        -17.0,
        -17.0
    ],
    "HDOP": [
        99.99,
        99.99,
        99.99,
        99.99,
        99.99
    ],
    "VDOP": [
        99.99,
        99.99,
        99.99,
        99.99,
        99.99
    ],
    "Satellites": [
        0,
        0,
        0,
        0,
        0
    ],
    "Flight_Mode": [
        "STABILIZE",
        "STABILIZE",
        "STABILIZE",
        "STABILIZE",
        "STABILIZE"
    ],
    "Voltage": [
        4.681,
        4.673,
        4.67,
        4.677,
        4.67
    ],
    "Current": [
        13.07,
        13.37,
        13.45,
        13.15,
        13.43
    ],
    "Armed": [
        false,
        false,
        false,
        false,
        false
    ]
}