{
    "Roll": [
        -0.8817840385944046,
        -0.8778067340633415,
        -0.8784357517972174,
        -0.87927735916901,
        -0.8824480610477767
    ],
    "Pitch": [
        0.6382305918491512,
        0.634426710089983,
        0.6372816224413426,
        0.6397407039859587,
        0.639441242879536
    ],
    "Yaw": [
        -2.7725667369522284,
        -2.7800492091879776,
        -2.7961588506756874,
        -2.8322412459569835,
        -2.8467423778951555
    ],
    "Latitude": [
        0.0,
        0.0,
        0.0,
        0.0,
        0.0
    ],
    "Longitude": [
        0.0,
        0.0,
        0.0,
        0.0,
        0.0
    ],
    "Altitude": [
        -17.0,
        -17.0,
        -17.0,
        -17.0,
        -17.0
    ],
    "HDOP": [
        99.99,
        99.99,
        99.99,
        99.99,
        99.99
    ],
    "VDOP": [
        99.99,
        99.99,
        99.99,
        99.99,
        99.99
    ],
    "Satellites": [
        0,
        0,
        0,
        0,
        0
    ],
    "Flight_Mode": [
        "STABILIZE",
        "STABILIZE",
        "STABILIZE",
        "STABILIZE",
        "STABILIZE"
    ],
    "Voltage": [
        4.673,
        4.674,
        4.675,
        4.674,
        4.67
    ],
    "Current": [
        13.37,
        13.35,
        13.3,
        13.31,
        13.41
    ],
    "Armed": [
        false,
        false,
        false,
        false,
        false
    ]
}