{
    "Roll": [
        -0.8875156345251031,
        -0.8896983068517453,
        -0.8832525292659573,
        -0.8768312976724991,
        -0.8706036592533284
    ],
    "Pitch": [
        0.6231478266144705,
        0.622019084493273,
        0.6297937607594516,
        0.6370584673545535,
        0.6404208414169038
    ],
    "Yaw": [
        -2.0635815751606805,
        -2.1482035635523187,
        -2.064675259201529,
        -1.7704063772084613,
        -1.4352750347321463
    ],
    "Latitude": [
        0.0,
        0.0,
        0.0,
        0.0,
        0.0
    ],
    "Longitude": [
        0.0,
        0.0,
        0.0,
        0.0,
        0.0
    ],
    "Altitude": [
        -17.0,
        -17.0,
        -17.0,
        -17.0,
        -17.0
    ],
    "HDOP": [
        99.99,
        99.99,
        99.99,
        99.99,
        99.99
    ],
    "VDOP": [
        99.99,
        99.99,
        99.99,
        99.99,
        99.99
    ],
    "Satellites": [
        0,
        0,
        0,
        0,
        0
    ],
    "Flight_Mode": [
        "STABILIZE",
        "STABILIZE",
        "STABILIZE",
        "STABILIZE",
        "STABILIZE"
    ],
    "Voltage": [
        4.648,
        4.669,
        4.65,
        4.664,
        4.674
    ],
    "Current": [
        13.31,
        13.41,
        13.22,
        13.33,
        13.35
    ],
    "Armed": [
        false,
        false,
        false,
        false,
        false
    ]
}