{
    "Roll": [
        -0.8843455729765709,
        -0.8923802233180331,
        -0.8910218694468468,
        -0.8860183289929894,
        -0.8871730578495447
    ],
    "Pitch": [
        0.6299621676111747,
        0.6282666798714248,
        0.6226892434447276,
        0.6248837618807116,
        0.625362088566024
    ],
    "Yaw": [
        -4.38757948035373,
        -4.549032772614961,
        -4.679586289071054,
        -4.773531272236347,
        -4.7365402483520285
    ],
    "Latitude": [
        0.0,
        0.0,
        0.0,
        0.0,
        0.0
    ],
    "Longitude": [
        0.0,
        0.0,
        0.0,
        0.0,
        0.0
    ],
    "Altitude": [
        -17.0,
        -17.0,
        -17.0,
        -17.0,
        -17.0
    ],
    "HDOP": [
        99.99,
        99.99,
        99.99,
        99.99,
        99.99
    ],
    "VDOP": [
        99.99,
        99.99,
        99.99,
        99.99,
        99.99
    ],
    "Satellites": [
        0,
        0,
        0,
        0,
        0
    ],
    "Flight_Mode": [
        "STABILIZE",
        "STABILIZE",
        "STABILIZE",
        "STABILIZE",
        "STABILIZE"
    ],
    "Voltage": [
        4.65,
        4.673,
        4.672,
        4.671,
        4.671
    ],
    "Current": [
        13.21,
        13.36,
        13.4,
        13.41,
        13.44
    ],
    "Armed": [
        false,
        false,
        false,
        false,
        false
    ]
}