{
    "Roll": [
        -0.875277002749498,
        -0.8725329742504454,
        -0.8719812230315553,
        -0.8799368993107393,
        -0.8720452560550243
    ],
    "Pitch": [
        0.6319038089653095,
        0.6365142933767739,
        0.6377724355662314,
        0.6391605647933307,
        0.6381565803461917
    ],
    "Yaw": [
        -3.1988157911642756,
        -3.347517974018739,
        -3.5077574135984113,
        -3.6202862742782522,
        -3.6293631687983763
    ],
    "Latitude": [
        0.0,
        0.0,
        0.0,
        0.0,
        0.0
    ],
    "Longitude": [
        0.0,
        0.0,
        0.0,
        0.0,
        0.0
    ],
    "Altitude": [
        -17.0,
        -17.0,
        -17.0,
        -17.0,
        -17.0
    ],
    "HDOP": [
        99.99,
        99.99,
        99.99,
        99.99,
        99.99
    ],
    "VDOP": [
        99.99,
        99.99,
        99.99,
        99.99,
        99.99
    ],
    "Satellites": [
        0,
        0,
        0,
        0,
        0
    ],
    "Flight_Mode": [
        "STABILIZE",
        "STABILIZE",
        "STABILIZE",
        "STABILIZE",
        "STABILIZE"
    ],
    "Voltage": [
        4.673,
        4.668,
        4.671,
        4.672,
        4.672
    ],
    "Current": [
        13.41,
        13.41,
        13.39,
        13.44,
        13.38
    ],
    "Armed": [
        false,
        false,
        false,
        false,
        false
    ]
}