{
    "Roll": [
        -0.866253469082265,
        -0.8583187102574142,
        -0.855326873957537,
        -0.8671894184419683,
        -0.8720794070008743
    ],
    "Pitch": [
        0.6281176963701539,
        0.6279127906950536,
        0.6304667478361095,
        0.6245932653975744,
        0.6208260959051951
    ],
    "Yaw": [
        -2.4200687847375097,
        -2.3929330834952838,
        -2.331631922251008,
        -2.3745978675552077,
        -2.4049962647865843
    ],
    "Latitude": [
        0.0,
        0.0,
        0.0,
        0.0,
        0.0
    ],
    "Longitude": [
        0.0,
        0.0,
        0.0,
        0.0,
        0.0
    ],
    "Altitude": [
        -17.0,
        -17.0,
        -17.0,
        -17.0,
        -17.0
    ],
    "HDOP": [
        99.99,
        99.99,
        99.99,
        99.99,
        99.99
    ],
    "VDOP": [
        99.99,
        99.99,
        99.99,
        99.99,
        99.99
    ],
    "Satellites": [
        0,
        0,
        0,
        0,
        0
    ],
    "Flight_Mode": [
        "STABILIZE",
        "STABILIZE",
        "STABILIZE",
        "STABILIZE",
        "STABILIZE"
    ],
    "Voltage": [
        4.67,
        4.672,
        4.673,
        4.664,
        4.647
    ],
    "Current": [
        13.43,
        13.41,
        13.4,
        13.4,
        13.27
    ],
    "Armed": [
        false,
        false,
        false,
        false,
        false
    ]
}