{
    "Roll": [
        0.6580125272328006,
        0.6594904094144621,
        0.6620905770541213,
        0.6627757304052383,
        0.6639103955811066
    ],
    "Pitch": [
        0.3495076900600018,
        0.3470224350170428,
        0.3528619265922863,
        0.35196959972982117,
        0.35549779264252945
    ],
    "Yaw": [
        68.69238044516631,
        68.65372840465321,
        68.60295277836333,
        68.5675177569493,
        68.55186296337163
    ],
    "Latitude": [
        0.0,
        0.0,
        0.0,
        0.0,
        0.0
    ],
    "Longitude": [
        0.0,
        0.0,
        0.0,
        0.0,
        0.0
    ],
    "Altitude": [
        -17.0,
        -17.0,
        -17.0,
        -17.0,
        -17.0
    ],
    "HDOP": [
        99.99,
        99.99,
        99.99,
        99.99,
        99.99
    ],
    "VDOP": [
        99.99,
        99.99,
        99.99,
        99.99,
        99.99
    ],
    "Satellites": [
        0,
        0,
        0,
        0,
        0
    ],
    "Flight_Mode": [
        "STABILIZE",
        "STABILIZE",
        "STABILIZE",
        "STABILIZE",
        "STABILIZE"
    ],
    "Voltage": [
        4.622,
        4.623,
        4.624,
        4.628,
        4.625
    ],
    "Current": [
        13.0,
        13.03,
        13.04,
        13.05,
        13.04
    ],
    "Armed": [
        false,
        false,
        false,
        false,
        false
    ]
}