{
    "Timestamp": [
        "2024-09-13 14:53:21.705043"
    ],
    "Roll": [
        -1.3882541982167802
    ],
    "Pitch": [
        1.1293962185322324
    ],
    "Yaw": [
        15.240458934690619
    ],
    "Latitude": [
        0.0
    ],
    "Longitude": [
        0.0
    ],
    "Altitude": [
        -17.0
    ],
    "HDOP": [
        99.99
    ],
    "VDOP": [
        99.99
    ],
    "Satellites": [
        0
    ],
    "Flight_Mode": [
        "STABILIZE"
    ],
    "Voltage": [
        4.723
    ],
    "Current": [
        13.51
    ],
    "Armed": [
        false
    ]
}