{
    "Roll": [
        2.980828596256026,
        2.986338637925522,
        2.9930746985510357,
        3.010918994644517,
        3.0103783424830284
    ],
    "Pitch": [
        1.67808217658887,
        1.6775302119265685,
        1.6983856609486734,
        1.7536380493526684,
        1.7468972929721005
    ],
    "Yaw": [
        83.7816753406935,
        83.82136556996045,
        83.88276897059886,
        83.97435497717956,
        84.0452250200076
    ],
    "Latitude": [
        0.0,
        0.0,
        0.0,
        0.0,
        0.0
    ],
    "Longitude": [
        0.0,
        0.0,
        0.0,
        0.0,
        0.0
    ],
    "Altitude": [
        -17.0,
        -17.0,
        -17.0,
        -17.0,
        -17.0
    ],
    "HDOP": [
        99.99,
        99.99,
        99.99,
        99.99,
        99.99
    ],
    "VDOP": [
        99.99,
        99.99,
        99.99,
        99.99,
        99.99
    ],
    "Satellites": [
        0,
        0,
        0,
        0,
        0
    ],
    "Flight_Mode": [
        "STABILIZE",
        "STABILIZE",
        "STABILIZE",
        "STABILIZE",
        "STABILIZE"
    ],
    "Voltage": [
        4.658,
        4.654,
        4.654,
        4.652,
        4.654
    ],
    "Current": [
        13.58,
        13.57,
        13.55,
        13.53,
        13.56
    ],
    "Armed": [
        false,
        false,
        false,
        false,
        false
    ]
}