{
    "Roll": [
        1.8215640672050337,
        0.3186859011413639,
        -3.968687393651433,
        -1.1402277246171089,
        3.047894864046616,
        0.23985204450406186,
        2.3328035131370766,
        0.9728821135362727,
        8.16676498303045,
        30.644015956571973
    ],
    "Pitch": [
        -1.0068935741168803,
        -1.2784828129709203,
        8.474064585299434,
        13.455221655473121,
        0.9129952283370125,
        -3.264968734596788,
        1.7962778531240002,
        1.005039071035516,
        8.285644425534523,
        10.674573097185476
    ],
    "Yaw": [
        159.0354496912759,
        158.73335042428621,
        152.91508110056753,
        156.46750346902618,
        157.77712394048442,
        162.72828708869164,
        166.62945891617116,
        161.58159394969488,
        172.70932448510132,
        176.10269906854705
    ],
    "Latitude": [
        52.2210597,
        52.2210805,
        52.2210745,
        52.2210666,
        52.2210436,
        52.2210347,
        52.2210595,
        52.2210891,
        52.2211004,
        52.2210866
    ],
    "Longitude": [
        21.0066728,
        21.0067486,
        21.0068423,
        21.0068227,
        21.0068116,
        21.0068334,
        21.0068611,
        21.0068821,
        21.0069046,
        21.0068997
    ],
    "Altitude": [
        119.44,
        128.05,
        138.89,
        136.38,
        133.54,
        134.38,
        135.89,
        137.21,
        139.03,
        138.24
    ],
    "HDOP": [
        2.83,
        2.83,
        2.83,
        2.83,
        2.82,
        2.82,
        2.82,
        2.82,
        2.82,
        2.82
    ],
    "VDOP": [
        3.67,
        3.67,
        3.67,
        3.67,
        3.67,
        3.67,
        3.67,
        3.67,
        3.67,
        3.67
    ],
    "Satellites": [
        6,
        6,
        6,
        6,
        6,
        6,
        6,
        6,
        6,
        6
    ],
    "Flight_Mode": [
        "ALT_HOLD",
        "ALT_HOLD",
        "ALT_HOLD",
        "ALT_HOLD",
        "ALT_HOLD",
        "ALT_HOLD",
        "ALT_HOLD",
        "ALT_HOLD",
        "ALT_HOLD",
        "ALT_HOLD"
    ],
    "Voltage": [
        15.589,
        15.59,
        15.589,
        15.586,
        15.587,
        15.587,
        15.588,
        15.591,
        15.587,
        15.588
    ],
    "Current": [
        42.83,
        42.8,
        42.81,
        42.78,
        42.83,
        42.81,
        42.8,
        42.78,
        42.79,
        42.76
    ],
    "Armed": [
        false,
        false,
        false,
        false,
        false,
        false,
        false,
        false,
        false,
        false
    ]
}