{
    "Roll": [
        0.6741654977330577,
        0.6684614360024508,
        0.6675517401823696,
        0.6650813461369407,
        0.6655398225849778
    ],
    "Pitch": [
        0.36193423207906156,
        0.3560724890281626,
        0.3504927314043646,
        0.34946564170792394,
        0.344277499383491
    ],
    "Yaw": [
        67.86258759309062,
        67.97243069532277,
        68.04698904030263,
        68.12440240435556,
        68.22317376994312
    ],
    "Latitude": [
        0.0,
        0.0,
        0.0,
        0.0,
        0.0
    ],
    "Longitude": [
        0.0,
        0.0,
        0.0,
        0.0,
        0.0
    ],
    "Altitude": [
        -17.0,
        -17.0,
        -17.0,
        -17.0,
        -17.0
    ],
    "HDOP": [
        99.99,
        99.99,
        99.99,
        99.99,
        99.99
    ],
    "VDOP": [
        99.99,
        99.99,
        99.99,
        99.99,
        99.99
    ],
    "Satellites": [
        0,
        0,
        0,
        0,
        0
    ],
    "Flight_Mode": [
        "STABILIZE",
        "STABILIZE",
        "STABILIZE",
        "STABILIZE",
        "STABILIZE"
    ],
    "Voltage": [
        4.625,
        4.627,
        4.624,
        4.627,
        4.624
    ],
    "Current": [
        13.05,
        13.07,
        13.04,
        13.06,
        13.03
    ],
    "Armed": [
        false,
        false,
        false,
        false,
        false
    ]
}