{
    "Roll": [
        2.973752733719304,
        2.9608767599167725,
        2.9545340754987692,
        2.9547592582979685,
        2.9637161976207937
    ],
    "Pitch": [
        1.634917088581682,
        1.631936884947735,
        1.631345539976,
        1.6403165665639887,
        1.6416184646528165
    ],
    "Yaw": [
        82.27162979823039,
        82.13190461837945,
        81.98161313588248,
        81.90504671528664,
        81.77557364937988
    ],
    "Latitude": [
        0.0,
        0.0,
        0.0,
        0.0,
        0.0
    ],
    "Longitude": [
        0.0,
        0.0,
        0.0,
        0.0,
        0.0
    ],
    "Altitude": [
        -17.0,
        -17.0,
        -17.0,
        -17.0,
        -17.0
    ],
    "HDOP": [
        99.99,
        99.99,
        99.99,
        99.99,
        99.99
    ],
    "VDOP": [
        99.99,
        99.99,
        99.99,
        99.99,
        99.99
    ],
    "Satellites": [
        0,
        0,
        0,
        0,
        0
    ],
    "Flight_Mode": [
        "STABILIZE",
        "STABILIZE",
        "STABILIZE",
        "STABILIZE",
        "STABILIZE"
    ],
    "Voltage": [
        4.675,
        4.637,
        4.677,
        4.675,
        4.684
    ],
    "Current": [
        13.49,
        13.43,
        13.34,
        13.53,
        13.31
    ],
    "Armed": [
        false,
        false,
        false,
        false,
        false
    ]
}