{
    "Roll": [
        -0.8793059605861594,
        -0.8702839210228072,
        -0.8642118828506659,
        -0.8690894916917012,
        -0.8748597208798926
    ],
    "Pitch": [
        0.6370829599860304,
        0.6382309120142685,
        0.6402955501343164,
        0.6457134376108704,
        0.6462363206083466
    ],
    "Yaw": [
        -2.878575968625881,
        -3.0962455597377248,
        -3.3360357856937126,
        -3.459560824050451,
        -3.406449699951255
    ],
    "Latitude": [
        0.0,
        0.0,
        0.0,
        0.0,
        0.0
    ],
    "Longitude": [
        0.0,
        0.0,
        0.0,
        0.0,
        0.0
    ],
    "Altitude": [
        -17.0,
        -17.0,
        -17.0,
        -17.0,
        -17.0
    ],
    "HDOP": [
        99.99,
        99.99,
        99.99,
        99.99,
        99.99
    ],
    "VDOP": [
        99.99,
        99.99,
        99.99,
        99.99,
        99.99
    ],
    "Satellites": [
        0,
        0,
        0,
        0,
        0
    ],
    "Flight_Mode": [
        "STABILIZE",
        "STABILIZE",
        "STABILIZE",
        "STABILIZE",
        "STABILIZE"
    ],
    "Voltage": [
        4.66,
        4.681,
        4.674,
        4.672,
        4.683
    ],
    "Current": [
        13.3,
        13.05,
        13.37,
        13.35,
        12.98
    ],
    "Armed": [
        false,
        false,
        false,
        false,
        false
    ]
}