{
    "Roll": [
        -0.8932747646558933,
        -0.8969720314309858,
        -0.9009819928040179,
        -0.898106269720031,
        -0.8937701668141307
    ],
    "Pitch": [
        0.6439499147836848,
        0.6403907458958735,
        0.6320826211833463,
        0.6348021570509221,
        0.6375218530010566
    ],
    "Yaw": [
        -2.34239523316589,
        -2.377780522265022,
        -2.429174280674783,
        -2.468633137283593,
        -2.495082404514233
    ],
    "Latitude": [
        0.0,
        0.0,
        0.0,
        0.0,
        0.0
    ],
    "Longitude": [
        0.0,
        0.0,
        0.0,
        0.0,
        0.0
    ],
    "Altitude": [
        -17.0,
        -17.0,
        -17.0,
        -17.0,
        -17.0
    ],
    "HDOP": [
        99.99,
        99.99,
        99.99,
        99.99,
        99.99
    ],
    "VDOP": [
        99.99,
        99.99,
        99.99,
        99.99,
        99.99
    ],
    "Satellites": [
        0,
        0,
        0,
        0,
        0
    ],
    "Flight_Mode": [
        "STABILIZE",
        "STABILIZE",
        "STABILIZE",
        "STABILIZE",
        "STABILIZE"
    ],
    "Voltage": [
        4.635,
        4.671,
        4.638,
        4.634,
        4.637
    ],
    "Current": [
        13.15,
        13.13,
        13.2,
        13.12,
        13.16
    ],
    "Armed": [
        false,
        false,
        false,
        false,
        false
    ]
}