{
    "Roll": [
        0.6648038697019089,
        0.6559971945408237,
        0.6522606541780036,
        0.6512241729714542,
        0.6553338124176862
    ],
    "Pitch": [
        0.3644608951438638,
        0.35875227106033475,
        0.35964691911990065,
        0.35968357802583656,
        0.3596173572073992
    ],
    "Yaw": [
        68.82468120938945,
        68.82175105823552,
        68.80839120821898,
        68.79505184876994,
        68.7715559980251
    ],
    "Latitude": [
        0.0,
        0.0,
        0.0,
        0.0,
        0.0
    ],
    "Longitude": [
        0.0,
        0.0,
        0.0,
        0.0,
        0.0
    ],
    "Altitude": [
        -17.0,
        -17.0,
        -17.0,
        -17.0,
        -17.0
    ],
    "HDOP": [
        99.99,
        99.99,
        99.99,
        99.99,
        99.99
    ],
    "VDOP": [
        99.99,
        99.99,
        99.99,
        99.99,
        99.99
    ],
    "Satellites": [
        0,
        0,
        0,
        0,
        0
    ],
    "Flight_Mode": [
        "STABILIZE",
        "STABILIZE",
        "STABILIZE",
        "STABILIZE",
        "STABILIZE"
    ],
    "Voltage": [
        4.624,
        4.629,
        4.624,
        4.625,
        4.624
    ],
    "Current": [
        13.04,
        13.1,
        13.02,
        13.04,
        13.03
    ],
    "Armed": [
        false,
        false,
        false,
        false,
        false
    ]
}