{
    "Roll": [
        -0.8705932005261618,
        -0.8730853657995702,
        -0.8842847416042755,
        -0.8900590262172866,
        -0.8952623497043669
    ],
    "Pitch": [
        0.6398061243916027,
        0.6373301808174731,
        0.6299876207380036,
        0.624008003563069,
        0.6225954350653458
    ],
    "Yaw": [
        -2.9274163035031147,
        -3.063564812106506,
        -3.2881745157453177,
        -3.566067805759868,
        -3.80502282764641
    ],
    "Latitude": [
        0.0,
        0.0,
        0.0,
        0.0,
        0.0
    ],
    "Longitude": [
        0.0,
        0.0,
        0.0,
        0.0,
        0.0
    ],
    "Altitude": [
        -17.0,
        -17.0,
        -17.0,
        -17.0,
        -17.0
    ],
    "HDOP": [
        99.99,
        99.99,
        99.99,
        99.99,
        99.99
    ],
    "VDOP": [
        99.99,
        99.99,
        99.99,
        99.99,
        99.99
    ],
    "Satellites": [
        0,
        0,
        0,
        0,
        0
    ],
    "Flight_Mode": [
        "STABILIZE",
        "STABILIZE",
        "STABILIZE",
        "STABILIZE",
        "STABILIZE"
    ],
    "Voltage": [
        4.656,
        4.671,
        4.672,
        4.664,
        4.673
    ],
    "Current": [
        13.32,
        13.4,
        13.41,
        13.37,
        13.4
    ],
    "Armed": [
        false,
        false,
        false,
        false,
        false
    ]
}