{
    "Roll": [
        -0.8797029653316664,
        -0.8765740983615659,
        -0.8808608958393951,
        -0.8830282002404047,
        -0.8785828143077843
    ],
    "Pitch": [
        0.640710377404689,
        0.6403012597455757,
        0.6413351262703335,
        0.6366516442121146,
        0.6359964796603224
    ],
    "Yaw": [
        -2.7854386553299406,
        -2.9078401275682118,
        -3.1402701843632763,
        -3.2940943687650144,
        -3.387800081865947
    ],
    "Latitude": [
        0.0,
        0.0,
        0.0,
        0.0,
        0.0
    ],
    "Longitude": [
        0.0,
        0.0,
        0.0,
        0.0,
        0.0
    ],
    "Altitude": [
        -17.0,
        -17.0,
        -17.0,
        -17.0,
        -17.0
    ],
    "HDOP": [
        99.99,
        99.99,
        99.99,
        99.99,
        99.99
    ],
    "VDOP": [
        99.99,
        99.99,
        99.99,
        99.99,
        99.99
    ],
    "Satellites": [
        0,
        0,
        0,
        0,
        0
    ],
    "Flight_Mode": [
        "STABILIZE",
        "STABILIZE",
        "STABILIZE",
        "STABILIZE",
        "STABILIZE"
    ],
    "Voltage": [
        4.671,
        4.671,
        4.668,
        4.673,
        4.671
    ],
    "Current": [
        13.41,
        13.4,
        13.41,
        13.34,
        13.17
    ],
    "Armed": [
        false,
        false,
        false,
        false,
        false
    ]
}