{
    "Roll": [
        -0.8807951552686337,
        -0.8769045087626651,
        -0.8709586156467575,
        -0.871811962406186,
        -0.8736891972108817
    ],
    "Pitch": [
        0.6311830105644616,
        0.6302065069565613,
        0.6261786696978108,
        0.6336808320882764,
        0.6341992861349627
    ],
    "Yaw": [
        -4.126917690398064,
        -4.036002749903316,
        -3.957692496635005,
        -3.878924193805479,
        -3.8042002167382467
    ],
    "Latitude": [
        0.0,
        0.0,
        0.0,
        0.0,
        0.0
    ],
    "Longitude": [
        0.0,
        0.0,
        0.0,
        0.0,
        0.0
    ],
    "Altitude": [
        -17.0,
        -17.0,
        -17.0,
        -17.0,
        -17.0
    ],
    "HDOP": [
        99.99,
        99.99,
        99.99,
        99.99,
        99.99
    ],
    "VDOP": [
        99.99,
        99.99,
        99.99,
        99.99,
        99.99
    ],
    "Satellites": [
        0,
        0,
        0,
        0,
        0
    ],
    "Flight_Mode": [
        "STABILIZE",
        "STABILIZE",
        "STABILIZE",
        "STABILIZE",
        "STABILIZE"
    ],
    "Voltage": [
        4.679,
        4.653,
        4.671,
        4.673,
        4.673
    ],
    "Current": [
        13.08,
        13.29,
        13.39,
        13.36,
        13.38
    ],
    "Armed": [
        false,
        false,
        false,
        false,
        false
    ]
}