{
    "Roll": [
        0.6656730112737931,
        0.6652461244506672,
        0.6640521220063844,
        0.6622916407478135,
        0.6633729450707913
    ],
    "Pitch": [
        0.35249194911876847,
        0.35495111070466395,
        0.3528438372631564,
        0.3529994375101857,
        0.3543517349245689
    ],
    "Yaw": [
        68.88106442098791,
        68.90247023384673,
        68.95000152028085,
        68.96842937066154,
        68.91927932939413
    ],
    "Latitude": [
        0.0,
        0.0,
        0.0,
        0.0,
        0.0
    ],
    "Longitude": [
        0.0,
        0.0,
        0.0,
        0.0,
        0.0
    ],
    "Altitude": [
        -17.0,
        -17.0,
        -17.0,
        -17.0,
        -17.0
    ],
    "HDOP": [
        99.99,
        99.99,
        99.99,
        99.99,
        99.99
    ],
    "VDOP": [
        99.99,
        99.99,
        99.99,
        99.99,
        99.99
    ],
    "Satellites": [
        0,
        0,
        0,
        0,
        0
    ],
    "Flight_Mode": [
        "STABILIZE",
        "STABILIZE",
        "STABILIZE",
        "STABILIZE",
        "STABILIZE"
    ],
    "Voltage": [
        4.622,
        4.626,
        4.626,
        4.629,
        4.625
    ],
    "Current": [
        13.04,
        13.06,
        13.07,
        13.09,
        13.03
    ],
    "Armed": [
        false,
        false,
        false,
        false,
        false
    ]
}