{
    "Roll": [
        -0.8741709389907791,
        -0.872392101598814,
        -0.8679144857110475,
        -0.8612162045693805,
        -0.86608890421195
    ],
    "Pitch": [
        0.6303882540215071,
        0.6289121861088439,
        0.6280422441241664,
        0.6275428399019621,
        0.6226936190346647
    ],
    "Yaw": [
        -3.1292547967793385,
        -3.1093129922804286,
        -3.0939051527299375,
        -3.0576637421070267,
        -3.0254999544186134
    ],
    "Latitude": [
        0.0,
        0.0,
        0.0,
        0.0,
        0.0
    ],
    "Longitude": [
        0.0,
        0.0,
        0.0,
        0.0,
        0.0
    ],
    "Altitude": [
        -17.0,
        -17.0,
        -17.0,
        -17.0,
        -17.0
    ],
    "HDOP": [
        99.99,
        99.99,
        99.99,
        99.99,
        99.99
    ],
    "VDOP": [
        99.99,
        99.99,
        99.99,
        99.99,
        99.99
    ],
    "Satellites": [
        0,
        0,
        0,
        0,
        0
    ],
    "Flight_Mode": [
        "STABILIZE",
        "STABILIZE",
        "STABILIZE",
        "STABILIZE",
        "STABILIZE"
    ],
    "Voltage": [
        4.674,
        4.666,
        4.676,
        4.659,
        4.677
    ],
    "Current": [
        13.38,
        13.41,
        13.29,
        13.25,
        13.19
    ],
    "Armed": [
        false,
        false,
        false,
        false,
        false
    ]
}