{
    "Roll": [
        2.287752012258496,
        2.2901257164384865,
        2.287121927307562,
        2.286844877759353
    ],
    "Pitch": [
        0.9200590313209809,
        0.9117795613864561,
        0.8982803328221606,
        0.892825626357112
    ],
    "Yaw": [
        2.38157960154743,
        2.107615164409518,
        1.763001171487698,
        1.5692306257251405
    ],
    "Latitude": [
        52.2207744,
        52.2208549,
        52.2209108,
        52.2208736
    ],
    "Longitude": [
        21.0056607,
        21.0055973,
        21.0055922,
        21.0057144
    ],
    "Altitude": [
        102.11,
        105.2,
        110.92,
        119.28
    ],
    "HDOP": [
        2.87,
        3.44,
        2.87,
        2.87
    ],
    "VDOP": [
        3.65,
        4.0,
        3.65,
        3.65
    ],
    "Satellites": [
        6,
        5,
        6,
        6
    ],
    "Flight_Mode": [
        "ALT_HOLD",
        "ALT_HOLD",
        "ALT_HOLD",
        "ALT_HOLD"
    ],
    "Voltage": [
        15.594,
        15.593,
        15.597,
        15.596
    ],
    "Current": [
        42.68,
        42.61,
        42.67,
        42.68
    ],
    "Armed": [
        false,
        false,
        false,
        false
    ]
}