{
    "Roll": [
        0.6629097728676997,
        0.6651325725557158,
        0.6590925508953088,
        0.655716303011207,
        0.6556612346110237
    ],
    "Pitch": [
        0.34676640964487304,
        0.3507195950704295,
        0.3563204835919722,
        0.3524119612002853,
        0.35624924685336307
    ],
    "Yaw": [
        69.36517456898008,
        69.36486038027826,
        69.36029098372352,
        69.38370487219832,
        69.41287661014344
    ],
    "Latitude": [
        0.0,
        0.0,
        0.0,
        0.0,
        0.0
    ],
    "Longitude": [
        0.0,
        0.0,
        0.0,
        0.0,
        0.0
    ],
    "Altitude": [
        -17.0,
        -17.0,
        -17.0,
        -17.0,
        -17.0
    ],
    "HDOP": [
        99.99,
        99.99,
        99.99,
        99.99,
        99.99
    ],
    "VDOP": [
        99.99,
        99.99,
        99.99,
        99.99,
        99.99
    ],
    "Satellites": [
        0,
        0,
        0,
        0,
        0
    ],
    "Flight_Mode": [
        "STABILIZE",
        "STABILIZE",
        "STABILIZE",
        "STABILIZE",
        "STABILIZE"
    ],
    "Voltage": [
        4.623,
        4.623,
        4.625,
        4.624,
        4.622
    ],
    "Current": [
        13.03,
        13.06,
        13.04,
        13.03,
        13.01
    ],
    "Armed": [
        false,
        false,
        false,
        false,
        false
    ]
}