{
    "Roll": [
        -0.8773059958198149,
        -0.8855263419293369,
        -0.8948945867062441,
        -0.899782654274446,
        -0.8919917563089886
    ],
    "Pitch": [
        0.6305270989607288,
        0.6307734660185252,
        0.6354439813894918,
        0.6299793498058055,
        0.6368302963475928
    ],
    "Yaw": [
        -1.7027970026571497,
        -1.7385622210288636,
        -1.8070494883319335,
        -1.8534187888335039,
        -1.844647545278738
    ],
    "Latitude": [
        0.0,
        0.0,
        0.0,
        0.0,
        0.0
    ],
    "Longitude": [
        0.0,
        0.0,
        0.0,
        0.0,
        0.0
    ],
    "Altitude": [
        -17.0,
        -17.0,
        -17.0,
        -17.0,
        -17.0
    ],
    "HDOP": [
        99.99,
        99.99,
        99.99,
        99.99,
        99.99
    ],
    "VDOP": [
        99.99,
        99.99,
        99.99,
        99.99,
        99.99
    ],
    "Satellites": [
        0,
        0,
        0,
        0,
        0
    ],
    "Flight_Mode": [
        "STABILIZE",
        "STABILIZE",
        "STABILIZE",
        "STABILIZE",
        "STABILIZE"
    ],
    "Voltage": [
        4.658,
        4.681,
        4.673,
        4.665,
        4.682
    ],
    "Current": [
        13.34,
        13.04,
        13.39,
        13.4,
        13.0
    ],
    "Armed": [
        false,
        false,
        false,
        false,
        false
    ]
}