{
    "Roll": [
        -0.8846324409217114,
        -0.8839763158745672,
        -0.8767623554505642,
        -0.8788067164465138,
        -0.875281911947964
    ],
    "Pitch": [
        0.6267222567062086,
        0.6283848741605778,
        0.6278911795496328,
        0.6323088178387501,
        0.6369766118062191
    ],
    "Yaw": [
        -2.6037628804835946,
        -2.453545676293858,
        -2.4149856298911394,
        -2.388630918091822,
        -2.340473175244766
    ],
    "Latitude": [
        0.0,
        0.0,
        0.0,
        0.0,
        0.0
    ],
    "Longitude": [
        0.0,
        0.0,
        0.0,
        0.0,
        0.0
    ],
    "Altitude": [
        -17.0,
        -17.0,
        -17.0,
        -17.0,
        -17.0
    ],
    "HDOP": [
        99.99,
        99.99,
        99.99,
        99.99,
        99.99
    ],
    "VDOP": [
        99.99,
        99.99,
        99.99,
        99.99,
        99.99
    ],
    "Satellites": [
        0,
        0,
        0,
        0,
        0
    ],
    "Flight_Mode": [
        "STABILIZE",
        "STABILIZE",
        "STABILIZE",
        "STABILIZE",
        "STABILIZE"
    ],
    "Voltage": [
        4.675,
        4.672,
        4.681,
        4.659,
        4.669
    ],
    "Current": [
        13.27,
        13.47,
        13.07,
        13.33,
        13.4
    ],
    "Armed": [
        false,
        false,
        false,
        false,
        false
    ]
}