{
    "Roll": [
        -0.8760138094062132,
        -0.8790316858023011,
        -0.869041253480688,
        -0.8675140658709555,
        -0.8729090615416193
    ],
    "Pitch": [
        0.6255880184171634,
        0.6196188599693954,
        0.6169998025878128,
        0.6185390497502986,
        0.6213737916992654
    ],
    "Yaw": [
        -2.444111904389601,
        -2.4944634186207004,
        -2.5367047235426443,
        -2.581010453141224,
        -2.571139335686675
    ],
    "Latitude": [
        0.0,
        0.0,
        0.0,
        0.0,
        0.0
    ],
    "Longitude": [
        0.0,
        0.0,
        0.0,
        0.0,
        0.0
    ],
    "Altitude": [
        -17.0,
        -17.0,
        -17.0,
        -17.0,
        -17.0
    ],
    "HDOP": [
        99.99,
        99.99,
        99.99,
        99.99,
        99.99
    ],
    "VDOP": [
        99.99,
        99.99,
        99.99,
        99.99,
        99.99
    ],
    "Satellites": [
        0,
        0,
        0,
        0,
        0
    ],
    "Flight_Mode": [
        "STABILIZE",
        "STABILIZE",
        "STABILIZE",
        "STABILIZE",
        "STABILIZE"
    ],
    "Voltage": [
        4.669,
        4.664,
        4.648,
        4.672,
        4.672
    ],
    "Current": [
        13.46,
        13.41,
        13.29,
        13.42,
        13.45
    ],
    "Armed": [
        false,
        false,
        false,
        false,
        false
    ]
}