{
    "Roll": [
        -0.8557665673853566,
        -0.8521390966058452,
        -0.8575925757712772,
        -0.8481564559894931,
        -0.8486915586222813
    ],
    "Pitch": [
        0.6212070923948348,
        0.6201389148416684,
        0.6175797283370292,
        0.6182821706044827,
        0.617234056732003
    ],
    "Yaw": [
        -1.5270216574800484,
        -1.7723244864264713,
        -2.0128104311824484,
        -2.240037164490433,
        -2.462079997661789
    ],
    "Latitude": [
        0.0,
        0.0,
        0.0,
        0.0,
        0.0
    ],
    "Longitude": [
        0.0,
        0.0,
        0.0,
        0.0,
        0.0
    ],
    "Altitude": [
        -17.0,
        -17.0,
        -17.0,
        -17.0,
        -17.0
    ],
    "HDOP": [
        99.99,
        99.99,
        99.99,
        99.99,
        99.99
    ],
    "VDOP": [
        99.99,
        99.99,
        99.99,
        99.99,
        99.99
    ],
    "Satellites": [
        0,
        0,
        0,
        0,
        0
    ],
    "Flight_Mode": [
        "STABILIZE",
        "STABILIZE",
        "STABILIZE",
        "STABILIZE",
        "STABILIZE"
    ],
    "Voltage": [
        4.671,
        4.661,
        4.668,
        4.669,
        4.668
    ],
    "Current": [
        13.44,
        13.35,
        13.44,
        13.46,
        13.45
    ],
    "Armed": [
        false,
        false,
        false,
        false,
        false
    ]
}