{
    "Roll": [
        5.69489817806168,
        2.4409819702024427,
        2.270746335329045
    ],
    "Pitch": [
        0.6526084602171454,
        2.1419912930587808,
        2.00839257944992
    ],
    "Yaw": [
        65.12453550956177,
        52.52065083035384,
        52.54825162478986
    ],
    "Latitude": [
        52.2212049,
        52.2211342,
        52.2211611
    ],
    "Longitude": [
        21.0067551,
        21.007905,
        21.0079069
    ],
    "Altitude": [
        123.57,
        138.09,
        136.03
    ],
    "HDOP": [
        1.46,
        1.21,
        1.32
    ],
    "VDOP": [
        1.67,
        1.49,
        1.61
    ],
    "Satellites": [
        10,
        11,
        9
    ],
    "Flight_Mode": [
        "LAND",
        "LOITER",
        "LOITER"
    ],
    "Voltage": [
        15.503,
        15.501,
        15.506
    ],
    "Current": [
        42.36,
        42.33,
        42.33
    ],
    "Armed": [
        false,
        false,
        false
    ]
}