{
    "Roll": [
        0.6500604794916133,
        0.6554063831776176,
        0.6577820083483127,
        0.6572518149139904,
        0.6527613924215302
    ],
    "Pitch": [
        0.3599970730365696,
        0.35857031055197736,
        0.3624521525172189,
        0.3601688416220248,
        0.3570249268914091
    ],
    "Yaw": [
        68.4749072219931,
        68.25472924390857,
        68.03707843581695,
        67.83161268520462,
        67.81582128784355
    ],
    "Latitude": [
        0.0,
        0.0,
        0.0,
        0.0,
        0.0
    ],
    "Longitude": [
        0.0,
        0.0,
        0.0,
        0.0,
        0.0
    ],
    "Altitude": [
        -17.0,
        -17.0,
        -17.0,
        -17.0,
        -17.0
    ],
    "HDOP": [
        99.99,
        99.99,
        99.99,
        99.99,
        99.99
    ],
    "VDOP": [
        99.99,
        99.99,
        99.99,
        99.99,
        99.99
    ],
    "Satellites": [
        0,
        0,
        0,
        0,
        0
    ],
    "Flight_Mode": [
        "STABILIZE",
        "STABILIZE",
        "STABILIZE",
        "STABILIZE",
        "STABILIZE"
    ],
    "Voltage": [
        4.625,
        4.625,
        4.626,
        4.624,
        4.624
    ],
    "Current": [
        13.03,
        13.04,
        13.06,
        13.03,
        13.04
    ],
    "Armed": [
        false,
        false,
        false,
        false,
        false
    ]
}