{
    "Roll": [
        -0.8449910901960153,
        -0.8592491100884169,
        -0.8690664398032524,
        -0.8584623576733961,
        -0.8609694639856139
    ],
    "Pitch": [
        0.6276802974590087,
        0.6205691633985262,
        0.6189196193531152,
        0.6198966565695444,
        0.6263859766112913
    ],
    "Yaw": [
        -2.4280274492244556,
        -2.3571798179546173,
        -2.2963300895257968,
        -2.325489234309639,
        -2.363685359695643
    ],
    "Latitude": [
        0.0,
        0.0,
        0.0,
        0.0,
        0.0
    ],
    "Longitude": [
        0.0,
        0.0,
        0.0,
        0.0,
        0.0
    ],
    "Altitude": [
        -17.0,
        -17.0,
        -17.0,
        -17.0,
        -17.0
    ],
    "HDOP": [
        99.99,
        99.99,
        99.99,
        99.99,
        99.99
    ],
    "VDOP": [
        99.99,
        99.99,
        99.99,
        99.99,
        99.99
    ],
    "Satellites": [
        0,
        0,
        0,
        0,
        0
    ],
    "Flight_Mode": [
        "STABILIZE",
        "STABILIZE",
        "STABILIZE",
        "STABILIZE",
        "STABILIZE"
    ],
    "Voltage": [
        4.671,
        4.69,
        4.658,
        4.67,
        4.669
    ],
    "Current": [
        13.47,
        13.04,
        13.36,
        13.47,
        13.43
    ],
    "Armed": [
        false,
        false,
        false,
        false,
        false
    ]
}