{
    "Roll": [
        -0.8891277726126376,
        -0.8952704605540064,
        -0.8997961012093745,
        -0.8920380735292978,
        -0.8846988218227075
    ],
    "Pitch": [
        0.6368515339670433,
        0.6362799325108779,
        0.6309113504623949,
        0.6272477543854764,
        0.6291022574668407
    ],
    "Yaw": [
        -2.4295147229162257,
        -2.4578553122167244,
        -2.474963015096902,
        -2.497591645260566,
        -2.514764661824682
    ],
    "Latitude": [
        0.0,
        0.0,
        0.0,
        0.0,
        0.0
    ],
    "Longitude": [
        0.0,
        0.0,
        0.0,
        0.0,
        0.0
    ],
    "Altitude": [
        -17.0,
        -17.0,
        -17.0,
        -17.0,
        -17.0
    ],
    "HDOP": [
        99.99,
        99.99,
        99.99,
        99.99,
        99.99
    ],
    "VDOP": [
        99.99,
        99.99,
        99.99,
        99.99,
        99.99
    ],
    "Satellites": [
        0,
        0,
        0,
        0,
        0
    ],
    "Flight_Mode": [
        "STABILIZE",
        "STABILIZE",
        "STABILIZE",
        "STABILIZE",
        "STABILIZE"
    ],
    "Voltage": [
        4.674,
        4.671,
        4.666,
        4.661,
        4.674
    ],
    "Current": [
        13.34,
        13.39,
        13.39,
        13.34,
        13.35
    ],
    "Armed": [
        false,
        false,
        false,
        false,
        false
    ]
}