{
    "Roll": [
        -0.8741831052652382,
        -0.8776635135341828,
        -0.8802244075861145,
        -0.8806549229472369,
        -0.8806564170511179
    ],
    "Pitch": [
        0.629493285796824,
        0.6275881966269192,
        0.6308015871879987,
        0.6282639051070745,
        0.6237072617961769
    ],
    "Yaw": [
        -2.6684027235715373,
        -2.7301160440435415,
        -2.796298442666849,
        -2.8445313175947753,
        -2.915408830942232
    ],
    "Latitude": [
        0.0,
        0.0,
        0.0,
        0.0,
        0.0
    ],
    "Longitude": [
        0.0,
        0.0,
        0.0,
        0.0,
        0.0
    ],
    "Altitude": [
        -17.0,
        -17.0,
        -17.0,
        -17.0,
        -17.0
    ],
    "HDOP": [
        99.99,
        99.99,
        99.99,
        99.99,
        99.99
    ],
    "VDOP": [
        99.99,
        99.99,
        99.99,
        99.99,
        99.99
    ],
    "Satellites": [
        0,
        0,
        0,
        0,
        0
    ],
    "Flight_Mode": [
        "STABILIZE",
        "STABILIZE",
        "STABILIZE",
        "STABILIZE",
        "STABILIZE"
    ],
    "Voltage": [
        4.673,
        4.675,
        4.655,
        4.664,
        4.651
    ],
    "Current": [
        13.41,
        13.32,
        13.2,
        13.21,
        13.32
    ],
    "Armed": [
        false,
        false,
        false,
        false,
        false
    ]
}