{
    "Roll": [
        -0.8879096510628482,
        -0.8840542227197876,
        -0.8817185114670548,
        -0.8808751965479698,
        -0.8769085641874849
    ],
    "Pitch": [
        0.631061241098165,
        0.6348903091798976,
        0.6304263536704712,
        0.6309068147898992,
        0.6334180832486425
    ],
    "Yaw": [
        -2.6722310446013298,
        -2.6914618690963237,
        -2.6925237500688493,
        -2.694035569752949,
        -2.8174218698921716
    ],
    "Latitude": [
        0.0,
        0.0,
        0.0,
        0.0,
        0.0
    ],
    "Longitude": [
        0.0,
        0.0,
        0.0,
        0.0,
        0.0
    ],
    "Altitude": [
        -17.0,
        -17.0,
        -17.0,
        -17.0,
        -17.0
    ],
    "HDOP": [
        99.99,
        99.99,
        99.99,
        99.99,
        99.99
    ],
    "VDOP": [
        99.99,
        99.99,
        99.99,
        99.99,
        99.99
    ],
    "Satellites": [
        0,
        0,
        0,
        0,
        0
    ],
    "Flight_Mode": [
        "STABILIZE",
        "STABILIZE",
        "STABILIZE",
        "STABILIZE",
        "STABILIZE"
    ],
    "Voltage": [
        4.673,
        4.674,
        4.674,
        4.653,
        4.671
    ],
    "Current": [
        13.4,
        13.34,
        13.38,
        13.25,
        13.43
    ],
    "Armed": [
        false,
        false,
        false,
        false,
        false
    ]
}