{
    "Roll": [
        0.6608069283769821,
        0.659059253723105,
        0.6497087247493576,
        0.6442381701110005,
        0.6531191235793096
    ],
    "Pitch": [
        0.34943143740122096,
        0.3527746549173835,
        0.35071879465763617,
        0.3535132491626705,
        0.35448342950950323
    ],
    "Yaw": [
        68.60854670329357,
        68.6245293459514,
        68.65164519695635,
        68.6786722555021,
        68.71168255976076
    ],
    "Latitude": [
        0.0,
        0.0,
        0.0,
        0.0,
        0.0
    ],
    "Longitude": [
        0.0,
        0.0,
        0.0,
        0.0,
        0.0
    ],
    "Altitude": [
        -17.0,
        -17.0,
        -17.0,
        -17.0,
        -17.0
    ],
    "HDOP": [
        99.99,
        99.99,
        99.99,
        99.99,
        99.99
    ],
    "VDOP": [
        99.99,
        99.99,
        99.99,
        99.99,
        99.99
    ],
    "Satellites": [
        0,
        0,
        0,
        0,
        0
    ],
    "Flight_Mode": [
        "STABILIZE",
        "STABILIZE",
        "STABILIZE",
        "STABILIZE",
        "STABILIZE"
    ],
    "Voltage": [
        4.623,
        4.626,
        4.625,
        4.624,
        4.625
    ],
    "Current": [
        13.02,
        13.06,
        13.05,
        13.05,
        13.03
    ],
    "Armed": [
        false,
        false,
        false,
        false,
        false
    ]
}