{
    "Roll": [
        0.6682595185351122,
        0.6659970183725455,
        0.6646386645013592,
        0.664882416877364,
        0.6689933369840655
    ],
    "Pitch": [
        0.3482704653248775,
        0.3528036298605032,
        0.3539078526697974,
        0.35549114921634456,
        0.3603254824056855
    ],
    "Yaw": [
        68.20112591930231,
        68.29447411468888,
        68.31120124796624,
        68.32042883353492,
        68.35440219446657
    ],
    "Latitude": [
        0.0,
        0.0,
        0.0,
        0.0,
        0.0
    ],
    "Longitude": [
        0.0,
        0.0,
        0.0,
        0.0,
        0.0
    ],
    "Altitude": [
        -17.0,
        -17.0,
        -17.0,
        -17.0,
        -17.0
    ],
    "HDOP": [
        99.99,
        99.99,
        99.99,
        99.99,
        99.99
    ],
    "VDOP": [
        99.99,
        99.99,
        99.99,
        99.99,
        99.99
    ],
    "Satellites": [
        0,
        0,
        0,
        0,
        0
    ],
    "Flight_Mode": [
        "STABILIZE",
        "STABILIZE",
        "STABILIZE",
        "STABILIZE",
        "STABILIZE"
    ],
    "Voltage": [
        4.628,
        4.624,
        4.624,
        4.627,
        4.626
    ],
    "Current": [
        13.08,
        13.04,
        13.05,
        13.08,
        13.05
    ],
    "Armed": [
        false,
        false,
        false,
        false,
        false
    ]
}