{
    "Roll": [
        -0.8765721773708618,
        -0.8745941972759084,
        -0.8837816554832217,
        -0.8818544749202204,
        -0.8826047285118639
    ],
    "Pitch": [
        0.6247134340382844,
        0.6238384227725823,
        0.6156042562021616,
        0.6141290954239976,
        0.6147955724766028
    ],
    "Yaw": [
        -2.94500169273837,
        -3.1372021487654713,
        -3.308916519594177,
        -3.450724266811747,
        -3.4522207185702145
    ],
    "Latitude": [
        0.0,
        0.0,
        0.0,
        0.0,
        0.0
    ],
    "Longitude": [
        0.0,
        0.0,
        0.0,
        0.0,
        0.0
    ],
    "Altitude": [
        -17.0,
        -17.0,
        -17.0,
        -17.0,
        -17.0
    ],
    "HDOP": [
        99.99,
        99.99,
        99.99,
        99.99,
        99.99
    ],
    "VDOP": [
        99.99,
        99.99,
        99.99,
        99.99,
        99.99
    ],
    "Satellites": [
        0,
        0,
        0,
        0,
        0
    ],
    "Flight_Mode": [
        "STABILIZE",
        "STABILIZE",
        "STABILIZE",
        "STABILIZE",
        "STABILIZE"
    ],
    "Voltage": [
        4.656,
        4.677,
        4.666,
        4.664,
        4.666
    ],
    "Current": [
        13.3,
        13.2,
        13.41,
        13.41,
        13.4
    ],
    "Armed": [
        false,
        false,
        false,
        false,
        false
    ]
}