{
    "Roll": [
        -0.8842691602352314,
        -0.8879852100305415,
        -0.8863165094389428,
        -0.8811966423257835,
        -0.8814085916334654
    ],
    "Pitch": [
        0.6365086371263675,
        0.6331154204910463,
        0.6309600689210841,
        0.631296082211737,
        0.6318892414524704
    ],
    "Yaw": [
        -2.458854227382839,
        -2.421074743536206,
        -2.4923166047872005,
        -2.597887210250091,
        -2.7177655679202775
    ],
    "Latitude": [
        0.0,
        0.0,
        0.0,
        0.0,
        0.0
    ],
    "Longitude": [
        0.0,
        0.0,
        0.0,
        0.0,
        0.0
    ],
    "Altitude": [
        -17.0,
        -17.0,
        -17.0,
        -17.0,
        -17.0
    ],
    "HDOP": [
        99.99,
        99.99,
        99.99,
        99.99,
        99.99
    ],
    "VDOP": [
        99.99,
        99.99,
        99.99,
        99.99,
        99.99
    ],
    "Satellites": [
        0,
        0,
        0,
        0,
        0
    ],
    "Flight_Mode": [
        "STABILIZE",
        "STABILIZE",
        "STABILIZE",
        "STABILIZE",
        "STABILIZE"
    ],
    "Voltage": [
        4.662,
        4.673,
        4.668,
        4.672,
        4.67
    ],
    "Current": [
        13.3,
        13.36,
        13.34,
        13.4,
        13.42
    ],
    "Armed": [
        false,
        false,
        false,
        false,
        false
    ]
}