{
    "Roll": [
        0.6586456003914961,
        0.6601657443686472,
        0.6682219524946772,
        0.6677323133085519,
        0.6644627871302314
    ],
    "Pitch": [
        0.35372367768604507,
        0.35830790855788724,
        0.36303861497091444,
        0.36487246740220997,
        0.358326344732561
    ],
    "Yaw": [
        68.54343450993584,
        68.74555346785486,
        69.16789138499342,
        69.47455321834866,
        69.4090380438299
    ],
    "Latitude": [
        0.0,
        0.0,
        0.0,
        0.0,
        0.0
    ],
    "Longitude": [
        0.0,
        0.0,
        0.0,
        0.0,
        0.0
    ],
    "Altitude": [
        -17.0,
        -17.0,
        -17.0,
        -17.0,
        -17.0
    ],
    "HDOP": [
        99.99,
        99.99,
        99.99,
        99.99,
        99.99
    ],
    "VDOP": [
        99.99,
        99.99,
        99.99,
        99.99,
        99.99
    ],
    "Satellites": [
        0,
        0,
        0,
        0,
        0
    ],
    "Flight_Mode": [
        "STABILIZE",
        "STABILIZE",
        "STABILIZE",
        "STABILIZE",
        "STABILIZE"
    ],
    "Voltage": [
        4.624,
        4.624,
        4.624,
        4.624,
        4.625
    ],
    "Current": [
        13.03,
        13.05,
        13.03,
        13.04,
        13.06
    ],
    "Armed": [
        false,
        false,
        false,
        false,
        false
    ]
}