{
    "Roll": [
        -0.8673746873232049,
        -0.8673499278874636,
        -0.8654776022812338,
        -0.8668146118112638,
        -0.8738033894360678
    ],
    "Pitch": [
        0.6297675605806823,
        0.6310224477581134,
        0.6316650191486235,
        0.6384788265367988,
        0.6372957097065057
    ],
    "Yaw": [
        -3.1885527916060967,
        -2.970748731144968,
        -3.0965025456052464,
        -3.1298238369145652,
        -3.160710379228186
    ],
    "Latitude": [
        0.0,
        0.0,
        0.0,
        0.0,
        0.0
    ],
    "Longitude": [
        0.0,
        0.0,
        0.0,
        0.0,
        0.0
    ],
    "Altitude": [
        -17.0,
        -17.0,
        -17.0,
        -17.0,
        -17.0
    ],
    "HDOP": [
        99.99,
        99.99,
        99.99,
        99.99,
        99.99
    ],
    "VDOP": [
        99.99,
        99.99,
        99.99,
        99.99,
        99.99
    ],
    "Satellites": [
        0,
        0,
        0,
        0,
        0
    ],
    "Flight_Mode": [
        "STABILIZE",
        "STABILIZE",
        "STABILIZE",
        "STABILIZE",
        "STABILIZE"
    ],
    "Voltage": [
        4.673,
        4.673,
        4.672,
        4.671,
        4.673
    ],
    "Current": [
        13.4,
        13.38,
        13.43,
        13.34,
        13.39
    ],
    "Armed": [
        false,
        false,
        false,
        false,
        false
    ]
}