{
    "Roll": [
        -0.8558022124350877,
        -0.8489517461409765,
        -0.8366008431308893,
        -0.838993757217921,
        -0.8462072907551007
    ],
    "Pitch": [
        0.6372743120044965,
        0.6358125981612609,
        0.627169313931727,
        0.6357004336484846,
        0.6075195000198351
    ],
    "Yaw": [
        0.5005288021789637,
        0.5919482161769398,
        0.6582945393403281,
        0.6825077200305819,
        0.7127309335819182
    ],
    "Latitude": [
        0.0,
        0.0,
        0.0,
        0.0,
        0.0
    ],
    "Longitude": [
        0.0,
        0.0,
        0.0,
        0.0,
        0.0
    ],
    "Altitude": [
        -17.0,
        -17.0,
        -17.0,
        -17.0,
        -17.0
    ],
    "HDOP": [
        99.99,
        99.99,
        99.99,
        99.99,
        99.99
    ],
    "VDOP": [
        99.99,
        99.99,
        99.99,
        99.99,
        99.99
    ],
    "Satellites": [
        0,
        0,
        0,
        0,
        0
    ],
    "Flight_Mode": [
        "STABILIZE",
        "STABILIZE",
        "STABILIZE",
        "STABILIZE",
        "STABILIZE"
    ],
    "Voltage": [
        4.625,
        4.647,
        4.654,
        4.672,
        4.645
    ],
    "Current": [
        13.05,
        13.28,
        13.36,
        13.43,
        13.28
    ],
    "Armed": [
        false,
        false,
        false,
        false,
        false
    ]
}