{
    "Roll": [
        2.9709130825718715,
        2.9699792676462837,
        2.966650831086372,
        2.9640399912761346,
        2.969473193317468
    ],
    "Pitch": [
        1.6413595577945908,
        1.6446211865666833,
        1.6377543918515876,
        1.6416415165412652,
        1.6483997752815813
    ],
    "Yaw": [
        81.66092209397205,
        81.52062317823082,
        81.28913440688075,
        81.15912858621873,
        81.10269073310691
    ],
    "Latitude": [
        0.0,
        0.0,
        0.0,
        0.0,
        0.0
    ],
    "Longitude": [
        0.0,
        0.0,
        0.0,
        0.0,
        0.0
    ],
    "Altitude": [
        -17.0,
        -17.0,
        -17.0,
        -17.0,
        -17.0
    ],
    "HDOP": [
        99.99,
        99.99,
        99.99,
        99.99,
        99.99
    ],
    "VDOP": [
        99.99,
        99.99,
        99.99,
        99.99,
        99.99
    ],
    "Satellites": [
        0,
        0,
        0,
        0,
        0
    ],
    "Flight_Mode": [
        "STABILIZE",
        "STABILIZE",
        "STABILIZE",
        "STABILIZE",
        "STABILIZE"
    ],
    "Voltage": [
        4.692,
        4.679,
        4.68,
        4.678,
        4.678
    ],
    "Current": [
        13.32,
        13.32,
        13.32,
        13.39,
        13.39
    ],
    "Armed": [
        false,
        false,
        false,
        false,
        false
    ]
}