{
    "Roll": [
        -0.8806884335628522,
        -0.8799911139372762,
        -0.8883933138334498,
        -0.8883691947279432,
        -0.8833253134693003
    ],
    "Pitch": [
        0.6422225172539063,
        0.6392393254121974,
        0.6310019571906034,
        0.6264626027960424,
        0.6321327270242107
    ],
    "Yaw": [
        -3.38818705477111,
        -3.354143684400474,
        -3.323999071385446,
        -3.310733990243635,
        -3.322394403817316
    ],
    "Latitude": [
        0.0,
        0.0,
        0.0,
        0.0,
        0.0
    ],
    "Longitude": [
        0.0,
        0.0,
        0.0,
        0.0,
        0.0
    ],
    "Altitude": [
        -17.0,
        -17.0,
        -17.0,
        -17.0,
        -17.0
    ],
    "HDOP": [
        99.99,
        99.99,
        99.99,
        99.99,
        99.99
    ],
    "VDOP": [
        99.99,
        99.99,
        99.99,
        99.99,
        99.99
    ],
    "Satellites": [
        0,
        0,
        0,
        0,
        0
    ],
    "Flight_Mode": [
        "STABILIZE",
        "STABILIZE",
        "STABILIZE",
        "STABILIZE",
        "STABILIZE"
    ],
    "Voltage": [
        4.662,
        4.673,
        4.681,
        4.674,
        4.674
    ],
    "Current": [
        13.33,
        13.39,
        13.01,
        13.33,
        13.38
    ],
    "Armed": [
        false,
        false,
        false,
        false,
        false
    ]
}