{
    "Roll": [
        0.6475866703515992,
        0.651223319197808,
        0.6605631760009772,
        0.6702424078285315,
        0.6692528841725259
    ],
    "Pitch": [
        0.3494366400843778,
        0.3520295506480439,
        0.35981991500497235,
        0.3628610567329205,
        0.36705636702846867
    ],
    "Yaw": [
        68.6860966711299,
        68.7143873146721,
        68.73564286336916,
        68.78287362147981,
        68.80837754784064
    ],
    "Latitude": [
        0.0,
        0.0,
        0.0,
        0.0,
        0.0
    ],
    "Longitude": [
        0.0,
        0.0,
        0.0,
        0.0,
        0.0
    ],
    "Altitude": [
        -17.0,
        -17.0,
        -17.0,
        -17.0,
        -17.0
    ],
    "HDOP": [
        99.99,
        99.99,
        99.99,
        99.99,
        99.99
    ],
    "VDOP": [
        99.99,
        99.99,
        99.99,
        99.99,
        99.99
    ],
    "Satellites": [
        0,
        0,
        0,
        0,
        0
    ],
    "Flight_Mode": [
        "STABILIZE",
        "STABILIZE",
        "STABILIZE",
        "STABILIZE",
        "STABILIZE"
    ],
    "Voltage": [
        4.624,
        4.624,
        4.624,
        4.622,
        4.626
    ],
    "Current": [
        13.03,
        13.03,
        13.03,
        13.04,
        13.07
    ],
    "Armed": [
        false,
        false,
        false,
        false,
        false
    ]
}