{
    "Roll": [
        -0.8451466904430447,
        -0.8520885105173048,
        -0.8629252459657647,
        -0.8717878433006794,
        -0.8651471918801344
    ],
    "Pitch": [
        0.6184141319936814,
        0.6250774617767049,
        0.622631933888723,
        0.6199891309276041,
        0.6221054223532502
    ],
    "Yaw": [
        -2.5586962251227927,
        -2.584905368515424,
        -2.5856259534728605,
        -2.584778796572367,
        -2.630138082850422
    ],
    "Latitude": [
        0.0,
        0.0,
        0.0,
        0.0,
        0.0
    ],
    "Longitude": [
        0.0,
        0.0,
        0.0,
        0.0,
        0.0
    ],
    "Altitude": [
        -17.0,
        -17.0,
        -17.0,
        -17.0,
        -17.0
    ],
    "HDOP": [
        99.99,
        99.99,
        99.99,
        99.99,
        99.99
    ],
    "VDOP": [
        99.99,
        99.99,
        99.99,
        99.99,
        99.99
    ],
    "Satellites": [
        0,
        0,
        0,
        0,
        0
    ],
    "Flight_Mode": [
        "STABILIZE",
        "STABILIZE",
        "STABILIZE",
        "STABILIZE",
        "STABILIZE"
    ],
    "Voltage": [
        4.67,
        4.666,
        4.67,
        4.668,
        4.669
    ],
    "Current": [
        13.46,
        13.25,
        13.44,
        13.42,
        13.28
    ],
    "Armed": [
        false,
        false,
        false,
        false,
        false
    ]
}