{
    "Roll": [
        -0.8800636846972076,
        -0.8865771238444611,
        -0.889739501430177,
        -0.904150133361846,
        -0.9094853648772723
    ],
    "Pitch": [
        0.6376684886248003,
        0.6445262119949047,
        0.6422720361253889,
        0.6430248510379712,
        0.6416756218726293
    ],
    "Yaw": [
        -2.826139112263812,
        -2.7061124114225894,
        -2.5920770671439373,
        -2.4829381147265384,
        -2.356967655203524
    ],
    "Latitude": [
        0.0,
        0.0,
        0.0,
        0.0,
        0.0
    ],
    "Longitude": [
        0.0,
        0.0,
        0.0,
        0.0,
        0.0
    ],
    "Altitude": [
        -17.0,
        -17.0,
        -17.0,
        -17.0,
        -17.0
    ],
    "HDOP": [
        99.99,
        99.99,
        99.99,
        99.99,
        99.99
    ],
    "VDOP": [
        99.99,
        99.99,
        99.99,
        99.99,
        99.99
    ],
    "Satellites": [
        0,
        0,
        0,
        0,
        0
    ],
    "Flight_Mode": [
        "STABILIZE",
        "STABILIZE",
        "STABILIZE",
        "STABILIZE",
        "STABILIZE"
    ],
    "Voltage": [
        4.674,
        4.661,
        4.671,
        4.665,
        4.649
    ],
    "Current": [
        13.37,
        13.18,
        13.33,
        13.37,
        13.28
    ],
    "Armed": [
        false,
        false,
        false,
        false,
        false
    ]
}