{
    "Roll": [
        3.004470869181202,
        3.0110818519675395,
        3.01584270726245,
        3.0243601666008675
    ],
    "Pitch": [
        1.748083184566744,
        1.7540529833447467,
        1.7547256502562871,
        1.7503409889742563
    ],
    "Yaw": [
        84.13307491311231,
        84.09735302375314,
        84.02963852832164,
        83.91079323676342
    ],
    "Latitude": [
        0.0,
        0.0,
        0.0,
        0.0
    ],
    "Longitude": [
        0.0,
        0.0,
        0.0,
        0.0
    ],
    "Altitude": [
        -17.0,
        -17.0,
        -17.0,
        -17.0
    ],
    "HDOP": [
        99.99,
        99.99,
        99.99,
        99.99
    ],
    "VDOP": [
        99.99,
        99.99,
        99.99,
        99.99
    ],
    "Satellites": [
        0,
        0,
        0,
        0
    ],
    "Flight_Mode": [
        "STABILIZE",
        "STABILIZE",
        "STABILIZE",
        "STABILIZE"
    ],
    "Voltage": [
        4.654,
        4.652,
        4.663,
        4.653
    ],
    "Current": [
        13.55,
        13.56,
        13.61,
        13.53
    ],
    "Armed": [
        false,
        false,
        false,
        false
    ]
}