{
    "Roll": [
        0.6645618248731966,
        0.660032982566655,
        0.6528826282792979,
        0.6572629139713917,
        0.6553982723279782
    ],
    "Pitch": [
        0.35561171806345115,
        0.3621007179400806,
        0.36162996849587864,
        0.36372913108774685,
        0.3555830899658753
    ],
    "Yaw": [
        68.01652639660438,
        68.49710533679564,
        68.50269243153672,
        68.48237261875593,
        68.46061846624944
    ],
    "Latitude": [
        0.0,
        0.0,
        0.0,
        0.0,
        0.0
    ],
    "Longitude": [
        0.0,
        0.0,
        0.0,
        0.0,
        0.0
    ],
    "Altitude": [
        -17.0,
        -17.0,
        -17.0,
        -17.0,
        -17.0
    ],
    "HDOP": [
        99.99,
        99.99,
        99.99,
        99.99,
        99.99
    ],
    "VDOP": [
        99.99,
        99.99,
        99.99,
        99.99,
        99.99
    ],
    "Satellites": [
        0,
        0,
        0,
        0,
        0
    ],
    "Flight_Mode": [
        "STABILIZE",
        "STABILIZE",
        "STABILIZE",
        "STABILIZE",
        "STABILIZE"
    ],
    "Voltage": [
        4.607,
        4.625,
        4.627,
        4.624,
        4.624
    ],
    "Current": [
        12.88,
        13.06,
        13.06,
        13.04,
        13.02
    ],
    "Armed": [
        false,
        false,
        false,
        false,
        false
    ]
}