{
    "Roll": [
        -0.8687452074688503,
        -0.8688158572380775,
        -0.8734804495543732,
        -0.8765728177010964,
        -0.8741707255473675
    ],
    "Pitch": [
        0.6267767914978629,
        0.6287855608049342,
        0.6276879814218249,
        0.6298402380623194,
        0.6294499567842766
    ],
    "Yaw": [
        -3.2296493995118287,
        -3.2092950088983674,
        -3.20645194265635,
        -3.1928807836623574,
        -3.177548289636148
    ],
    "Latitude": [
        0.0,
        0.0,
        0.0,
        0.0,
        0.0
    ],
    "Longitude": [
        0.0,
        0.0,
        0.0,
        0.0,
        0.0
    ],
    "Altitude": [
        -17.0,
        -17.0,
        -17.0,
        -17.0,
        -17.0
    ],
    "HDOP": [
        99.99,
        99.99,
        99.99,
        99.99,
        99.99
    ],
    "VDOP": [
        99.99,
        99.99,
        99.99,
        99.99,
        99.99
    ],
    "Satellites": [
        0,
        0,
        0,
        0,
        0
    ],
    "Flight_Mode": [
        "STABILIZE",
        "STABILIZE",
        "STABILIZE",
        "STABILIZE",
        "STABILIZE"
    ],
    "Voltage": [
        4.674,
        4.671,
        4.671,
        4.669,
        4.679
    ],
    "Current": [
        13.37,
        13.28,
        13.37,
        13.36,
        13.14
    ],
    "Armed": [
        false,
        false,
        false,
        false,
        false
    ]
}