{
    "Roll": [
        0.6547327557707251,
        0.6478005406499853,
        0.6516531942286956,
        0.6639910771906774,
        0.665499695223604
    ],
    "Pitch": [
        0.35689456632779704,
        0.361802404091995,
        0.358346114928557,
        0.3527967463104803,
        0.3529093110296533
    ],
    "Yaw": [
        68.69212089797784,
        68.67354961362459,
        68.62034927017936,
        68.48024842992405,
        68.32605007922184
    ],
    "Latitude": [
        0.0,
        0.0,
        0.0,
        0.0,
        0.0
    ],
    "Longitude": [
        0.0,
        0.0,
        0.0,
        0.0,
        0.0
    ],
    "Altitude": [
        -17.0,
        -17.0,
        -17.0,
        -17.0,
        -17.0
    ],
    "HDOP": [
        99.99,
        99.99,
        99.99,
        99.99,
        99.99
    ],
    "VDOP": [
        99.99,
        99.99,
        99.99,
        99.99,
        99.99
    ],
    "Satellites": [
        0,
        0,
        0,
        0,
        0
    ],
    "Flight_Mode": [
        "STABILIZE",
        "STABILIZE",
        "STABILIZE",
        "STABILIZE",
        "STABILIZE"
    ],
    "Voltage": [
        4.623,
        4.625,
        4.618,
        4.622,
        4.626
    ],
    "Current": [
        13.02,
        13.04,
        12.99,
        13.03,
        13.06
    ],
    "Armed": [
        false,
        false,
        false,
        false,
        false
    ]
}