{
    "Roll": [
        0.6496242011583787,
        0.6588330037068484,
        0.6605922043049498,
        0.6545060788676453,
        0.6666014901140916
    ],
    "Pitch": [
        0.3577964181025032,
        0.3536745590209592,
        0.3568370700088073,
        0.36391650772267264,
        0.36533801416325506
    ],
    "Yaw": [
        67.41000559830725,
        67.49819700087045,
        67.59101244150175,
        67.69569192072137,
        67.77466939809423
    ],
    "Latitude": [
        0.0,
        0.0,
        0.0,
        0.0,
        0.0
    ],
    "Longitude": [
        0.0,
        0.0,
        0.0,
        0.0,
        0.0
    ],
    "Altitude": [
        -17.0,
        -17.0,
        -17.0,
        -17.0,
        -17.0
    ],
    "HDOP": [
        99.99,
        99.99,
        99.99,
        99.99,
        99.99
    ],
    "VDOP": [
        99.99,
        99.99,
        99.99,
        99.99,
        99.99
    ],
    "Satellites": [
        0,
        0,
        0,
        0,
        0
    ],
    "Flight_Mode": [
        "STABILIZE",
        "STABILIZE",
        "STABILIZE",
        "STABILIZE",
        "STABILIZE"
    ],
    "Voltage": [
        4.625,
        4.624,
        4.627,
        4.624,
        4.625
    ],
    "Current": [
        13.03,
        13.02,
        13.08,
        13.04,
        13.05
    ],
    "Armed": [
        false,
        false,
        false,
        false,
        false
    ]
}