{
    "Roll": [
        -0.8765664143987495,
        -0.8794231410191073,
        -0.8783700112264561,
        -0.8798553639275223,
        -0.882947518630834
    ],
    "Pitch": [
        0.6360765209396584,
        0.6313194009044503,
        0.626748937132654,
        0.626108766980524,
        0.6199531123519029
    ],
    "Yaw": [
        -3.47855878178343,
        -3.4540036113869994,
        -3.4366224874966096,
        -3.3966084645743244,
        -3.3509924058721596
    ],
    "Latitude": [
        0.0,
        0.0,
        0.0,
        0.0,
        0.0
    ],
    "Longitude": [
        0.0,
        0.0,
        0.0,
        0.0,
        0.0
    ],
    "Altitude": [
        -17.0,
        -17.0,
        -17.0,
        -17.0,
        -17.0
    ],
    "HDOP": [
        99.99,
        99.99,
        99.99,
        99.99,
        99.99
    ],
    "VDOP": [
        99.99,
        99.99,
        99.99,
        99.99,
        99.99
    ],
    "Satellites": [
        0,
        0,
        0,
        0,
        0
    ],
    "Flight_Mode": [
        "STABILIZE",
        "STABILIZE",
        "STABILIZE",
        "STABILIZE",
        "STABILIZE"
    ],
    "Voltage": [
        4.643,
        4.624,
        4.651,
        4.675,
        4.648
    ],
    "Current": [
        13.22,
        13.05,
        13.26,
        13.26,
        13.25
    ],
    "Armed": [
        false,
        false,
        false,
        false,
        false
    ]
}