{
    "Roll": [
        -0.8859626202625714,
        -0.8862891886822627,
        -0.8862951650977865,
        -0.8848153619254209,
        -0.8778534781704739
    ],
    "Pitch": [
        0.620450115335727,
        0.6182706980211111,
        0.6216396354683671,
        0.623427384122765,
        0.6317558926810964
    ],
    "Yaw": [
        -3.051034189743883,
        -3.060719824873784,
        -3.059259445051871,
        -3.0508997203945984,
        -3.0643342756051903
    ],
    "Latitude": [
        0.0,
        0.0,
        0.0,
        0.0,
        0.0
    ],
    "Longitude": [
        0.0,
        0.0,
        0.0,
        0.0,
        0.0
    ],
    "Altitude": [
        -17.0,
        -17.0,
        -17.0,
        -17.0,
        -17.0
    ],
    "HDOP": [
        99.99,
        99.99,
        99.99,
        99.99,
        99.99
    ],
    "VDOP": [
        99.99,
        99.99,
        99.99,
        99.99,
        99.99
    ],
    "Satellites": [
        0,
        0,
        0,
        0,
        0
    ],
    "Flight_Mode": [
        "STABILIZE",
        "STABILIZE",
        "STABILIZE",
        "STABILIZE",
        "STABILIZE"
    ],
    "Voltage": [
        4.674,
        4.669,
        4.675,
        4.674,
        4.674
    ],
    "Current": [
        13.38,
        13.29,
        13.34,
        13.33,
        13.34
    ],
    "Armed": [
        false,
        false,
        false,
        false,
        false
    ]
}