{
    "Roll": [
        -0.8925324084704774,
        -0.8897070580316194,
        -0.8894419613144583,
        -0.8842544326398336,
        -0.8810988852432877
    ],
    "Pitch": [
        0.6304715503128696,
        0.6281806088157121,
        0.624716528967752,
        0.6186669023538248,
        0.6182149359298403
    ],
    "Yaw": [
        -0.048615355516286776,
        0.001981454595175394,
        0.06517323150333193,
        0.20170626508276046,
        0.251974643105056
    ],
    "Latitude": [
        0.0,
        0.0,
        0.0,
        0.0,
        0.0
    ],
    "Longitude": [
        0.0,
        0.0,
        0.0,
        0.0,
        0.0
    ],
    "Altitude": [
        -17.0,
        -17.0,
        -17.0,
        -17.0,
        -17.0
    ],
    "HDOP": [
        99.99,
        99.99,
        99.99,
        99.99,
        99.99
    ],
    "VDOP": [
        99.99,
        99.99,
        99.99,
        99.99,
        99.99
    ],
    "Satellites": [
        0,
        0,
        0,
        0,
        0
    ],
    "Flight_Mode": [
        "STABILIZE",
        "STABILIZE",
        "STABILIZE",
        "STABILIZE",
        "STABILIZE"
    ],
    "Voltage": [
        4.629,
        4.601,
        4.625,
        4.626,
        4.631
    ],
    "Current": [
        13.12,
        12.87,
        13.05,
        13.06,
        13.14
    ],
    "Armed": [
        false,
        false,
        false,
        false,
        false
    ]
}