{
    "Roll": [
        0.6589666192824868,
        0.6555643313021742,
        0.6570276993318493,
        0.657566003615811,
        0.6564287771190039
    ],
    "Pitch": [
        0.35902478493604767,
        0.3613334955972178,
        0.3505999600382485,
        0.34929808862984707,
        0.3433912022974025
    ],
    "Yaw": [
        68.64818229104715,
        68.6697656888244,
        68.70394395543114,
        68.7538794684531,
        68.89042178015083
    ],
    "Latitude": [
        0.0,
        0.0,
        0.0,
        0.0,
        0.0
    ],
    "Longitude": [
        0.0,
        0.0,
        0.0,
        0.0,
        0.0
    ],
    "Altitude": [
        -17.0,
        -17.0,
        -17.0,
        -17.0,
        -17.0
    ],
    "HDOP": [
        99.99,
        99.99,
        99.99,
        99.99,
        99.99
    ],
    "VDOP": [
        99.99,
        99.99,
        99.99,
        99.99,
        99.99
    ],
    "Satellites": [
        0,
        0,
        0,
        0,
        0
    ],
    "Flight_Mode": [
        "STABILIZE",
        "STABILIZE",
        "STABILIZE",
        "STABILIZE",
        "STABILIZE"
    ],
    "Voltage": [
        4.624,
        4.623,
        4.628,
        4.623,
        4.623
    ],
    "Current": [
        13.04,
        13.04,
        13.06,
        13.05,
        13.02
    ],
    "Armed": [
        false,
        false,
        false,
        false,
        false
    ]
}