{
    "Roll": [
        -0.8859935695572481,
        -0.8884185001560142,
        -0.8796427742896056,
        -0.887259288987816,
        -0.887259288987816
    ],
    "Pitch": [
        0.634981876403458,
        0.6327350643316412,
        0.6363249157098647,
        0.6404587276224563,
        0.6419512840386628
    ],
    "Yaw": [
        -2.8528936035729866,
        -2.8754278917487395,
        -2.898826198854499,
        -2.921482790105078,
        -2.9490507142557187
    ],
    "Latitude": [
        0.0,
        0.0,
        0.0,
        0.0,
        0.0
    ],
    "Longitude": [
        0.0,
        0.0,
        0.0,
        0.0,
        0.0
    ],
    "Altitude": [
        -17.0,
        -17.0,
        -17.0,
        -17.0,
        -17.0
    ],
    "HDOP": [
        99.99,
        99.99,
        99.99,
        99.99,
        99.99
    ],
    "VDOP": [
        99.99,
        99.99,
        99.99,
        99.99,
        99.99
    ],
    "Satellites": [
        0,
        0,
        0,
        0,
        0
    ],
    "Flight_Mode": [
        "STABILIZE",
        "STABILIZE",
        "STABILIZE",
        "STABILIZE",
        "STABILIZE"
    ],
    "Voltage": [
        4.673,
        4.661,
        4.674,
        4.673,
        4.683
    ],
    "Current": [
        13.39,
        13.3,
        13.35,
        13.34,
        13.03
    ],
    "Armed": [
        false,
        false,
        false,
        false,
        false
    ]
}