{
    "Roll": [
        -0.8868970755183938,
        -0.8871865047844731,
        -0.8811501116620628,
        -0.8737201465055583,
        -0.867616305265094
    ],
    "Pitch": [
        0.637166149555687,
        0.633636115693554,
        0.6314688112925443,
        0.6349338516358565,
        0.6386334662884762
    ],
    "Yaw": [
        -3.3385648766773213,
        -3.3120560587348558,
        -3.2771826069366514,
        -3.2273410090157757,
        -3.1747487658500892
    ],
    "Latitude": [
        0.0,
        0.0,
        0.0,
        0.0,
        0.0
    ],
    "Longitude": [
        0.0,
        0.0,
        0.0,
        0.0,
        0.0
    ],
    "Altitude": [
        -17.0,
        -17.0,
        -17.0,
        -17.0,
        -17.0
    ],
    "HDOP": [
        99.99,
        99.99,
        99.99,
        99.99,
        99.99
    ],
    "VDOP": [
        99.99,
        99.99,
        99.99,
        99.99,
        99.99
    ],
    "Satellites": [
        0,
        0,
        0,
        0,
        0
    ],
    "Flight_Mode": [
        "STABILIZE",
        "STABILIZE",
        "STABILIZE",
        "STABILIZE",
        "STABILIZE"
    ],
    "Voltage": [
        4.648,
        4.671,
        4.671,
        4.671,
        4.673
    ],
    "Current": [
        13.27,
        13.43,
        13.41,
        13.41,
        13.33
    ],
    "Armed": [
        false,
        false,
        false,
        false,
        false
    ]
}