{
    "Roll": [
        -0.8938931102191909,
        -0.8990746624782919,
        -0.9015792074695709,
        -0.8949091008582304,
        -0.8839624420528155
    ],
    "Pitch": [
        0.6304275276092347,
        0.6315421291044162,
        0.6274348375357113,
        0.6302157383841115,
        0.6277506270631187
    ],
    "Yaw": [
        -2.2173133385652117,
        -2.262382341803541,
        -2.2734764900063458,
        -2.3409421104199697,
        -2.475974523424299
    ],
    "Latitude": [
        0.0,
        0.0,
        0.0,
        0.0,
        0.0
    ],
    "Longitude": [
        0.0,
        0.0,
        0.0,
        0.0,
        0.0
    ],
    "Altitude": [
        -17.0,
        -17.0,
        -17.0,
        -17.0,
        -17.0
    ],
    "HDOP": [
        99.99,
        99.99,
        99.99,
        99.99,
        99.99
    ],
    "VDOP": [
        99.99,
        99.99,
        99.99,
        99.99,
        99.99
    ],
    "Satellites": [
        0,
        0,
        0,
        0,
        0
    ],
    "Flight_Mode": [
        "STABILIZE",
        "STABILIZE",
        "STABILIZE",
        "STABILIZE",
        "STABILIZE"
    ],
    "Voltage": [
        4.676,
        4.676,
        4.664,
        4.673,
        4.672
    ],
    "Current": [
        13.27,
        13.26,
        13.23,
        13.39,
        13.45
    ],
    "Armed": [
        false,
        false,
        false,
        false,
        false
    ]
}