{
    "Roll": [
        -0.8714920107322532,
        -0.8715630873883037,
        -0.8751651584018392,
        -0.8789981751866857,
        -0.8814956765453831
    ],
    "Pitch": [
        0.6254583515446389,
        0.6322862995588302,
        0.6339385650077386,
        0.6374744685636896,
        0.6350546072459481
    ],
    "Yaw": [
        -3.1621545373508204,
        -3.134876469353082,
        -3.10887479295649,
        -3.106253494419086,
        -3.09172589549788
    ],
    "Latitude": [
        0.0,
        0.0,
        0.0,
        0.0,
        0.0
    ],
    "Longitude": [
        0.0,
        0.0,
        0.0,
        0.0,
        0.0
    ],
    "Altitude": [
        -17.0,
        -17.0,
        -17.0,
        -17.0,
        -17.0
    ],
    "HDOP": [
        99.99,
        99.99,
        99.99,
        99.99,
        99.99
    ],
    "VDOP": [
        99.99,
        99.99,
        99.99,
        99.99,
        99.99
    ],
    "Satellites": [
        0,
        0,
        0,
        0,
        0
    ],
    "Flight_Mode": [
        "STABILIZE",
        "STABILIZE",
        "STABILIZE",
        "STABILIZE",
        "STABILIZE"
    ],
    "Voltage": [
        4.672,
        4.664,
        4.674,
        4.675,
        4.671
    ],
    "Current": [
        13.43,
        13.34,
        13.25,
        13.32,
        13.4
    ],
    "Armed": [
        false,
        false,
        false,
        false,
        false
    ]
}