{
    "Roll": [
        -0.8699742146326295,
        -0.8670530281019796,
        -0.8652101576865455,
        -0.8645036599942724,
        -0.8739118186891418
    ],
    "Pitch": [
        0.6314917564592873,
        0.633204960002197,
        0.6324313877178401,
        0.6313284722494418,
        0.6289875316331256
    ],
    "Yaw": [
        -2.938109818422416,
        -2.9690093807841422,
        -3.073089937790912,
        -3.228234056249755,
        -3.336447731478029
    ],
    "Latitude": [
        0.0,
        0.0,
        0.0,
        0.0,
        0.0
    ],
    "Longitude": [
        0.0,
        0.0,
        0.0,
        0.0,
        0.0
    ],
    "Altitude": [
        -17.0,
        -17.0,
        -17.0,
        -17.0,
        -17.0
    ],
    "HDOP": [
        99.99,
        99.99,
        99.99,
        99.99,
        99.99
    ],
    "VDOP": [
        99.99,
        99.99,
        99.99,
        99.99,
        99.99
    ],
    "Satellites": [
        0,
        0,
        0,
        0,
        0
    ],
    "Flight_Mode": [
        "STABILIZE",
        "STABILIZE",
        "STABILIZE",
        "STABILIZE",
        "STABILIZE"
    ],
    "Voltage": [
        4.672,
        4.671,
        4.668,
        4.649,
        4.671
    ],
    "Current": [
        13.41,
        13.39,
        13.34,
        13.29,
        13.42
    ],
    "Armed": [
        false,
        false,
        false,
        false,
        false
    ]
}