{
    "Roll": [
        0.6551382982526947,
        0.6586626758644212,
        0.6616935723086144,
        0.656900913945381,
        0.6564082865514939
    ],
    "Pitch": [
        0.36064975630870244,
        0.3581203184795499,
        0.35758446879482125,
        0.35596744818924714,
        0.35505625826528514
    ],
    "Yaw": [
        68.52868813151778,
        68.55916443559438,
        68.61713908126944,
        68.66714972637229,
        68.70467478567234
    ],
    "Latitude": [
        0.0,
        0.0,
        0.0,
        0.0,
        0.0
    ],
    "Longitude": [
        0.0,
        0.0,
        0.0,
        0.0,
        0.0
    ],
    "Altitude": [
        -17.0,
        -17.0,
        -17.0,
        -17.0,
        -17.0
    ],
    "HDOP": [
        99.99,
        99.99,
        99.99,
        99.99,
        99.99
    ],
    "VDOP": [
        99.99,
        99.99,
        99.99,
        99.99,
        99.99
    ],
    "Satellites": [
        0,
        0,
        0,
        0,
        0
    ],
    "Flight_Mode": [
        "STABILIZE",
        "STABILIZE",
        "STABILIZE",
        "STABILIZE",
        "STABILIZE"
    ],
    "Voltage": [
        4.627,
        4.624,
        4.623,
        4.621,
        4.621
    ],
    "Current": [
        13.08,
        13.01,
        13.05,
        13.01,
        13.0
    ],
    "Armed": [
        false,
        false,
        false,
        false,
        false
    ]
}