{
    "Roll": [
        -0.8640084712794465,
        -0.8656613770585895,
        -0.868391318292479,
        -0.8811772189753313,
        -0.8782848473052425
    ],
    "Pitch": [
        0.6268473345453844,
        0.6269898080226027,
        0.6230974006084887,
        0.6176797265753464,
        0.6165987424174861
    ],
    "Yaw": [
        -2.2286719431549433,
        -2.180684101263491,
        -2.158805297804648,
        -2.184150208823861,
        -2.247358913837275
    ],
    "Latitude": [
        0.0,
        0.0,
        0.0,
        0.0,
        0.0
    ],
    "Longitude": [
        0.0,
        0.0,
        0.0,
        0.0,
        0.0
    ],
    "Altitude": [
        -17.0,
        -17.0,
        -17.0,
        -17.0,
        -17.0
    ],
    "HDOP": [
        99.99,
        99.99,
        99.99,
        99.99,
        99.99
    ],
    "VDOP": [
        99.99,
        99.99,
        99.99,
        99.99,
        99.99
    ],
    "Satellites": [
        0,
        0,
        0,
        0,
        0
    ],
    "Flight_Mode": [
        "STABILIZE",
        "STABILIZE",
        "STABILIZE",
        "STABILIZE",
        "STABILIZE"
    ],
    "Voltage": [
        4.644,
        4.664,
        4.661,
        4.669,
        4.669
    ],
    "Current": [
        13.27,
        13.41,
        13.4,
        13.42,
        13.46
    ],
    "Armed": [
        false,
        false,
        false,
        false,
        false
    ]
}