{
    "Roll": [
        -0.8670515339980986,
        -0.8670380870631702,
        -0.8661561388865923,
        -0.8652368381129909,
        -0.8573776382558335
    ],
    "Pitch": [
        0.6252821540083937,
        0.6253572860892639,
        0.6283712137822378,
        0.6277585244693464,
        0.6198337441239863
    ],
    "Yaw": [
        -0.7445196478353624,
        -0.9264503808368203,
        -1.0513510619810815,
        -1.1786470050899018,
        -1.3277122551874334
    ],
    "Latitude": [
        0.0,
        0.0,
        0.0,
        0.0,
        0.0
    ],
    "Longitude": [
        0.0,
        0.0,
        0.0,
        0.0,
        0.0
    ],
    "Altitude": [
        -17.0,
        -17.0,
        -17.0,
        -17.0,
        -17.0
    ],
    "HDOP": [
        99.99,
        99.99,
        99.99,
        99.99,
        99.99
    ],
    "VDOP": [
        99.99,
        99.99,
        99.99,
        99.99,
        99.99
    ],
    "Satellites": [
        0,
        0,
        0,
        0,
        0
    ],
    "Flight_Mode": [
        "STABILIZE",
        "STABILIZE",
        "STABILIZE",
        "STABILIZE",
        "STABILIZE"
    ],
    "Voltage": [
        4.679,
        4.676,
        4.668,
        4.672,
        4.671
    ],
    "Current": [
        13.15,
        13.19,
        13.44,
        13.4,
        13.44
    ],
    "Armed": [
        false,
        false,
        false,
        false,
        false
    ]
}