{
    "Roll": [
        -0.8885384553533126,
        -0.8913492916401843,
        -0.8919445853150333,
        -0.8996351648770561,
        -0.8968753415655478
    ],
    "Pitch": [
        0.634097100101677,
        0.631270202198085,
        0.6236709764162112,
        0.6226564265201998,
        0.6263071626315716
    ],
    "Yaw": [
        -0.5402607596328683,
        -0.38818211545089165,
        -0.27453892008013364,
        -0.18803758913011046,
        -0.11015027398181051
    ],
    "Latitude": [
        0.0,
        0.0,
        0.0,
        0.0,
        0.0
    ],
    "Longitude": [
        0.0,
        0.0,
        0.0,
        0.0,
        0.0
    ],
    "Altitude": [
        -17.0,
        -17.0,
        -17.0,
        -17.0,
        -17.0
    ],
    "HDOP": [
        99.99,
        99.99,
        99.99,
        99.99,
        99.99
    ],
    "VDOP": [
        99.99,
        99.99,
        99.99,
        99.99,
        99.99
    ],
    "Satellites": [
        0,
        0,
        0,
        0,
        0
    ],
    "Flight_Mode": [
        "STABILIZE",
        "STABILIZE",
        "STABILIZE",
        "STABILIZE",
        "STABILIZE"
    ],
    "Voltage": [
        4.627,
        4.628,
        4.621,
        4.618,
        4.6
    ],
    "Current": [
        13.08,
        13.06,
        13.02,
        13.01,
        12.81
    ],
    "Armed": [
        false,
        false,
        false,
        false,
        false
    ]
}