{
    "Roll": [
        -0.8710380165958589,
        -0.8769960759862256,
        -0.8828484808878688,
        -0.8851630612428568,
        -0.8819402791716686
    ],
    "Pitch": [
        0.6290804862388613,
        0.630704256992326,
        0.6291321395444595,
        0.6195678469940318,
        0.6207385841064543
    ],
    "Yaw": [
        -3.4333580839601665,
        -3.5759101083538565,
        -3.550033936683263,
        -3.5241906352980505,
        -3.4897538887199038
    ],
    "Latitude": [
        0.0,
        0.0,
        0.0,
        0.0,
        0.0
    ],
    "Longitude": [
        0.0,
        0.0,
        0.0,
        0.0,
        0.0
    ],
    "Altitude": [
        -17.0,
        -17.0,
        -17.0,
        -17.0,
        -17.0
    ],
    "HDOP": [
        99.99,
        99.99,
        99.99,
        99.99,
        99.99
    ],
    "VDOP": [
        99.99,
        99.99,
        99.99,
        99.99,
        99.99
    ],
    "Satellites": [
        0,
        0,
        0,
        0,
        0
    ],
    "Flight_Mode": [
        "STABILIZE",
        "STABILIZE",
        "STABILIZE",
        "STABILIZE",
        "STABILIZE"
    ],
    "Voltage": [
        4.673,
        4.672,
        4.666,
        4.667,
        4.658
    ],
    "Current": [
        13.35,
        13.41,
        13.42,
        13.43,
        13.26
    ],
    "Armed": [
        false,
        false,
        false,
        false,
        false
    ]
}