{
    "Roll": [
        0.6815882058135689,
        0.679999759944718,
        0.6732558019129765,
        0.6706889314455211,
        0.669843268648909
    ],
    "Pitch": [
        0.34720754381572067,
        0.34245223804951086,
        0.3465357039974,
        0.34482882371555795,
        0.3565716264461024
    ],
    "Yaw": [
        68.22401388321103,
        68.133821235221,
        68.13634840521391,
        68.21961524138554,
        68.36989306350415
    ],
    "Latitude": [
        0.0,
        0.0,
        0.0,
        0.0,
        0.0
    ],
    "Longitude": [
        0.0,
        0.0,
        0.0,
        0.0,
        0.0
    ],
    "Altitude": [
        -17.0,
        -17.0,
        -17.0,
        -17.0,
        -17.0
    ],
    "HDOP": [
        99.99,
        99.99,
        99.99,
        99.99,
        99.99
    ],
    "VDOP": [
        99.99,
        99.99,
        99.99,
        99.99,
        99.99
    ],
    "Satellites": [
        0,
        0,
        0,
        0,
        0
    ],
    "Flight_Mode": [
        "STABILIZE",
        "STABILIZE",
        "STABILIZE",
        "STABILIZE",
        "STABILIZE"
    ],
    "Voltage": [
        4.623,
        4.622,
        4.624,
        4.624,
        4.623
    ],
    "Current": [
        13.01,
        13.02,
        13.03,
        13.04,
        13.03
    ],
    "Armed": [
        false,
        false,
        false,
        false,
        false
    ]
}