{
    "Roll": [
        -0.8560376405180415,
        -0.8470947884603792,
        -0.8436297481170671,
        -0.8508208700960327,
        -0.849881719085156
    ],
    "Pitch": [
        0.6282974690835428,
        0.6297187887611401,
        0.6261626080810907,
        0.6234766361899832,
        0.6244900121472309
    ],
    "Yaw": [
        -2.572379015021032,
        -2.747804099559759,
        -2.7812918767300965,
        -2.5654892751391936,
        -2.1229337846139757
    ],
    "Latitude": [
        0.0,
        0.0,
        0.0,
        0.0,
        0.0
    ],
    "Longitude": [
        0.0,
        0.0,
        0.0,
        0.0,
        0.0
    ],
    "Altitude": [
        -17.0,
        -17.0,
        -17.0,
        -17.0,
        -17.0
    ],
    "HDOP": [
        99.99,
        99.99,
        99.99,
        99.99,
        99.99
    ],
    "VDOP": [
        99.99,
        99.99,
        99.99,
        99.99,
        99.99
    ],
    "Satellites": [
        0,
        0,
        0,
        0,
        0
    ],
    "Flight_Mode": [
        "STABILIZE",
        "STABILIZE",
        "STABILIZE",
        "STABILIZE",
        "STABILIZE"
    ],
    "Voltage": [
        4.671,
        4.67,
        4.661,
        4.67,
        4.676
    ],
    "Current": [
        13.44,
        13.44,
        13.4,
        13.43,
        13.19
    ],
    "Armed": [
        false,
        false,
        false,
        false,
        false
    ]
}