{
    "Roll": [
        2.978617962842469,
        2.9838883075607803,
        2.9902548976408783,
        2.9887253621536187,
        2.983471879464821
    ],
    "Pitch": [
        1.6438591935874038,
        1.6411376833682711,
        1.644258119323615,
        1.640503436270812,
        1.6453996146886534
    ],
    "Yaw": [
        81.39567852774377,
        81.40515883031175,
        81.40308928299324,
        81.42171520885987,
        81.44968483351107
    ],
    "Latitude": [
        0.0,
        0.0,
        0.0,
        0.0,
        0.0
    ],
    "Longitude": [
        0.0,
        0.0,
        0.0,
        0.0,
        0.0
    ],
    "Altitude": [
        -17.0,
        -17.0,
        -17.0,
        -17.0,
        -17.0
    ],
    "HDOP": [
        99.99,
        99.99,
        99.99,
        99.99,
        99.99
    ],
    "VDOP": [
        99.99,
        99.99,
        99.99,
        99.99,
        99.99
    ],
    "Satellites": [
        0,
        0,
        0,
        0,
        0
    ],
    "Flight_Mode": [
        "STABILIZE",
        "STABILIZE",
        "STABILIZE",
        "STABILIZE",
        "STABILIZE"
    ],
    "Voltage": [
        4.679,
        4.68,
        4.683,
        4.671,
        4.676
    ],
    "Current": [
        13.48,
        13.3,
        13.32,
        13.68,
        13.44
    ],
    "Armed": [
        false,
        false,
        false,
        false,
        false
    ]
}