{
    "Roll": [
        -0.8985651730548913,
        -0.9024342617762919,
        -0.9061076228892894,
        -0.8982625102972951,
        -0.8866507618214502
    ],
    "Pitch": [
        0.6309166331868311,
        0.6332621094756429,
        0.6372146545709647,
        0.6390082729191806,
        0.636633875048102
    ],
    "Yaw": [
        -2.6051193133640766,
        -2.6521665101407708,
        -2.6778687254309403,
        -2.728560468460071,
        -2.7471699591840055
    ],
    "Latitude": [
        0.0,
        0.0,
        0.0,
        0.0,
        0.0
    ],
    "Longitude": [
        0.0,
        0.0,
        0.0,
        0.0,
        0.0
    ],
    "Altitude": [
        -17.0,
        -17.0,
        -17.0,
        -17.0,
        -17.0
    ],
    "HDOP": [
        99.99,
        99.99,
        99.99,
        99.99,
        99.99
    ],
    "VDOP": [
        99.99,
        99.99,
        99.99,
        99.99,
        99.99
    ],
    "Satellites": [
        0,
        0,
        0,
        0,
        0
    ],
    "Flight_Mode": [
        "STABILIZE",
        "STABILIZE",
        "STABILIZE",
        "STABILIZE",
        "STABILIZE"
    ],
    "Voltage": [
        4.638,
        4.667,
        4.669,
        4.673,
        4.669
    ],
    "Current": [
        13.16,
        13.35,
        13.36,
        13.4,
        13.41
    ],
    "Armed": [
        false,
        false,
        false,
        false,
        false
    ]
}