{
    "Roll": [
        -0.8780963767728324,
        -0.8783196385813272,
        -0.8730588988165364,
        -0.8771467670347891,
        -0.8868309080608093
    ],
    "Pitch": [
        0.6302267840806598,
        0.6381863557021048,
        0.6369953948264366,
        0.6319537547236153,
        0.6342222313017057
    ],
    "Yaw": [
        -3.186555388160691,
        -3.1750480135131003,
        -3.114426882978064,
        -3.0964225043259104,
        -3.0868978055283276
    ],
    "Latitude": [
        0.0,
        0.0,
        0.0,
        0.0,
        0.0
    ],
    "Longitude": [
        0.0,
        0.0,
        0.0,
        0.0,
        0.0
    ],
    "Altitude": [
        -17.0,
        -17.0,
        -17.0,
        -17.0,
        -17.0
    ],
    "HDOP": [
        99.99,
        99.99,
        99.99,
        99.99,
        99.99
    ],
    "VDOP": [
        99.99,
        99.99,
        99.99,
        99.99,
        99.99
    ],
    "Satellites": [
        0,
        0,
        0,
        0,
        0
    ],
    "Flight_Mode": [
        "STABILIZE",
        "STABILIZE",
        "STABILIZE",
        "STABILIZE",
        "STABILIZE"
    ],
    "Voltage": [
        4.674,
        4.656,
        4.672,
        4.66,
        4.664
    ],
    "Current": [
        13.33,
        13.33,
        13.4,
        13.28,
        13.41
    ],
    "Armed": [
        false,
        false,
        false,
        false,
        false
    ]
}