{
    "Roll": [
        0.6599369330314517,
        0.666276629241693,
        0.6638805135034878,
        0.6615544072042754,
        0.6637981243466246
    ],
    "Pitch": [
        0.3581181840454343,
        0.3594662926328655,
        0.34886231722471495,
        0.3462793317796865,
        0.3452180377765429
    ],
    "Yaw": [
        68.72721440993337,
        68.69595946429139,
        68.66192463165723,
        68.6295153840455,
        68.6174464397821
    ],
    "Latitude": [
        0.0,
        0.0,
        0.0,
        0.0,
        0.0
    ],
    "Longitude": [
        0.0,
        0.0,
        0.0,
        0.0,
        0.0
    ],
    "Altitude": [
        -17.0,
        -17.0,
        -17.0,
        -17.0,
        -17.0
    ],
    "HDOP": [
        99.99,
        99.99,
        99.99,
        99.99,
        99.99
    ],
    "VDOP": [
        99.99,
        99.99,
        99.99,
        99.99,
        99.99
    ],
    "Satellites": [
        0,
        0,
        0,
        0,
        0
    ],
    "Flight_Mode": [
        "STABILIZE",
        "STABILIZE",
        "STABILIZE",
        "STABILIZE",
        "STABILIZE"
    ],
    "Voltage": [
        4.624,
        4.627,
        4.628,
        4.627,
        4.625
    ],
    "Current": [
        13.06,
        13.07,
        13.09,
        13.05,
        13.06
    ],
    "Armed": [
        false,
        false,
        false,
        false,
        false
    ]
}