{
    "Roll": [
        0.6618131006190896,
        0.6676362637733486,
        0.6623514049030512,
        0.6514094418526908,
        0.6481189982200372
    ],
    "Pitch": [
        0.3598669259163691,
        0.35898297670780777,
        0.35821607453006227,
        0.35223109458941215,
        0.3461021737480893
    ],
    "Yaw": [
        68.5316934147526,
        68.50831367722364,
        68.48758405309265,
        68.4739031841851,
        68.49245397797087
    ],
    "Latitude": [
        0.0,
        0.0,
        0.0,
        0.0,
        0.0
    ],
    "Longitude": [
        0.0,
        0.0,
        0.0,
        0.0,
        0.0
    ],
    "Altitude": [
        -17.0,
        -17.0,
        -17.0,
        -17.0,
        -17.0
    ],
    "HDOP": [
        99.99,
        99.99,
        99.99,
        99.99,
        99.99
    ],
    "VDOP": [
        99.99,
        99.99,
        99.99,
        99.99,
        99.99
    ],
    "Satellites": [
        0,
        0,
        0,
        0,
        0
    ],
    "Flight_Mode": [
        "STABILIZE",
        "STABILIZE",
        "STABILIZE",
        "STABILIZE",
        "STABILIZE"
    ],
    "Voltage": [
        4.624,
        4.624,
        4.623,
        4.622,
        4.629
    ],
    "Current": [
        13.03,
        13.03,
        13.0,
        13.05,
        13.11
    ],
    "Armed": [
        false,
        false,
        false,
        false,
        false
    ]
}