{
    "Roll": [
        -0.8727716039845728,
        -0.8737024307023986,
        -0.877657110231836,
        -0.8778615890201132,
        -0.8773350241237875
    ],
    "Pitch": [
        0.6355214079870362,
        0.6372485387125503,
        0.6349757932662285,
        0.6353502797318157,
        0.6359582199287996
    ],
    "Yaw": [
        -3.7371239171073136,
        -3.713554641828892,
        -3.6489816065287686,
        -3.5761448961065754,
        -3.5266595352395984
    ],
    "Latitude": [
        0.0,
        0.0,
        0.0,
        0.0,
        0.0
    ],
    "Longitude": [
        0.0,
        0.0,
        0.0,
        0.0,
        0.0
    ],
    "Altitude": [
        -17.0,
        -17.0,
        -17.0,
        -17.0,
        -17.0
    ],
    "HDOP": [
        99.99,
        99.99,
        99.99,
        99.99,
        99.99
    ],
    "VDOP": [
        99.99,
        99.99,
        99.99,
        99.99,
        99.99
    ],
    "Satellites": [
        0,
        0,
        0,
        0,
        0
    ],
    "Flight_Mode": [
        "STABILIZE",
        "STABILIZE",
        "STABILIZE",
        "STABILIZE",
        "STABILIZE"
    ],
    "Voltage": [
        4.67,
        4.674,
        4.673,
        4.673,
        4.625
    ],
    "Current": [
        13.38,
        13.32,
        13.15,
        13.36,
        13.05
    ],
    "Armed": [
        false,
        false,
        false,
        false,
        false
    ]
}