{
    "Roll": [
        3.436770617224234,
        3.4463183679102656,
        3.440776736615858,
        3.3490323550237773,
        3.2537437455826947,
        3.3362774036356018,
        3.4190383789218233,
        3.5760010352471823,
        3.7375922119522826,
        3.866782251895312
    ],
    "Pitch": [
        2.094722755464296,
        2.1649680494267036,
        2.1349425378353275,
        2.023039920125012,
        1.8913555804744586,
        1.9611432517624756,
        2.055898679561474,
        2.3050994120898585,
        2.4788489658478166,
        2.6895393842883766
    ],
    "Yaw": [
        63.953465425417235,
        63.987807616564055,
        64.01718426018428,
        64.06972890546919,
        64.12123536200025,
        64.17342483744832,
        64.18716717805839,
        64.22801853948424,
        64.2448344652208,
        64.25945107004463
    ],
    "Latitude": [
        52.2213191,
        52.2213221,
        52.2213273,
        52.2213381,
        52.2213456,
        52.2213456,
        52.2213419,
        52.2213242,
        52.2213088,
        52.2212856
    ],
    "Longitude": [
        21.0079193,
        21.0079143,
        21.0079162,
        21.0079245,
        21.0079344,
        21.0079444,
        21.0079486,
        21.0079533,
        21.0079538,
        21.0079516
    ],
    "Altitude": [
        144.65,
        143.56,
        144.89,
        149.26,
        153.77,
        157.22,
        158.11,
        157.41,
        155.26,
        151.39
    ],
    "HDOP": [
        1.02,
        1.02,
        1.07,
        1.02,
        1.16,
        1.02,
        1.08,
        1.02,
        1.07,
        1.47
    ],
    "VDOP": [
        1.2,
        1.2,
        1.24,
        1.2,
        1.28,
        1.2,
        1.3,
        1.2,
        1.24,
        1.5
    ],
    "Satellites": [
        13,
        13,
        11,
        12,
        12,
        13,
        12,
        12,
        12,
        10
    ],
    "Flight_Mode": [
        "ALT_HOLD",
        "ALT_HOLD",
        "ALT_HOLD",
        "ALT_HOLD",
        "ALT_HOLD",
        "LOITER",
        "LOITER",
        "LAND",
        "LAND",
        "LOITER"
    ],
    "Voltage": [
        15.402,
        15.402,
        15.404,
        15.403,
        15.403,
        15.404,
        15.402,
        15.41,
        15.403,
        15.404
    ],
    "Current": [
        42.02,
        42.02,
        42.05,
        42.06,
        42.04,
        42.05,
        42.04,
        42.07,
        42.06,
        42.04
    ],
    "Armed": [
        false,
        false,
        false,
        false,
        false,
        false,
        false,
        false,
        false,
        false
    ]
}