{
    "Roll": [
        0.6496690242748069,
        0.6461903235531548,
        0.6511221470207271,
        0.6521850952103103,
        0.6516258734720155
    ],
    "Pitch": [
        0.35229160579659025,
        0.3507742365837896,
        0.35529069917246053,
        0.3467946375360523,
        0.34659637528713677
    ],
    "Yaw": [
        68.61640142083908,
        68.63069700677192,
        68.68489455783597,
        68.72199614540749,
        68.71832150363402
    ],
    "Latitude": [
        0.0,
        0.0,
        0.0,
        0.0,
        0.0
    ],
    "Longitude": [
        0.0,
        0.0,
        0.0,
        0.0,
        0.0
    ],
    "Altitude": [
        -17.0,
        -17.0,
        -17.0,
        -17.0,
        -17.0
    ],
    "HDOP": [
        99.99,
        99.99,
        99.99,
        99.99,
        99.99
    ],
    "VDOP": [
        99.99,
        99.99,
        99.99,
        99.99,
        99.99
    ],
    "Satellites": [
        0,
        0,
        0,
        0,
        0
    ],
    "Flight_Mode": [
        "STABILIZE",
        "STABILIZE",
        "STABILIZE",
        "STABILIZE",
        "STABILIZE"
    ],
    "Voltage": [
        4.625,
        4.621,
        4.622,
        4.621,
        4.625
    ],
    "Current": [
        13.05,
        13.01,
        13.03,
        13.0,
        13.07
    ],
    "Armed": [
        false,
        false,
        false,
        false,
        false
    ]
}