{
    "Roll": [
        -0.9112665501467646,
        -0.906930660684276,
        -0.9052619600926772,
        -0.8977116128520513,
        -0.8880003645127624
    ],
    "Pitch": [
        0.634205475993898,
        0.6369739437635746,
        0.6408050395577171,
        0.6422024002123665,
        0.6456271531117461
    ],
    "Yaw": [
        -2.319360847076845,
        -2.3210248519133896,
        -2.327795276928165,
        -2.309096566858197,
        -2.322092709301439
    ],
    "Latitude": [
        0.0,
        0.0,
        0.0,
        0.0,
        0.0
    ],
    "Longitude": [
        0.0,
        0.0,
        0.0,
        0.0,
        0.0
    ],
    "Altitude": [
        -17.0,
        -17.0,
        -17.0,
        -17.0,
        -17.0
    ],
    "HDOP": [
        99.99,
        99.99,
        99.99,
        99.99,
        99.99
    ],
    "VDOP": [
        99.99,
        99.99,
        99.99,
        99.99,
        99.99
    ],
    "Satellites": [
        0,
        0,
        0,
        0,
        0
    ],
    "Flight_Mode": [
        "STABILIZE",
        "STABILIZE",
        "STABILIZE",
        "STABILIZE",
        "STABILIZE"
    ],
    "Voltage": [
        4.673,
        4.673,
        4.674,
        4.627,
        4.628
    ],
    "Current": [
        13.36,
        13.37,
        13.42,
        13.07,
        13.1
    ],
    "Armed": [
        false,
        false,
        false,
        false,
        false
    ]
}