{
    "Roll": [
        -0.876917315367359,
        -0.8827680127217096,
        -0.8842134515048136,
        -0.8883988633621503,
        -0.8802090396604819
    ],
    "Pitch": [
        0.6286586686967601,
        0.6308247457981533,
        0.6331301480864442,
        0.6328484027831811,
        0.6316342299365055
    ],
    "Yaw": [
        -2.6220400398157255,
        -2.639940898413271,
        -2.650920214060655,
        -2.6581964999608343,
        -2.625102952771653
    ],
    "Latitude": [
        0.0,
        0.0,
        0.0,
        0.0,
        0.0
    ],
    "Longitude": [
        0.0,
        0.0,
        0.0,
        0.0,
        0.0
    ],
    "Altitude": [
        -17.0,
        -17.0,
        -17.0,
        -17.0,
        -17.0
    ],
    "HDOP": [
        99.99,
        99.99,
        99.99,
        99.99,
        99.99
    ],
    "VDOP": [
        99.99,
        99.99,
        99.99,
        99.99,
        99.99
    ],
    "Satellites": [
        0,
        0,
        0,
        0,
        0
    ],
    "Flight_Mode": [
        "STABILIZE",
        "STABILIZE",
        "STABILIZE",
        "STABILIZE",
        "STABILIZE"
    ],
    "Voltage": [
        4.68,
        4.675,
        4.671,
        4.652,
        4.673
    ],
    "Current": [
        13.05,
        13.35,
        13.34,
        13.25,
        13.4
    ],
    "Armed": [
        false,
        false,
        false,
        false,
        false
    ]
}