{
    "Roll": [
        -0.8616332729955745,
        -0.855328368061418,
        -0.8560991122205717,
        -0.8554604895331754,
        -0.8273344108612977
    ],
    "Pitch": [
        0.626412443594325,
        0.6288619201854209,
        0.6291453196751235,
        0.6294821867394227,
        0.5160314639650415
    ],
    "Yaw": [
        -3.343049749641081,
        -3.3184888162725383,
        -3.2815144409743207,
        -3.2356802431055383,
        -3.1783303462961148
    ],
    "Latitude": [
        0.0,
        0.0,
        0.0,
        0.0,
        0.0
    ],
    "Longitude": [
        0.0,
        0.0,
        0.0,
        0.0,
        0.0
    ],
    "Altitude": [
        -17.0,
        -17.0,
        -17.0,
        -17.0,
        -17.0
    ],
    "HDOP": [
        99.99,
        99.99,
        99.99,
        99.99,
        99.99
    ],
    "VDOP": [
        99.99,
        99.99,
        99.99,
        99.99,
        99.99
    ],
    "Satellites": [
        0,
        0,
        0,
        0,
        0
    ],
    "Flight_Mode": [
        "STABILIZE",
        "STABILIZE",
        "STABILIZE",
        "STABILIZE",
        "STABILIZE"
    ],
    "Voltage": [
        4.633,
        4.648,
        4.677,
        4.669,
        4.623
    ],
    "Current": [
        13.18,
        13.3,
        13.19,
        13.39,
        13.05
    ],
    "Armed": [
        false,
        false,
        false,
        false,
        false
    ]
}