{
    "Roll": [
        0.6652593579421842,
        0.667274690634161,
        0.6609174920641716,
        0.6516134937541449,
        0.6495110761502504
    ],
    "Pitch": [
        0.35571593180914673,
        0.3520291237612208,
        0.34419513690705417,
        0.34569529724479753,
        0.3494783682713384
    ],
    "Yaw": [
        68.65417236694925,
        68.65863248047728,
        68.69197063381611,
        68.68361048227202,
        68.65094168747184
    ],
    "Latitude": [
        0.0,
        0.0,
        0.0,
        0.0,
        0.0
    ],
    "Longitude": [
        0.0,
        0.0,
        0.0,
        0.0,
        0.0
    ],
    "Altitude": [
        -17.0,
        -17.0,
        -17.0,
        -17.0,
        -17.0
    ],
    "HDOP": [
        99.99,
        99.99,
        99.99,
        99.99,
        99.99
    ],
    "VDOP": [
        99.99,
        99.99,
        99.99,
        99.99,
        99.99
    ],
    "Satellites": [
        0,
        0,
        0,
        0,
        0
    ],
    "Flight_Mode": [
        "STABILIZE",
        "STABILIZE",
        "STABILIZE",
        "STABILIZE",
        "STABILIZE"
    ],
    "Voltage": [
        4.624,
        4.623,
        4.628,
        4.624,
        4.625
    ],
    "Current": [
        13.05,
        13.04,
        13.08,
        13.04,
        13.06
    ],
    "Armed": [
        false,
        false,
        false,
        false,
        false
    ]
}