{
    "Roll": [
        -0.8488633805685893,
        -0.8481767331135915,
        -0.8586804968400134,
        -0.8761559627183141,
        -0.8716386463559969
    ],
    "Pitch": [
        0.6409085596123251,
        0.6284942105481509,
        0.6284940504655923,
        0.6197609599206433,
        0.6163221731169535
    ],
    "Yaw": [
        0.6684252573441908,
        0.6302543716416044,
        0.5601221493264721,
        0.5032595971864995,
        0.4481892226517147
    ],
    "Latitude": [
        0.0,
        0.0,
        0.0,
        0.0,
        0.0
    ],
    "Longitude": [
        0.0,
        0.0,
        0.0,
        0.0,
        0.0
    ],
    "Altitude": [
        -17.0,
        -17.0,
        -17.0,
        -17.0,
        -17.0
    ],
    "HDOP": [
        99.99,
        99.99,
        99.99,
        99.99,
        99.99
    ],
    "VDOP": [
        99.99,
        99.99,
        99.99,
        99.99,
        99.99
    ],
    "Satellites": [
        0,
        0,
        0,
        0,
        0
    ],
    "Flight_Mode": [
        "STABILIZE",
        "STABILIZE",
        "STABILIZE",
        "STABILIZE",
        "STABILIZE"
    ],
    "Voltage": [
        4.676,
        4.668,
        4.667,
        4.676,
        4.637
    ],
    "Current": [
        13.25,
        13.42,
        13.44,
        13.2,
        13.18
    ],
    "Armed": [
        false,
        false,
        false,
        false,
        false
    ]
}