{
    "Roll": [
        -0.8800715821034355,
        -0.8874496805109302,
        -0.8924549285120802,
        -0.8912711713515523,
        -0.8839688453551624
    ],
    "Pitch": [
        0.6293473972250206,
        0.6246371280186507,
        0.6221508857999131,
        0.6272276907047896,
        0.6336115163403714
    ],
    "Yaw": [
        -3.1340534315580957,
        -3.120367653452094,
        -3.1013547546803055,
        -3.0388139141016723,
        -2.9294864911518634
    ],
    "Latitude": [
        0.0,
        0.0,
        0.0,
        0.0,
        0.0
    ],
    "Longitude": [
        0.0,
        0.0,
        0.0,
        0.0,
        0.0
    ],
    "Altitude": [
        -17.0,
        -17.0,
        -17.0,
        -17.0,
        -17.0
    ],
    "HDOP": [
        99.99,
        99.99,
        99.99,
        99.99,
        99.99
    ],
    "VDOP": [
        99.99,
        99.99,
        99.99,
        99.99,
        99.99
    ],
    "Satellites": [
        0,
        0,
        0,
        0,
        0
    ],
    "Flight_Mode": [
        "STABILIZE",
        "STABILIZE",
        "STABILIZE",
        "STABILIZE",
        "STABILIZE"
    ],
    "Voltage": [
        4.672,
        4.677,
        4.672,
        4.674,
        4.659
    ],
    "Current": [
        13.39,
        13.22,
        13.38,
        13.3,
        13.28
    ],
    "Armed": [
        false,
        false,
        false,
        false,
        false
    ]
}