{
    "Roll": [
        -0.8766161467136437,
        -0.8743073293307678,
        -0.8720262595913951,
        -0.8769072835270155,
        -0.8765329037831342
    ],
    "Pitch": [
        0.6199409460774438,
        0.6203872028901689,
        0.6218290131352763,
        0.6261022035956184,
        0.6272901762635246
    ],
    "Yaw": [
        -3.462720213428405,
        -3.4303995448324933,
        -3.38247979138933,
        -3.3165185201404013,
        -3.2403273330620856
    ],
    "Latitude": [
        0.0,
        0.0,
        0.0,
        0.0,
        0.0
    ],
    "Longitude": [
        0.0,
        0.0,
        0.0,
        0.0,
        0.0
    ],
    "Altitude": [
        -17.0,
        -17.0,
        -17.0,
        -17.0,
        -17.0
    ],
    "HDOP": [
        99.99,
        99.99,
        99.99,
        99.99,
        99.99
    ],
    "VDOP": [
        99.99,
        99.99,
        99.99,
        99.99,
        99.99
    ],
    "Satellites": [
        0,
        0,
        0,
        0,
        0
    ],
    "Flight_Mode": [
        "STABILIZE",
        "STABILIZE",
        "STABILIZE",
        "STABILIZE",
        "STABILIZE"
    ],
    "Voltage": [
        4.68,
        4.672,
        4.651,
        4.653,
        4.671
    ],
    "Current": [
        13.09,
        13.41,
        13.22,
        13.33,
        13.28
    ],
    "Armed": [
        false,
        false,
        false,
        false,
        false
    ]
}