{
    "Timestamp": [
        "2024-09-14 13:07:54"
    ],
    "Roll": [
        0.5389785516987571
    ],
    "Pitch": [
        0.18172917571987643
    ],
    "Yaw": [
        97.20411038060327
    ],
    "Latitude": [
        0.0
    ],
    "Longitude": [
        0.0
    ],
    "Altitude": [
        -17.0
    ],
    "HDOP": [
        99.99
    ],
    "VDOP": [
        99.99
    ],
    "Satellites": [
        0
    ],
    "Flight_Mode": [
        "GUIDED"
    ],
    "Voltage": [
        4.656
    ],
    "Current": [
        13.49
    ],
    "Armed": [
        false
    ]
}