{
    "Roll": [
        2.9741981901192363,
        2.975656435507034,
        2.971113719378741,
        2.971746792537436,
        2.978154150309143
    ],
    "Pitch": [
        1.6529636223076192,
        1.6515619394238856,
        1.6456777314539197,
        1.6466700298742756,
        1.6539292403015298
    ],
    "Yaw": [
        81.05632740902087,
        80.92969570180882,
        80.95839615670121,
        80.94255011782678,
        80.94695558984145
    ],
    "Latitude": [
        0.0,
        0.0,
        0.0,
        0.0,
        0.0
    ],
    "Longitude": [
        0.0,
        0.0,
        0.0,
        0.0,
        0.0
    ],
    "Altitude": [
        -17.0,
        -17.0,
        -17.0,
        -17.0,
        -17.0
    ],
    "HDOP": [
        99.99,
        99.99,
        99.99,
        99.99,
        99.99
    ],
    "VDOP": [
        99.99,
        99.99,
        99.99,
        99.99,
        99.99
    ],
    "Satellites": [
        0,
        0,
        0,
        0,
        0
    ],
    "Flight_Mode": [
        "STABILIZE",
        "STABILIZE",
        "STABILIZE",
        "STABILIZE",
        "STABILIZE"
    ],
    "Voltage": [
        4.686,
        4.685,
        4.687,
        4.682,
        4.675
    ],
    "Current": [
        13.27,
        13.28,
        13.26,
        13.26,
        13.5
    ],
    "Armed": [
        false,
        false,
        false,
        false,
        false
    ]
}