{
    "Timestamp": [
        "2024-09-13 16:09:00"
    ],
    "Roll": [
        -1.4010737162369538
    ],
    "Pitch": [
        1.3653535344250796
    ],
    "Yaw": [
        11.289751160255598
    ],
    "Latitude": [
        0.0
    ],
    "Longitude": [
        0.0
    ],
    "Altitude": [
        -17.0
    ],
    "HDOP": [
        99.99
    ],
    "VDOP": [
        99.99
    ],
    "Satellites": [
        0
    ],
    "Flight_Mode": [
        "STABILIZE"
    ],
    "Voltage": [
        15.115
    ],
    "Current": [
        40.75
    ],
    "Armed": [
        false
    ]
}