{
    "Timestamp": [
        "2024-09-05 14:03:10"
    ],
    "Roll": [
        -0.20555091453353716
    ],
    "Pitch": [
        -0.6198915872885198
    ],
    "Yaw": [
        -27.723532935406656
    ],
    "Latitude": [
        0.0
    ],
    "Longitude": [
        0.0
    ],
    "Altitude": [
        -17.0
    ],
    "HDOP": [
        99.99
    ],
    "VDOP": [
        99.99
    ],
    "Satellites": [
        0
    ],
    "Flight_Mode": [
        "STABILIZE"
    ],
    "Voltage": [
        16.293
    ],
    "Current": [
        44.38
    ],
    "Armed": [
        false
    ]
}