{
    "Timestamp": [
        "2024-09-14 13:11:40"
    ],
    "Roll": [
        0.5669650383794728
    ],
    "Pitch": [
        0.18198070544019007
    ],
    "Yaw": [
        96.6090301491659
    ],
    "Latitude": [
        0.0
    ],
    "Longitude": [
        0.0
    ],
    "Altitude": [
        -17.0
    ],
    "HDOP": [
        99.99
    ],
    "VDOP": [
        99.99
    ],
    "Satellites": [
        0
    ],
    "Flight_Mode": [
        "GUIDED"
    ],
    "Voltage": [
        4.651
    ],
    "Current": [
        13.44
    ],
    "Armed": [
        false
    ]
}