{
    "Roll": [
        2.9793786751612794,
        2.978759262380924,
        2.981905418267361,
        2.983552987961215,
        2.983900046948416
    ],
    "Pitch": [
        1.6475504839469726,
        1.6590122884261944,
        1.6583761203380312,
        1.650289709969265,
        1.6463701418810297
    ],
    "Yaw": [
        82.02408325214162,
        82.10575865423664,
        82.23267722939381,
        82.33325176492225,
        82.4287446397082
    ],
    "Latitude": [
        0.0,
        0.0,
        0.0,
        0.0,
        0.0
    ],
    "Longitude": [
        0.0,
        0.0,
        0.0,
        0.0,
        0.0
    ],
    "Altitude": [
        -17.0,
        -17.0,
        -17.0,
        -17.0,
        -17.0
    ],
    "HDOP": [
        99.99,
        99.99,
        99.99,
        99.99,
        99.99
    ],
    "VDOP": [
        99.99,
        99.99,
        99.99,
        99.99,
        99.99
    ],
    "Satellites": [
        0,
        0,
        0,
        0,
        0
    ],
    "Flight_Mode": [
        "STABILIZE",
        "STABILIZE",
        "STABILIZE",
        "STABILIZE",
        "STABILIZE"
    ],
    "Voltage": [
        4.681,
        4.691,
        4.686,
        4.68,
        4.681
    ],
    "Current": [
        13.26,
        13.28,
        13.28,
        13.28,
        13.29
    ],
    "Armed": [
        false,
        false,
        false,
        false,
        false
    ]
}