{
    "Timestamp": [
        "2024-09-14 13:16:31"
    ],
    "Roll": [
        0.5694505869071228
    ],
    "Pitch": [
        0.19752473522747138
    ],
    "Yaw": [
        96.57464014669489
    ],
    "Latitude": [
        0.0
    ],
    "Longitude": [
        0.0
    ],
    "Altitude": [
        -17.0
    ],
    "HDOP": [
        99.99
    ],
    "VDOP": [
        99.99
    ],
    "Satellites": [
        0
    ],
    "Flight_Mode": [
        "GUIDED"
    ],
    "Voltage": [
        4.649
    ],
    "Current": [
        13.4
    ],
    "Armed": [
        false
    ]
}