{
    "Timestamp": [
        "2024-09-14 13:03:26"
    ],
    "Roll": [
        0.5921165696678101
    ],
    "Pitch": [
        0.32475892648928373
    ],
    "Yaw": [
        95.99464780313409
    ],
    "Latitude": [
        0.0
    ],
    "Longitude": [
        0.0
    ],
    "Altitude": [
        -17.0
    ],
    "HDOP": [
        99.99
    ],
    "VDOP": [
        99.99
    ],
    "Satellites": [
        0
    ],
    "Flight_Mode": [
        "GUIDED"
    ],
    "Voltage": [
        4.657
    ],
    "Current": [
        13.47
    ],
    "Armed": [
        false
    ]
}