{
    "Timestamp": [
        "2024-09-20 15:06:11"
    ],
    "Roll": [
        -1.0884798635875652
    ],
    "Pitch": [
        -0.21711754640826286
    ],
    "Yaw": [
        1.1600700644862307
    ],
    "Latitude": [
        52.2159516
    ],
    "Longitude": [
        21.0036094
    ],
    "Altitude": [
        103.53
    ],
    "HDOP": [
        1.16
    ],
    "VDOP": [
        1.47
    ],
    "Satellites": [
        12
    ],
    "Flight_Mode": [
        "STABILIZE"
    ],
    "Voltage": [
        16.705
    ],
    "Percentage": [
        97.361
    ],
    "Current": [
        45.68
    ],
    "Armed": [
        false
    ]
}