{
    "Timestamp": [
        "2024-09-14 13:12:54"
    ],
    "Roll": [
        0.5478804226213994
    ],
    "Pitch": [
        0.18210215474136937
    ],
    "Yaw": [
        97.84180416227234
    ],
    "Latitude": [
        0.0
    ],
    "Longitude": [
        0.0
    ],
    "Altitude": [
        -17.0
    ],
    "HDOP": [
        99.99
    ],
    "VDOP": [
        99.99
    ],
    "Satellites": [
        0
    ],
    "Flight_Mode": [
        "GUIDED"
    ],
    "Voltage": [
        4.649
    ],
    "Current": [
        13.38
    ],
    "Armed": [
        false
    ]
}