{
    "Timestamp": [
        "2024-09-14 13:05:06"
    ],
    "Roll": [
        0.5691220974967275
    ],
    "Pitch": [
        0.20915435958903458
    ],
    "Yaw": [
        97.32668495544831
    ],
    "Latitude": [
        0.0
    ],
    "Longitude": [
        0.0
    ],
    "Altitude": [
        -17.0
    ],
    "HDOP": [
        99.99
    ],
    "VDOP": [
        99.99
    ],
    "Satellites": [
        0
    ],
    "Flight_Mode": [
        "GUIDED"
    ],
    "Voltage": [
        4.66
    ],
    "Current": [
        13.52
    ],
    "Armed": [
        false
    ]
}