{
    "Timestamp": [
        "2024-09-14 13:13:20"
    ],
    "Roll": [
        0.5691028875896869
    ],
    "Pitch": [
        0.20325983963424746
    ],
    "Yaw": [
        96.43090564580115
    ],
    "Latitude": [
        0.0
    ],
    "Longitude": [
        0.0
    ],
    "Altitude": [
        -17.0
    ],
    "HDOP": [
        99.99
    ],
    "VDOP": [
        99.99
    ],
    "Satellites": [
        0
    ],
    "Flight_Mode": [
        "GUIDED"
    ],
    "Voltage": [
        4.65
    ],
    "Current": [
        13.4
    ],
    "Armed": [
        false
    ]
}