{
    "Timestamp": [
        "2024-09-14 13:13:06"
    ],
    "Roll": [
        0.5681146445941506
    ],
    "Pitch": [
        0.19895996874746
    ],
    "Yaw": [
        96.70099181615096
    ],
    "Latitude": [
        0.0
    ],
    "Longitude": [
        0.0
    ],
    "Altitude": [
        -17.0
    ],
    "HDOP": [
        99.99
    ],
    "VDOP": [
        99.99
    ],
    "Satellites": [
        0
    ],
    "Flight_Mode": [
        "GUIDED"
    ],
    "Voltage": [
        4.661
    ],
    "Current": [
        13.5
    ],
    "Armed": [
        false
    ]
}