{
    "Timestamp": [
        "2024-09-14 13:08:25"
    ],
    "Roll": [
        0.5518116233755649
    ],
    "Pitch": [
        0.18138110287647025
    ],
    "Yaw": [
        97.00184798871167
    ],
    "Latitude": [
        0.0
    ],
    "Longitude": [
        0.0
    ],
    "Altitude": [
        -17.0
    ],
    "HDOP": [
        99.99
    ],
    "VDOP": [
        99.99
    ],
    "Satellites": [
        0
    ],
    "Flight_Mode": [
        "GUIDED"
    ],
    "Voltage": [
        4.671
    ],
    "Current": [
        13.57
    ],
    "Armed": [
        false
    ]
}