{
    "Timestamp": [
        "2024-09-14 13:00:55"
    ],
    "Roll": [
        0.5877228370407879
    ],
    "Pitch": [
        0.26858555644482124
    ],
    "Yaw": [
        96.57927101495216
    ],
    "Latitude": [
        0.0
    ],
    "Longitude": [
        0.0
    ],
    "Altitude": [
        -17.0
    ],
    "HDOP": [
        99.99
    ],
    "VDOP": [
        99.99
    ],
    "Satellites": [
        0
    ],
    "Flight_Mode": [
        "GUIDED"
    ],
    "Voltage": [
        4.692
    ],
    "Current": [
        13.21
    ],
    "Armed": [
        false
    ]
}