{
    "Timestamp": [
        "2024-09-14 13:11:54"
    ],
    "Roll": [
        0.5593273927835176
    ],
    "Pitch": [
        0.19478450868918723
    ],
    "Yaw": [
        97.92354103606988
    ],
    "Latitude": [
        0.0
    ],
    "Longitude": [
        0.0
    ],
    "Altitude": [
        -17.0
    ],
    "HDOP": [
        99.99
    ],
    "VDOP": [
        99.99
    ],
    "Satellites": [
        0
    ],
    "Flight_Mode": [
        "GUIDED"
    ],
    "Voltage": [
        4.64
    ],
    "Current": [
        13.33
    ],
    "Armed": [
        false
    ]
}