{
    "Timestamp": [
        "2024-09-14 13:01:31"
    ],
    "Roll": [
        0.5946108693753341
    ],
    "Pitch": [
        0.29141391628085506
    ],
    "Yaw": [
        97.45087828512666
    ],
    "Latitude": [
        0.0
    ],
    "Longitude": [
        0.0
    ],
    "Altitude": [
        -17.0
    ],
    "HDOP": [
        99.99
    ],
    "VDOP": [
        99.99
    ],
    "Satellites": [
        0
    ],
    "Flight_Mode": [
        "GUIDED"
    ],
    "Voltage": [
        4.694
    ],
    "Current": [
        13.19
    ],
    "Armed": [
        false
    ]
}