{
    "Roll": [
        2.9952938697010554,
        2.9857770683097002,
        2.981739786179988,
        2.981842239017538,
        2.9798311751937927
    ],
    "Pitch": [
        1.66785108682072,
        1.6594931764324456,
        1.6638626832322556,
        1.6673356209817956,
        1.676572811504003
    ],
    "Yaw": [
        83.69452212688414,
        83.73342688439652,
        83.75117171586022,
        83.7572574144107,
        83.76406711301321
    ],
    "Latitude": [
        0.0,
        0.0,
        0.0,
        0.0,
        0.0
    ],
    "Longitude": [
        0.0,
        0.0,
        0.0,
        0.0,
        0.0
    ],
    "Altitude": [
        -17.0,
        -17.0,
        -17.0,
        -17.0,
        -17.0
    ],
    "HDOP": [
        99.99,
        99.99,
        99.99,
        99.99,
        99.99
    ],
    "VDOP": [
        99.99,
        99.99,
        99.99,
        99.99,
        99.99
    ],
    "Satellites": [
        0,
        0,
        0,
        0,
        0
    ],
    "Flight_Mode": [
        "STABILIZE",
        "STABILIZE",
        "STABILIZE",
        "STABILIZE",
        "STABILIZE"
    ],
    "Voltage": [
        4.654,
        4.654,
        4.655,
        4.658,
        4.655
    ],
    "Current": [
        13.56,
        13.56,
        13.57,
        13.59,
        13.59
    ],
    "Armed": [
        false,
        false,
        false,
        false,
        false
    ]
}