{
    "Roll": [
        2.9842432639542094,
        2.9833030457262746,
        2.9799861351105874,
        2.9855602098035523,
        2.9833978146010085
    ],
    "Pitch": [
        1.6411843207536976,
        1.6400730276313953,
        1.643335190012017,
        1.6486075624427379,
        1.6511410290162838
    ],
    "Yaw": [
        82.62403340845721,
        82.6101408036854,
        82.59311997227373,
        82.62598001237066,
        82.63284435248653
    ],
    "Latitude": [
        0.0,
        0.0,
        0.0,
        0.0,
        0.0
    ],
    "Longitude": [
        0.0,
        0.0,
        0.0,
        0.0,
        0.0
    ],
    "Altitude": [
        -17.0,
        -17.0,
        -17.0,
        -17.0,
        -17.0
    ],
    "HDOP": [
        99.99,
        99.99,
        99.99,
        99.99,
        99.99
    ],
    "VDOP": [
        99.99,
        99.99,
        99.99,
        99.99,
        99.99
    ],
    "Satellites": [
        0,
        0,
        0,
        0,
        0
    ],
    "Flight_Mode": [
        "STABILIZE",
        "STABILIZE",
        "STABILIZE",
        "STABILIZE",
        "STABILIZE"
    ],
    "Voltage": [
        4.682,
        4.668,
        4.68,
        4.679,
        4.651
    ],
    "Current": [
        13.29,
        13.54,
        13.3,
        13.31,
        13.53
    ],
    "Armed": [
        false,
        false,
        false,
        false,
        false
    ]
}