{
    "Timestamp": [
        "2024-09-12 21:51:22"
    ],
    "Roll": [
        -0.6958052445709505
    ],
    "Pitch": [
        0.6867354470442611
    ],
    "Yaw": [
        22.937330808486287
    ],
    "Latitude": [
        0.0
    ],
    "Longitude": [
        0.0
    ],
    "Altitude": [
        -17.0
    ],
    "HDOP": [
        99.99
    ],
    "VDOP": [
        99.99
    ],
    "Satellites": [
        0
    ],
    "Flight_Mode": [
        "STABILIZE"
    ],
    "Voltage": [
        4.632
    ],
    "Current": [
        13.29
    ],
    "Armed": [
        false
    ]
}