{
    "Roll": [
        2.977102301176961,
        2.9823937767930166,
        2.9782779474878494,
        2.9751644484433815,
        2.98107085452815
    ],
    "Pitch": [
        1.6473914686053583,
        1.6505092365180576,
        1.6524351364205896,
        1.6462668352698333,
        1.6436787271829274
    ],
    "Yaw": [
        81.49289944038973,
        81.5184853290206,
        81.52892868826156,
        81.54819665191016,
        81.5410591042275
    ],
    "Latitude": [
        0.0,
        0.0,
        0.0,
        0.0,
        0.0
    ],
    "Longitude": [
        0.0,
        0.0,
        0.0,
        0.0,
        0.0
    ],
    "Altitude": [
        -17.0,
        -17.0,
        -17.0,
        -17.0,
        -17.0
    ],
    "HDOP": [
        99.99,
        99.99,
        99.99,
        99.99,
        99.99
    ],
    "VDOP": [
        99.99,
        99.99,
        99.99,
        99.99,
        99.99
    ],
    "Satellites": [
        0,
        0,
        0,
        0,
        0
    ],
    "Flight_Mode": [
        "STABILIZE",
        "STABILIZE",
        "STABILIZE",
        "STABILIZE",
        "STABILIZE"
    ],
    "Voltage": [
        4.677,
        4.674,
        4.683,
        4.647,
        4.67
    ],
    "Current": [
        13.42,
        13.58,
        13.3,
        13.46,
        13.61
    ],
    "Armed": [
        false,
        false,
        false,
        false,
        false
    ]
}