{
    "Roll": [
        2.987993678138781,
        2.989280955353917,
        2.983625345277735,
        2.9815935774430673,
        2.9832146801538877
    ],
    "Pitch": [
        1.6361821676820152,
        1.6433880172563788,
        1.6421005265978312,
        1.6472779167104068,
        1.6466172026299137
    ],
    "Yaw": [
        80.8827791324,
        80.99861231053426,
        81.11747809265998,
        81.25505859311156,
        81.32545735288687
    ],
    "Latitude": [
        0.0,
        0.0,
        0.0,
        0.0,
        0.0
    ],
    "Longitude": [
        0.0,
        0.0,
        0.0,
        0.0,
        0.0
    ],
    "Altitude": [
        -17.0,
        -17.0,
        -17.0,
        -17.0,
        -17.0
    ],
    "HDOP": [
        99.99,
        99.99,
        99.99,
        99.99,
        99.99
    ],
    "VDOP": [
        99.99,
        99.99,
        99.99,
        99.99,
        99.99
    ],
    "Satellites": [
        0,
        0,
        0,
        0,
        0
    ],
    "Flight_Mode": [
        "STABILIZE",
        "STABILIZE",
        "STABILIZE",
        "STABILIZE",
        "STABILIZE"
    ],
    "Voltage": [
        4.677,
        4.676,
        4.656,
        4.682,
        4.679
    ],
    "Current": [
        13.41,
        13.4,
        13.56,
        13.33,
        13.35
    ],
    "Armed": [
        false,
        false,
        false,
        false,
        false
    ]
}