{
    "Timestamp": [
        "2024-09-13 16:09:28"
    ],
    "Roll": [
        -1.3303748550249748
    ],
    "Pitch": [
        1.359949680852836
    ],
    "Yaw": [
        11.653070266549733
    ],
    "Latitude": [
        0.0
    ],
    "Longitude": [
        0.0
    ],
    "Altitude": [
        -17.0
    ],
    "HDOP": [
        99.99
    ],
    "VDOP": [
        99.99
    ],
    "Satellites": [
        0
    ],
    "Flight_Mode": [
        "STABILIZE"
    ],
    "Voltage": [
        15.114
    ],
    "Current": [
        40.7
    ],
    "Armed": [
        false
    ]
}