{
    "Timestamp": [
        "2024-09-13 15:13:36"
    ],
    "Roll": [
        -1.3623571090918538
    ],
    "Pitch": [
        1.2699938483279465
    ],
    "Yaw": [
        10.191669331355465
    ],
    "Latitude": [
        0.0
    ],
    "Longitude": [
        0.0
    ],
    "Altitude": [
        -17.0
    ],
    "HDOP": [
        99.99
    ],
    "VDOP": [
        99.99
    ],
    "Satellites": [
        0
    ],
    "Flight_Mode": [
        "STABILIZE"
    ],
    "Voltage": [
        15.133
    ],
    "Current": [
        41.09
    ],
    "Armed": [
        true
    ]
}