{
    "Timestamp": [
        "2024-09-17 11:24:07"
    ],
    "Roll": [
        1.676873126384072
    ],
    "Pitch": [
        1.4322146830971574
    ],
    "Yaw": [
        12.68066112812075
    ],
    "Latitude": [
        0.0
    ],
    "Longitude": [
        0.0
    ],
    "Altitude": [
        -17.0
    ],
    "HDOP": [
        99.99
    ],
    "VDOP": [
        99.99
    ],
    "Satellites": [
        0
    ],
    "Flight_Mode": [
        "STABILIZE"
    ],
    "Voltage": [
        15.121
    ],
    "Current": [
        40.8
    ],
    "Armed": [
        false
    ]
}