{
    "Timestamp": [
        "2024-09-13 16:07:42"
    ],
    "Roll": [
        -1.397208469496961
    ],
    "Pitch": [
        1.3637048975141677
    ],
    "Yaw": [
        12.527892848276014
    ],
    "Latitude": [
        0.0
    ],
    "Longitude": [
        0.0
    ],
    "Altitude": [
        -17.0
    ],
    "HDOP": [
        99.99
    ],
    "VDOP": [
        99.99
    ],
    "Satellites": [
        0
    ],
    "Flight_Mode": [
        "STABILIZE"
    ],
    "Voltage": [
        15.116
    ],
    "Current": [
        40.73
    ],
    "Armed": [
        false
    ]
}