{
    "Roll": [
        2.981846080998946,
        2.983000169525267,
        2.980411100943009,
        2.9899868127159555,
        2.9855836885788243
    ],
    "Pitch": [
        1.6504226852146688,
        1.6464503966037773,
        1.6475139851235954,
        1.6471419532572413,
        1.642393691123613
    ],
    "Yaw": [
        80.94627940111361,
        80.95517913760214,
        80.94138898566788,
        80.85661267768968,
        80.85879833822409
    ],
    "Latitude": [
        0.0,
        0.0,
        0.0,
        0.0,
        0.0
    ],
    "Longitude": [
        0.0,
        0.0,
        0.0,
        0.0,
        0.0
    ],
    "Altitude": [
        -17.0,
        -17.0,
        -17.0,
        -17.0,
        -17.0
    ],
    "HDOP": [
        99.99,
        99.99,
        99.99,
        99.99,
        99.99
    ],
    "VDOP": [
        99.99,
        99.99,
        99.99,
        99.99,
        99.99
    ],
    "Satellites": [
        0,
        0,
        0,
        0,
        0
    ],
    "Flight_Mode": [
        "STABILIZE",
        "STABILIZE",
        "STABILIZE",
        "STABILIZE",
        "STABILIZE"
    ],
    "Voltage": [
        4.676,
        4.684,
        4.681,
        4.686,
        4.678
    ],
    "Current": [
        13.48,
        13.3,
        13.3,
        13.29,
        13.42
    ],
    "Armed": [
        false,
        false,
        false,
        false,
        false
    ]
}