{
    "Timestamp": [
        "2024-09-16 13:40:24"
    ],
    "Roll": [
        0.03497974661716249
    ],
    "Pitch": [
        1.4041370560797044
    ],
    "Yaw": [
        6.767429123050443
    ],
    "Latitude": [
        0.0
    ],
    "Longitude": [
        0.0
    ],
    "Altitude": [
        -17.0
    ],
    "HDOP": [
        99.99
    ],
    "VDOP": [
        99.99
    ],
    "Satellites": [
        0
    ],
    "Flight_Mode": [
        "STABILIZE"
    ],
    "Voltage": [
        16.279
    ],
    "Current": [
        44.25
    ],
    "Armed": [
        false
    ]
}