{
    "Roll": [
        2.9870891049605772,
        2.987592831411866,
        2.988557168745307,
        2.9894549117343407,
        2.989708695950689
    ],
    "Pitch": [
        1.6512848898756771,
        1.6512572489538797,
        1.648861453380792,
        1.648652919167695,
        1.644079360466431
    ],
    "Yaw": [
        82.56437853624631,
        82.52834245818534,
        82.44961769781176,
        82.38396591950959,
        82.3180272732623
    ],
    "Latitude": [
        0.0,
        0.0,
        0.0,
        0.0,
        0.0
    ],
    "Longitude": [
        0.0,
        0.0,
        0.0,
        0.0,
        0.0
    ],
    "Altitude": [
        -17.0,
        -17.0,
        -17.0,
        -17.0,
        -17.0
    ],
    "HDOP": [
        99.99,
        99.99,
        99.99,
        99.99,
        99.99
    ],
    "VDOP": [
        99.99,
        99.99,
        99.99,
        99.99,
        99.99
    ],
    "Satellites": [
        0,
        0,
        0,
        0,
        0
    ],
    "Flight_Mode": [
        "STABILIZE",
        "STABILIZE",
        "STABILIZE",
        "STABILIZE",
        "STABILIZE"
    ],
    "Voltage": [
        4.669,
        4.668,
        4.682,
        4.683,
        4.681
    ],
    "Current": [
        13.68,
        13.68,
        13.35,
        13.27,
        13.31
    ],
    "Armed": [
        false,
        false,
        false,
        false,
        false
    ]
}