{
    "Timestamp": [
        "2024-09-14 13:16:09"
    ],
    "Roll": [
        0.5612170073060839
    ],
    "Pitch": [
        0.18584773976875446
    ],
    "Yaw": [
        97.07874908857686
    ],
    "Latitude": [
        0.0
    ],
    "Longitude": [
        0.0
    ],
    "Altitude": [
        -17.0
    ],
    "HDOP": [
        99.99
    ],
    "VDOP": [
        99.99
    ],
    "Satellites": [
        0
    ],
    "Flight_Mode": [
        "GUIDED"
    ],
    "Voltage": [
        4.646
    ],
    "Current": [
        13.33
    ],
    "Armed": [
        false
    ]
}