{
    "Timestamp": [
        "2024-09-14 13:01:40"
    ],
    "Roll": [
        0.5632011772599727
    ],
    "Pitch": [
        0.2349938856939052
    ],
    "Yaw": [
        95.9271791945127
    ],
    "Latitude": [
        0.0
    ],
    "Longitude": [
        0.0
    ],
    "Altitude": [
        -17.0
    ],
    "HDOP": [
        99.99
    ],
    "VDOP": [
        99.99
    ],
    "Satellites": [
        0
    ],
    "Flight_Mode": [
        "GUIDED"
    ],
    "Voltage": [
        4.665
    ],
    "Current": [
        13.5
    ],
    "Armed": [
        false
    ]
}