{
    "Timestamp": [
        "2024-09-14 13:07:43"
    ],
    "Roll": [
        0.5851194677499552
    ],
    "Pitch": [
        0.32045395964104517
    ],
    "Yaw": [
        96.83773903352377
    ],
    "Latitude": [
        0.0
    ],
    "Longitude": [
        0.0
    ],
    "Altitude": [
        -17.0
    ],
    "HDOP": [
        99.99
    ],
    "VDOP": [
        99.99
    ],
    "Satellites": [
        0
    ],
    "Flight_Mode": [
        "GUIDED"
    ],
    "Voltage": [
        4.68
    ],
    "Current": [
        13.2
    ],
    "Armed": [
        false
    ]
}