{
    "Roll": [
        2.984430026939327,
        2.989628654671353,
        2.994969222272068,
        2.9880382878117975,
        2.9807991410652304
    ],
    "Pitch": [
        1.6416308443706873,
        1.648043538227683,
        1.6466535947315852,
        1.6488966715437,
        1.647984948011209
    ],
    "Yaw": [
        82.52145762750196,
        82.56557381935107,
        82.56451514002971,
        82.53598543986658,
        82.50141102228797
    ],
    "Latitude": [
        0.0,
        0.0,
        0.0,
        0.0,
        0.0
    ],
    "Longitude": [
        0.0,
        0.0,
        0.0,
        0.0,
        0.0
    ],
    "Altitude": [
        -17.0,
        -17.0,
        -17.0,
        -17.0,
        -17.0
    ],
    "HDOP": [
        99.99,
        99.99,
        99.99,
        99.99,
        99.99
    ],
    "VDOP": [
        99.99,
        99.99,
        99.99,
        99.99,
        99.99
    ],
    "Satellites": [
        0,
        0,
        0,
        0,
        0
    ],
    "Flight_Mode": [
        "STABILIZE",
        "STABILIZE",
        "STABILIZE",
        "STABILIZE",
        "STABILIZE"
    ],
    "Voltage": [
        4.683,
        4.682,
        4.681,
        4.682,
        4.68
    ],
    "Current": [
        13.31,
        13.28,
        13.31,
        13.29,
        13.34
    ],
    "Armed": [
        false,
        false,
        false,
        false,
        false
    ]
}