{
    "Timestamp": [
        "2024-09-14 13:17:00"
    ],
    "Roll": [
        0.5664521338614872
    ],
    "Pitch": [
        0.18346130902534902
    ],
    "Yaw": [
        96.06846848768359
    ],
    "Latitude": [
        0.0
    ],
    "Longitude": [
        0.0
    ],
    "Altitude": [
        -17.0
    ],
    "HDOP": [
        99.99
    ],
    "VDOP": [
        99.99
    ],
    "Satellites": [
        0
    ],
    "Flight_Mode": [
        "GUIDED"
    ],
    "Voltage": [
        4.65
    ],
    "Current": [
        13.37
    ],
    "Armed": [
        false
    ]
}